instance_id,kind,src,dst,commits_src,commits_dst,co_commits,jaccard
UXARRAY__uxarray-1117,gold,uxarray/grid/coordinates.py,uxarray/grid/connectivity.py,42,22,9,0.163636
UXARRAY__uxarray-1117,random,uxarray/grid/coordinates.py,benchmarks/quad_hexagon.py,42,2,0,0.0
UXARRAY__uxarray-1117,random,uxarray/grid/coordinates.py,uxarray/grid/arcs.py,42,19,10,0.196078
UXARRAY__uxarray-1117,random,uxarray/grid/coordinates.py,uxarray/io/_voronoi.py,42,1,1,0.02381
UXARRAY__uxarray-1117,random,uxarray/grid/coordinates.py,uxarray/core/aggregation.py,42,1,0,0.0
UXARRAY__uxarray-1117,random,uxarray/grid/coordinates.py,uxarray/grid/neighbors.py,42,29,5,0.075758
UXARRAY__uxarray-1117,random,uxarray/grid/coordinates.py,uxarray/conventions/descriptors.py,42,5,2,0.044444
UXARRAY__uxarray-1117,random,uxarray/grid/coordinates.py,uxarray/io/_scrip.py,42,17,10,0.204082
UXARRAY__uxarray-1117,random,uxarray/grid/coordinates.py,uxarray/grid/__init__.py,42,6,3,0.066667
UXARRAY__uxarray-1117,random,uxarray/grid/coordinates.py,uxarray/cross_sections/dataarray_accessor.py,42,7,2,0.042553
UXARRAY__uxarray-1117,random,uxarray/grid/coordinates.py,uxarray/remap/nearest_neighbor.py,42,27,4,0.061538
UXARRAY__uxarray-1117,gold-other,uxarray/grid/connectivity.py,uxarray/grid/coordinates.py,22,42,9,0.163636
Chainlit__chainlit-1575,random,backend/chainlit/config.py,cypress/e2e/tasklist/main.py,60,6,1,0.015385
Chainlit__chainlit-1575,random,backend/chainlit/config.py,backend/chainlit/step.py,60,20,5,0.066667
Chainlit__chainlit-1575,random,backend/chainlit/config.py,cypress/e2e/copilot/main.py,60,3,3,0.05
Chainlit__chainlit-1575,random,backend/chainlit/config.py,cypress/e2e/readme/main.py,60,2,0,0.0
Chainlit__chainlit-1575,random,backend/chainlit/config.py,backend/chainlit/data/acl.py,60,4,3,0.04918
Chainlit__chainlit-1575,random,backend/chainlit/config.py,backend/chainlit/version.py,60,2,2,0.033333
Chainlit__chainlit-1575,random,backend/chainlit/config.py,cypress/e2e/action/main.py,60,15,0,0.0
Chainlit__chainlit-1575,random,backend/chainlit/config.py,backend/chainlit/data/utils.py,60,3,0,0.0
Chainlit__chainlit-1575,random,backend/chainlit/config.py,backend/chainlit/hello.py,60,2,2,0.033333
Chainlit__chainlit-1575,random,backend/chainlit/config.py,cypress/e2e/stop_task/main_sync.py,60,5,3,0.048387
Chainlit__chainlit-1575,random,backend/chainlit/server.py,cypress/e2e/step/main.py,65,2,2,0.030769
Chainlit__chainlit-1575,random,backend/chainlit/server.py,backend/chainlit/secret.py,65,4,2,0.029851
Chainlit__chainlit-1575,random,backend/chainlit/server.py,cypress/e2e/ask_file/main.py,65,5,1,0.014493
Chainlit__chainlit-1575,random,backend/chainlit/server.py,backend/chainlit/data/literalai.py,65,5,1,0.014493
Chainlit__chainlit-1575,random,backend/chainlit/server.py,backend/chainlit/oauth_providers.py,65,22,5,0.060976
Chainlit__chainlit-1575,random,backend/chainlit/server.py,backend/chainlit/cli/__init__.py,65,15,8,0.111111
Chainlit__chainlit-1575,random,backend/chainlit/server.py,cypress/e2e/user_session/main.py,65,4,1,0.014706
Chainlit__chainlit-1575,random,backend/chainlit/server.py,backend/chainlit/chat_settings.py,65,3,2,0.030303
Chainlit__chainlit-1575,random,backend/chainlit/server.py,backend/chainlit/slack/__init__.py,65,2,2,0.030769
Chainlit__chainlit-1575,random,backend/chainlit/server.py,backend/chainlit/__init__.py,65,30,14,0.17284
Chainlit__chainlit-1575,random,backend/chainlit/socket.py,cypress/e2e/file_element/main.py,47,2,1,0.020833
Chainlit__chainlit-1575,random,backend/chainlit/socket.py,backend/chainlit/auth.py,47,16,7,0.125
Chainlit__chainlit-1575,random,backend/chainlit/socket.py,backend/chainlit/callbacks.py,47,4,2,0.040816
Chainlit__chainlit-1575,random,backend/chainlit/socket.py,backend/chainlit/cache.py,47,4,1,0.02
Chainlit__chainlit-1575,random,backend/chainlit/socket.py,backend/chainlit/emitter.py,47,31,22,0.392857
Chainlit__chainlit-1575,random,backend/chainlit/socket.py,backend/build.py,47,4,1,0.02
Chainlit__chainlit-1575,random,backend/chainlit/socket.py,backend/chainlit/chat_settings.py,47,3,2,0.041667
Chainlit__chainlit-1575,random,backend/chainlit/socket.py,cypress/e2e/tasklist/main.py,47,6,2,0.039216
Chainlit__chainlit-1575,random,backend/chainlit/socket.py,backend/chainlit/chat_context.py,47,4,3,0.0625
Chainlit__chainlit-1575,random,backend/chainlit/socket.py,backend/chainlit/message.py,47,36,13,0.185714
Chainlit__chainlit-1575,gold-other,backend/chainlit/config.py,backend/chainlit/server.py,60,65,26,0.262626
Chainlit__chainlit-1575,gold-other,backend/chainlit/config.py,backend/chainlit/socket.py,60,47,18,0.202247
Chainlit__chainlit-1575,gold-other,backend/chainlit/server.py,backend/chainlit/config.py,65,60,26,0.262626
Chainlit__chainlit-1575,gold-other,backend/chainlit/server.py,backend/chainlit/socket.py,65,47,14,0.142857
Chainlit__chainlit-1575,gold-other,backend/chainlit/socket.py,backend/chainlit/config.py,47,60,18,0.202247
Chainlit__chainlit-1575,gold-other,backend/chainlit/socket.py,backend/chainlit/server.py,47,65,14,0.142857
huggingface__transformers-22496,random,src/transformers/models/whisper/modeling_whisper.py,src/transformers/commands/transformers_cli.py,36,7,0,0.0
huggingface__transformers-22496,random,src/transformers/models/whisper/modeling_whisper.py,src/transformers/models/sew/convert_sew_original_pytorch_checkpoint_to_pytorch.py,36,4,1,0.025641
huggingface__transformers-22496,random,src/transformers/models/whisper/modeling_whisper.py,src/transformers/models/levit/convert_levit_timm_to_pytorch.py,36,4,1,0.025641
huggingface__transformers-22496,random,src/transformers/models/whisper/modeling_whisper.py,src/transformers/models/gptsan_japanese/configuration_gptsan_japanese.py,36,2,0,0.0
huggingface__transformers-22496,random,src/transformers/models/whisper/modeling_whisper.py,src/transformers/onnx/convert.py,36,35,1,0.014286
huggingface__transformers-22496,random,src/transformers/models/whisper/modeling_whisper.py,src/transformers/models/bloom/configuration_bloom.py,36,12,0,0.0
huggingface__transformers-22496,random,src/transformers/models/whisper/modeling_whisper.py,examples/research_projects/distillation/lm_seqs_dataset.py,36,1,0,0.0
huggingface__transformers-22496,random,src/transformers/models/whisper/modeling_whisper.py,src/transformers/models/cpm/tokenization_cpm.py,36,8,1,0.023256
huggingface__transformers-22496,random,src/transformers/models/whisper/modeling_whisper.py,src/transformers/models/convnext/convert_convnext_to_pytorch.py,36,4,1,0.025641
huggingface__transformers-22496,random,src/transformers/models/whisper/modeling_whisper.py,src/transformers/models/bloom/__init__.py,36,5,0,0.0
huggingface__transformers-22496,random,src/transformers/models/whisper/processing_whisper.py,examples/legacy/seq2seq/xla_spawn.py,5,2,0,0.0
huggingface__transformers-22496,random,src/transformers/models/whisper/processing_whisper.py,utils/sort_auto_mappings.py,5,2,0,0.0
huggingface__transformers-22496,random,src/transformers/models/whisper/processing_whisper.py,src/transformers/models/tvlt/image_processing_tvlt.py,5,2,0,0.0
huggingface__transformers-22496,random,src/transformers/models/whisper/processing_whisper.py,src/transformers/models/qdqbert/modeling_qdqbert.py,5,20,0,0.0
huggingface__transformers-22496,random,src/transformers/models/whisper/processing_whisper.py,src/transformers/models/mobilenet_v2/modeling_mobilenet_v2.py,5,5,0,0.0
huggingface__transformers-22496,random,src/transformers/models/whisper/processing_whisper.py,src/transformers/models/splinter/modeling_splinter.py,5,27,0,0.0
huggingface__transformers-22496,random,src/transformers/models/whisper/processing_whisper.py,src/transformers/models/esm/configuration_esm.py,5,7,0,0.0
huggingface__transformers-22496,random,src/transformers/models/whisper/processing_whisper.py,src/transformers/models/mbart50/tokenization_mbart50.py,5,11,0,0.0
huggingface__transformers-22496,random,src/transformers/models/whisper/processing_whisper.py,src/transformers/generation_utils.py,5,136,1,0.007143
huggingface__transformers-22496,random,src/transformers/models/whisper/processing_whisper.py,src/transformers/models/maskformer/convert_maskformer_swin_to_pytorch.py,5,2,0,0.0
huggingface__transformers-22496,random,src/transformers/models/whisper/tokenization_whisper.py,src/transformers/models/clip/modeling_tf_clip.py,13,23,1,0.028571
huggingface__transformers-22496,random,src/transformers/models/whisper/tokenization_whisper.py,examples/research_projects/rag-end2end-retriever/finetune_rag.py,13,8,1,0.05
huggingface__transformers-22496,random,src/transformers/models/whisper/tokenization_whisper.py,utils/release.py,13,12,0,0.0
huggingface__transformers-22496,random,src/transformers/models/whisper/tokenization_whisper.py,src/transformers/models/codegen/tokenization_codegen.py,13,4,2,0.133333
huggingface__transformers-22496,random,src/transformers/models/whisper/tokenization_whisper.py,src/transformers/models/dialogpt/__init__.py,13,1,0,0.0
huggingface__transformers-22496,random,src/transformers/models/whisper/tokenization_whisper.py,src/transformers/models/nystromformer/convert_nystromformer_original_pytorch_checkpoint_to_pytorch.py,13,2,1,0.071429
huggingface__transformers-22496,random,src/transformers/models/whisper/tokenization_whisper.py,src/transformers/models/longformer/tokenization_longformer.py,13,10,1,0.045455
huggingface__transformers-22496,random,src/transformers/models/whisper/tokenization_whisper.py,src/transformers/models/encoder_decoder/modeling_encoder_decoder.py,13,39,1,0.019608
huggingface__transformers-22496,random,src/transformers/models/whisper/tokenization_whisper.py,docs/source/fr/_config.py,13,1,0,0.0
huggingface__transformers-22496,random,src/transformers/models/whisper/tokenization_whisper.py,src/transformers/pipelines/question_answering.py,13,34,1,0.021739
huggingface__transformers-22496,random,src/transformers/models/whisper/tokenization_whisper_fast.py,src/transformers/models/pegasus/configuration_pegasus.py,3,13,0,0.0
huggingface__transformers-22496,random,src/transformers/models/whisper/tokenization_whisper_fast.py,src/transformers/models/deberta_v2/__init__.py,3,12,0,0.0
huggingface__transformers-22496,random,src/transformers/models/whisper/tokenization_whisper_fast.py,src/transformers/models/clap/__init__.py,3,1,0,0.0
huggingface__transformers-22496,random,src/transformers/models/whisper/tokenization_whisper_fast.py,src/transformers/models/align/configuration_align.py,3,2,0,0.0
huggingface__transformers-22496,random,src/transformers/models/whisper/tokenization_whisper_fast.py,src/transformers/utils/dummy_detectron2_objects.py,3,2,0,0.0
huggingface__transformers-22496,random,src/transformers/models/whisper/tokenization_whisper_fast.py,src/transformers/models/vision_text_dual_encoder/modeling_tf_vision_text_dual_encoder.py,3,3,0,0.0
huggingface__transformers-22496,random,src/transformers/models/whisper/tokenization_whisper_fast.py,src/transformers/models/conditional_detr/__init__.py,3,4,0,0.0
huggingface__transformers-22496,random,src/transformers/models/whisper/tokenization_whisper_fast.py,src/transformers/models/mobilevit/convert_mlcvnets_to_pytorch.py,3,3,0,0.0
huggingface__transformers-22496,random,src/transformers/models/whisper/tokenization_whisper_fast.py,src/transformers/models/xlm_roberta/tokenization_xlm_roberta.py,3,18,0,0.0
huggingface__transformers-22496,random,src/transformers/models/whisper/tokenization_whisper_fast.py,examples/legacy/token-classification/scripts/preprocess.py,3,1,0,0.0
huggingface__transformers-22496,gold-other,src/transformers/models/whisper/modeling_whisper.py,src/transformers/models/whisper/processing_whisper.py,36,5,2,0.051282
huggingface__transformers-22496,gold-other,src/transformers/models/whisper/modeling_whisper.py,src/transformers/models/whisper/tokenization_whisper.py,36,13,3,0.065217
huggingface__transformers-22496,gold-other,src/transformers/models/whisper/modeling_whisper.py,src/transformers/models/whisper/tokenization_whisper_fast.py,36,3,0,0.0
huggingface__transformers-22496,gold-other,src/transformers/models/whisper/processing_whisper.py,src/transformers/models/whisper/modeling_whisper.py,5,36,2,0.051282
huggingface__transformers-22496,gold-other,src/transformers/models/whisper/processing_whisper.py,src/transformers/models/whisper/tokenization_whisper.py,5,13,3,0.2
huggingface__transformers-22496,gold-other,src/transformers/models/whisper/processing_whisper.py,src/transformers/models/whisper/tokenization_whisper_fast.py,5,3,0,0.0
huggingface__transformers-22496,gold-other,src/transformers/models/whisper/tokenization_whisper.py,src/transformers/models/whisper/modeling_whisper.py,13,36,3,0.065217
huggingface__transformers-22496,gold-other,src/transformers/models/whisper/tokenization_whisper.py,src/transformers/models/whisper/processing_whisper.py,13,5,3,0.2
huggingface__transformers-22496,gold-other,src/transformers/models/whisper/tokenization_whisper.py,src/transformers/models/whisper/tokenization_whisper_fast.py,13,3,2,0.142857
huggingface__transformers-22496,gold-other,src/transformers/models/whisper/tokenization_whisper_fast.py,src/transformers/models/whisper/modeling_whisper.py,3,36,0,0.0
huggingface__transformers-22496,gold-other,src/transformers/models/whisper/tokenization_whisper_fast.py,src/transformers/models/whisper/processing_whisper.py,3,5,0,0.0
huggingface__transformers-22496,gold-other,src/transformers/models/whisper/tokenization_whisper_fast.py,src/transformers/models/whisper/tokenization_whisper.py,3,13,2,0.142857
avantifellows__quiz-backend-84,random,app/models.py,app/schemas.py,52,12,6,0.103448
avantifellows__quiz-backend-84,random,app/models.py,app/database.py,52,5,1,0.017857
avantifellows__quiz-backend-84,random,app/models.py,app/scripts/find_and_replace_some_text_in_all_quizzes.py,52,2,0,0.0
avantifellows__quiz-backend-84,random,app/models.py,app/__init__.py,52,1,1,0.019231
avantifellows__quiz-backend-84,random,app/models.py,app/routers/questions.py,52,9,4,0.070175
avantifellows__quiz-backend-84,random,app/models.py,app/routers/__init__.py,52,1,1,0.019231
avantifellows__quiz-backend-84,random,app/models.py,app/main.py,52,12,4,0.066667
avantifellows__quiz-backend-84,random,app/models.py,app/scripts/add_marking_scheme_to_questions_without_details.py,52,1,0,0.0
avantifellows__quiz-backend-84,random,app/models.py,app/scripts/tag_all_questions_with_question_set_ids.py,52,2,1,0.018868
avantifellows__quiz-backend-84,random,app/models.py,app/utils.py,52,3,0,0.0
avantifellows__quiz-backend-84,random,app/routers/session_answers.py,app/scripts/tag_all_questions_with_question_set_ids.py,4,2,0,0.0
avantifellows__quiz-backend-84,random,app/routers/session_answers.py,app/scripts/add_marking_scheme_to_questions_without_details.py,4,1,0,0.0
avantifellows__quiz-backend-84,random,app/routers/session_answers.py,app/database.py,4,5,0,0.0
avantifellows__quiz-backend-84,random,app/routers/session_answers.py,app/utils.py,4,3,1,0.166667
avantifellows__quiz-backend-84,random,app/routers/session_answers.py,app/scripts/update_specific_user_ids.py,4,2,0,0.0
avantifellows__quiz-backend-84,random,app/routers/session_answers.py,app/scripts/find_and_replace_some_text_in_all_quizzes.py,4,2,0,0.0
avantifellows__quiz-backend-84,random,app/routers/session_answers.py,app/settings.py,4,3,0,0.0
avantifellows__quiz-backend-84,random,app/routers/session_answers.py,app/__init__.py,4,1,0,0.0
avantifellows__quiz-backend-84,random,app/routers/session_answers.py,app/routers/organizations.py,4,12,0,0.0
avantifellows__quiz-backend-84,random,app/routers/session_answers.py,app/main.py,4,12,1,0.066667
avantifellows__quiz-backend-84,random,app/routers/sessions.py,app/scripts/tag_all_questions_with_question_set_ids.py,24,2,0,0.0
avantifellows__quiz-backend-84,random,app/routers/sessions.py,app/scripts/add_marking_scheme_to_questions_without_details.py,24,1,0,0.0
avantifellows__quiz-backend-84,random,app/routers/sessions.py,app/scripts/update_specific_user_ids.py,24,2,0,0.0
avantifellows__quiz-backend-84,random,app/routers/sessions.py,app/database.py,24,5,0,0.0
avantifellows__quiz-backend-84,random,app/routers/sessions.py,app/utils.py,24,3,0,0.0
avantifellows__quiz-backend-84,random,app/routers/sessions.py,app/__init__.py,24,1,0,0.0
avantifellows__quiz-backend-84,random,app/routers/sessions.py,app/routers/questions.py,24,9,1,0.03125
avantifellows__quiz-backend-84,random,app/routers/sessions.py,app/scripts/find_and_replace_some_text_in_all_quizzes.py,24,2,0,0.0
avantifellows__quiz-backend-84,random,app/routers/sessions.py,app/main.py,24,12,1,0.028571
avantifellows__quiz-backend-84,random,app/routers/sessions.py,app/routers/quizzes.py,24,14,1,0.027027
avantifellows__quiz-backend-84,gold-other,app/models.py,app/routers/session_answers.py,52,4,3,0.056604
avantifellows__quiz-backend-84,gold-other,app/models.py,app/routers/sessions.py,52,24,6,0.085714
avantifellows__quiz-backend-84,gold-other,app/routers/session_answers.py,app/models.py,4,52,3,0.056604
avantifellows__quiz-backend-84,gold-other,app/routers/session_answers.py,app/routers/sessions.py,4,24,2,0.076923
avantifellows__quiz-backend-84,gold-other,app/routers/sessions.py,app/models.py,24,52,6,0.085714
avantifellows__quiz-backend-84,gold-other,app/routers/sessions.py,app/routers/session_answers.py,24,4,2,0.076923
internetarchive__openlibrary-7929,gold,openlibrary/core/lending.py,openlibrary/core/waitinglist.py,219,80,14,0.049123
internetarchive__openlibrary-7929,random,openlibrary/core/lending.py,openlibrary/solr/types_generator.py,219,8,1,0.004425
internetarchive__openlibrary-7929,random,openlibrary/core/lending.py,openlibrary/core/__init__.py,219,1,0,0.0
internetarchive__openlibrary-7929,random,openlibrary/core/lending.py,scripts/oclc_to_marc.py,219,8,1,0.004425
internetarchive__openlibrary-7929,random,openlibrary/core/lending.py,openlibrary/catalog/marc/__init__.py,219,6,1,0.004464
internetarchive__openlibrary-7929,random,openlibrary/core/lending.py,openlibrary/api.py,219,50,6,0.022814
internetarchive__openlibrary-7929,random,openlibrary/core/lending.py,scripts/affiliate_server.py,219,7,0,0.0
internetarchive__openlibrary-7929,random,openlibrary/core/lending.py,openlibrary/core/lists/model.py,219,87,3,0.009901
internetarchive__openlibrary-7929,random,openlibrary/core/lending.py,openlibrary/core/cache.py,219,37,6,0.024
internetarchive__openlibrary-7929,random,openlibrary/core/lending.py,openlibrary/plugins/openlibrary/utils.py,219,2,0,0.0
internetarchive__openlibrary-7929,random,openlibrary/core/lending.py,openlibrary/coverstore/utils.py,219,26,2,0.00823
internetarchive__openlibrary-7929,gold,openlibrary/core/models.py,openlibrary/core/waitinglist.py,238,80,16,0.05298
internetarchive__openlibrary-7929,random,openlibrary/core/models.py,openlibrary/core/middleware.py,238,8,2,0.008197
internetarchive__openlibrary-7929,random,openlibrary/core/models.py,openlibrary/plugins/openlibrary/opds.py,238,18,5,0.01992
internetarchive__openlibrary-7929,random,openlibrary/core/models.py,openlibrary/core/ia.py,238,60,6,0.020548
internetarchive__openlibrary-7929,random,openlibrary/core/models.py,openlibrary/plugins/worksearch/schemes/authors.py,238,7,0,0.0
internetarchive__openlibrary-7929,random,openlibrary/core/models.py,openlibrary/plugins/admin/memory.py,238,3,1,0.004167
internetarchive__openlibrary-7929,random,openlibrary/core/models.py,openlibrary/plugins/ol_infobase.py,238,65,7,0.023649
internetarchive__openlibrary-7929,random,openlibrary/core/models.py,openlibrary/views/loanstats.py,238,49,4,0.014134
internetarchive__openlibrary-7929,random,openlibrary/core/models.py,scripts/expire_accounts.py,238,1,0,0.0
internetarchive__openlibrary-7929,random,openlibrary/core/models.py,openlibrary/core/bookshelves_events.py,238,19,1,0.003906
internetarchive__openlibrary-7929,random,openlibrary/core/models.py,openlibrary/plugins/importapi/import_validator.py,238,12,1,0.004016
internetarchive__openlibrary-7929,gold,openlibrary/plugins/upstream/borrow.py,openlibrary/core/waitinglist.py,247,80,18,0.058252
internetarchive__openlibrary-7929,random,openlibrary/plugins/upstream/borrow.py,openlibrary/plugins/importapi/metaxml_to_json.py,247,9,3,0.011858
internetarchive__openlibrary-7929,random,openlibrary/plugins/upstream/borrow.py,openlibrary/coverstore/schema.py,247,4,1,0.004
internetarchive__openlibrary-7929,random,openlibrary/plugins/upstream/borrow.py,scripts/affiliate_server.py,247,7,1,0.003953
internetarchive__openlibrary-7929,random,openlibrary/plugins/upstream/borrow.py,openlibrary/utils/decorators.py,247,1,0,0.0
internetarchive__openlibrary-7929,random,openlibrary/plugins/upstream/borrow.py,scripts/pull-templates.py,247,14,0,0.0
internetarchive__openlibrary-7929,random,openlibrary/plugins/upstream/borrow.py,openlibrary/plugins/recaptcha/__init__.py,247,1,0,0.0
internetarchive__openlibrary-7929,random,openlibrary/plugins/upstream/borrow.py,openlibrary/core/helpers.py,247,65,5,0.016287
internetarchive__openlibrary-7929,random,openlibrary/plugins/upstream/borrow.py,openlibrary/plugins/openlibrary/status.py,247,22,2,0.007491
internetarchive__openlibrary-7929,random,openlibrary/plugins/upstream/borrow.py,openlibrary/solr/read_dump.py,247,7,2,0.007937
internetarchive__openlibrary-7929,random,openlibrary/plugins/upstream/borrow.py,scripts/solr_builder/__init__.py,247,1,0,0.0
internetarchive__openlibrary-7929,gold-other,openlibrary/core/lending.py,openlibrary/core/models.py,219,238,23,0.052995
internetarchive__openlibrary-7929,gold-other,openlibrary/core/lending.py,openlibrary/plugins/upstream/borrow.py,219,247,36,0.083721
internetarchive__openlibrary-7929,gold-other,openlibrary/core/models.py,openlibrary/core/lending.py,238,219,23,0.052995
internetarchive__openlibrary-7929,gold-other,openlibrary/core/models.py,openlibrary/plugins/upstream/borrow.py,238,247,22,0.047516
internetarchive__openlibrary-7929,gold-other,openlibrary/core/waitinglist.py,openlibrary/core/lending.py,80,219,14,0.049123
internetarchive__openlibrary-7929,gold-other,openlibrary/core/waitinglist.py,openlibrary/core/models.py,80,238,16,0.05298
internetarchive__openlibrary-7929,gold-other,openlibrary/core/waitinglist.py,openlibrary/plugins/upstream/borrow.py,80,247,18,0.058252
internetarchive__openlibrary-7929,gold-other,openlibrary/plugins/upstream/borrow.py,openlibrary/core/lending.py,247,219,36,0.083721
internetarchive__openlibrary-7929,gold-other,openlibrary/plugins/upstream/borrow.py,openlibrary/core/models.py,247,238,22,0.047516
rwth-i6__sisyphus-191,gold-other,sisyphus/aws_batch_engine.py,sisyphus/load_sharing_facility_engine.py,14,10,7,0.411765
rwth-i6__sisyphus-191,gold-other,sisyphus/aws_batch_engine.py,sisyphus/simple_linux_utility_for_resource_management_engine.py,14,25,6,0.181818
rwth-i6__sisyphus-191,gold-other,sisyphus/aws_batch_engine.py,sisyphus/son_of_grid_engine.py,14,27,6,0.171429
rwth-i6__sisyphus-191,gold-other,sisyphus/load_sharing_facility_engine.py,sisyphus/aws_batch_engine.py,10,14,7,0.411765
rwth-i6__sisyphus-191,gold-other,sisyphus/load_sharing_facility_engine.py,sisyphus/simple_linux_utility_for_resource_management_engine.py,10,25,7,0.25
rwth-i6__sisyphus-191,gold-other,sisyphus/load_sharing_facility_engine.py,sisyphus/son_of_grid_engine.py,10,27,8,0.275862
rwth-i6__sisyphus-191,gold-other,sisyphus/simple_linux_utility_for_resource_management_engine.py,sisyphus/aws_batch_engine.py,25,14,6,0.181818
rwth-i6__sisyphus-191,gold-other,sisyphus/simple_linux_utility_for_resource_management_engine.py,sisyphus/load_sharing_facility_engine.py,25,10,7,0.25
rwth-i6__sisyphus-191,gold-other,sisyphus/simple_linux_utility_for_resource_management_engine.py,sisyphus/son_of_grid_engine.py,25,27,6,0.130435
rwth-i6__sisyphus-191,gold-other,sisyphus/son_of_grid_engine.py,sisyphus/aws_batch_engine.py,27,14,6,0.171429
rwth-i6__sisyphus-191,gold-other,sisyphus/son_of_grid_engine.py,sisyphus/load_sharing_facility_engine.py,27,10,8,0.275862
rwth-i6__sisyphus-191,gold-other,sisyphus/son_of_grid_engine.py,sisyphus/simple_linux_utility_for_resource_management_engine.py,27,25,6,0.130435
modin-project__modin-6836,gold,modin/core/dataframe/pandas/partitioning/partition_manager.py,modin/core/dataframe/algebra/binary.py,61,16,5,0.069444
modin-project__modin-6836,gold,modin/core/dataframe/pandas/partitioning/partition_manager.py,modin/core/dataframe/pandas/dataframe/dataframe.py,61,153,25,0.132275
modin-project__modin-6836,gold,modin/core/dataframe/pandas/partitioning/partition_manager.py,modin/core/execution/ray/common/engine_wrapper.py,61,7,3,0.046154
modin-project__modin-6836,random,modin/core/dataframe/pandas/partitioning/partition_manager.py,modin/distributed/dataframe/__init__.py,61,2,0,0.0
modin-project__modin-6836,random,modin/core/dataframe/pandas/partitioning/partition_manager.py,modin/core/storage_formats/__init__.py,61,2,1,0.016129
modin-project__modin-6836,random,modin/core/dataframe/pandas/partitioning/partition_manager.py,modin/core/storage_formats/cudf/__init__.py,61,2,2,0.032787
modin-project__modin-6836,random,modin/core/dataframe/pandas/partitioning/partition_manager.py,asv_bench/benchmarks/hdk/benchmarks.py,61,5,1,0.015385
modin-project__modin-6836,random,modin/core/dataframe/pandas/partitioning/partition_manager.py,modin/core/execution/ray/generic/partitioning/partition_manager.py,61,7,3,0.046154
modin-project__modin-6836,random,modin/core/dataframe/pandas/partitioning/partition_manager.py,modin/core/dataframe/algebra/tree_reduce.py,61,3,0,0.0
modin-project__modin-6836,random,modin/core/dataframe/pandas/partitioning/partition_manager.py,modin/core/dataframe/base/interchange/dataframe_protocol/utils.py,61,2,0,0.0
modin-project__modin-6836,random,modin/core/dataframe/pandas/partitioning/partition_manager.py,modin/core/dataframe/pandas/utils.py,61,6,2,0.030769
modin-project__modin-6836,random,modin/core/dataframe/pandas/partitioning/partition_manager.py,modin/core/dataframe/algebra/default2pandas/series.py,61,2,1,0.016129
modin-project__modin-6836,random,modin/core/dataframe/pandas/partitioning/partition_manager.py,modin/core/dataframe/pandas/interchange/dataframe_protocol/dataframe.py,61,5,1,0.015385
modin-project__modin-6836,gold-other,modin/core/dataframe/algebra/binary.py,modin/core/dataframe/pandas/dataframe/dataframe.py,16,153,10,0.062893
modin-project__modin-6836,gold-other,modin/core/dataframe/algebra/binary.py,modin/core/dataframe/pandas/partitioning/partition_manager.py,16,61,5,0.069444
modin-project__modin-6836,gold-other,modin/core/dataframe/algebra/binary.py,modin/core/execution/ray/common/engine_wrapper.py,16,7,0,0.0
modin-project__modin-6836,gold-other,modin/core/dataframe/pandas/dataframe/dataframe.py,modin/core/dataframe/algebra/binary.py,153,16,10,0.062893
modin-project__modin-6836,gold-other,modin/core/dataframe/pandas/dataframe/dataframe.py,modin/core/dataframe/pandas/partitioning/partition_manager.py,153,61,25,0.132275
modin-project__modin-6836,gold-other,modin/core/dataframe/pandas/dataframe/dataframe.py,modin/core/execution/ray/common/engine_wrapper.py,153,7,2,0.012658
modin-project__modin-6836,gold-other,modin/core/execution/ray/common/engine_wrapper.py,modin/core/dataframe/algebra/binary.py,7,16,0,0.0
modin-project__modin-6836,gold-other,modin/core/execution/ray/common/engine_wrapper.py,modin/core/dataframe/pandas/dataframe/dataframe.py,7,153,2,0.012658
modin-project__modin-6836,gold-other,modin/core/execution/ray/common/engine_wrapper.py,modin/core/dataframe/pandas/partitioning/partition_manager.py,7,61,3,0.046154
Open-MSS__MSS-1967,gold-other,mslib/msui/mscolab.py,mslib/msui/socket_control.py,247,45,31,0.118774
Open-MSS__MSS-1967,gold-other,mslib/msui/mscolab.py,mslib/utils/airdata.py,247,15,8,0.031496
Open-MSS__MSS-1967,gold-other,mslib/msui/socket_control.py,mslib/msui/mscolab.py,45,247,31,0.118774
Open-MSS__MSS-1967,gold-other,mslib/msui/socket_control.py,mslib/utils/airdata.py,45,15,3,0.052632
Open-MSS__MSS-1967,gold-other,mslib/utils/airdata.py,mslib/msui/mscolab.py,15,247,8,0.031496
Open-MSS__MSS-1967,gold-other,mslib/utils/airdata.py,mslib/msui/socket_control.py,15,45,3,0.052632
vllm-project__vllm-5473,gold,vllm/config.py,vllm/distributed/device_communicators/custom_all_reduce_utils.py,141,2,0,0.0
vllm-project__vllm-5473,gold,vllm/config.py,vllm/executor/multiproc_gpu_executor.py,141,5,2,0.013889
vllm-project__vllm-5473,random,vllm/config.py,vllm/transformers_utils/tokenizer_group/tokenizer_group.py,141,4,3,0.021127
vllm-project__vllm-5473,random,vllm/config.py,vllm/attention/layer.py,141,10,4,0.027211
vllm-project__vllm-5473,random,vllm/config.py,vllm/engine/output_processor/__init__.py,141,1,0,0.0
vllm-project__vllm-5473,random,vllm/config.py,vllm/attention/backends/pallas.py,141,1,1,0.007092
vllm-project__vllm-5473,random,vllm/config.py,vllm/model_executor/layers/quantization/utils/marlin_perms.py,141,1,0,0.0
vllm-project__vllm-5473,random,vllm/config.py,vllm/spec_decode/spec_decode_worker.py,141,19,8,0.052632
vllm-project__vllm-5473,random,vllm/config.py,vllm/attention/backends/rocm_flash_attn.py,141,18,3,0.019231
vllm-project__vllm-5473,random,vllm/config.py,examples/llava_example.py,141,4,2,0.013986
vllm-project__vllm-5473,random,vllm/config.py,vllm/worker/cache_engine.py,141,18,10,0.067114
vllm-project__vllm-5473,random,vllm/config.py,vllm/usage/usage_lib.py,141,5,2,0.013889
vllm-project__vllm-5473,gold,vllm/distributed/device_communicators/custom_all_reduce.py,vllm/distributed/device_communicators/custom_all_reduce_utils.py,12,2,1,0.076923
vllm-project__vllm-5473,gold,vllm/distributed/device_communicators/custom_all_reduce.py,vllm/executor/multiproc_gpu_executor.py,12,5,0,0.0
vllm-project__vllm-5473,random,vllm/distributed/device_communicators/custom_all_reduce.py,vllm/lora/fully_sharded_layers.py,12,2,0,0.0
vllm-project__vllm-5473,random,vllm/distributed/device_communicators/custom_all_reduce.py,vllm/transformers_utils/configs/mpt.py,12,6,0,0.0
vllm-project__vllm-5473,random,vllm/distributed/device_communicators/custom_all_reduce.py,vllm/executor/executor_base.py,12,15,0,0.0
vllm-project__vllm-5473,random,vllm/distributed/device_communicators/custom_all_reduce.py,examples/api_client.py,12,3,0,0.0
vllm-project__vllm-5473,random,vllm/distributed/device_communicators/custom_all_reduce.py,vllm/sequence.py,12,58,0,0.0
vllm-project__vllm-5473,random,vllm/distributed/device_communicators/custom_all_reduce.py,vllm/logger.py,12,14,2,0.083333
vllm-project__vllm-5473,random,vllm/distributed/device_communicators/custom_all_reduce.py,vllm/model_executor/layers/quantization/compressed_tensors/schemes/compressed_tensors_w8a8_statictensor.py,12,5,0,0.0
vllm-project__vllm-5473,random,vllm/distributed/device_communicators/custom_all_reduce.py,vllm/transformers_utils/configs/chatglm.py,12,2,0,0.0
vllm-project__vllm-5473,random,vllm/distributed/device_communicators/custom_all_reduce.py,vllm/core/policy.py,12,4,0,0.0
vllm-project__vllm-5473,random,vllm/distributed/device_communicators/custom_all_reduce.py,vllm/engine/output_processor/stop_checker.py,12,3,0,0.0
vllm-project__vllm-5473,gold,vllm/utils.py,vllm/distributed/device_communicators/custom_all_reduce_utils.py,67,2,0,0.0
vllm-project__vllm-5473,gold,vllm/utils.py,vllm/executor/multiproc_gpu_executor.py,67,5,0,0.0
vllm-project__vllm-5473,random,vllm/utils.py,vllm/distributed/utils.py,67,5,2,0.028571
vllm-project__vllm-5473,random,vllm/utils.py,vllm/pooling_params.py,67,1,0,0.0
vllm-project__vllm-5473,random,vllm/utils.py,benchmarks/cutlass_benchmarks/weight_shapes.py,67,1,0,0.0
vllm-project__vllm-5473,random,vllm/utils.py,vllm/model_executor/layers/quantization/compressed_tensors/schemes/compressed_tensors_scheme.py,67,1,0,0.0
vllm-project__vllm-5473,random,vllm/utils.py,benchmarks/kernels/benchmark_moe.py,67,3,0,0.0
vllm-project__vllm-5473,random,vllm/utils.py,vllm/model_executor/layers/__init__.py,67,1,1,0.014925
vllm-project__vllm-5473,random,vllm/utils.py,vllm/model_executor/layers/ops/__init__.py,67,1,0,0.0
vllm-project__vllm-5473,random,vllm/utils.py,vllm/model_executor/layers/quantization/bitsandbytes.py,67,1,0,0.0
vllm-project__vllm-5473,random,vllm/utils.py,vllm/model_executor/layers/pooler.py,67,1,0,0.0
vllm-project__vllm-5473,random,vllm/utils.py,vllm/model_executor/layers/logits_processor.py,67,9,1,0.013333
vllm-project__vllm-5473,gold-other,vllm/config.py,vllm/distributed/device_communicators/custom_all_reduce.py,141,12,2,0.013245
vllm-project__vllm-5473,gold-other,vllm/config.py,vllm/utils.py,141,67,23,0.124324
vllm-project__vllm-5473,gold-other,vllm/distributed/device_communicators/custom_all_reduce.py,vllm/config.py,12,141,2,0.013245
vllm-project__vllm-5473,gold-other,vllm/distributed/device_communicators/custom_all_reduce.py,vllm/utils.py,12,67,3,0.039474
vllm-project__vllm-5473,gold-other,vllm/distributed/device_communicators/custom_all_reduce_utils.py,vllm/config.py,2,141,0,0.0
vllm-project__vllm-5473,gold-other,vllm/distributed/device_communicators/custom_all_reduce_utils.py,vllm/distributed/device_communicators/custom_all_reduce.py,2,12,1,0.076923
vllm-project__vllm-5473,gold-other,vllm/distributed/device_communicators/custom_all_reduce_utils.py,vllm/executor/multiproc_gpu_executor.py,2,5,0,0.0
vllm-project__vllm-5473,gold-other,vllm/distributed/device_communicators/custom_all_reduce_utils.py,vllm/utils.py,2,67,0,0.0
vllm-project__vllm-5473,gold-other,vllm/executor/multiproc_gpu_executor.py,vllm/config.py,5,141,2,0.013889
vllm-project__vllm-5473,gold-other,vllm/executor/multiproc_gpu_executor.py,vllm/distributed/device_communicators/custom_all_reduce.py,5,12,0,0.0
vllm-project__vllm-5473,gold-other,vllm/executor/multiproc_gpu_executor.py,vllm/distributed/device_communicators/custom_all_reduce_utils.py,5,2,0,0.0
vllm-project__vllm-5473,gold-other,vllm/executor/multiproc_gpu_executor.py,vllm/utils.py,5,67,0,0.0
vllm-project__vllm-5473,gold-other,vllm/utils.py,vllm/config.py,67,141,23,0.124324
vllm-project__vllm-5473,gold-other,vllm/utils.py,vllm/distributed/device_communicators/custom_all_reduce.py,67,12,3,0.039474
tardis-sn__tardis-2782,gold,benchmarks/transport_montecarlo_packet_trackers.py,benchmarks/opacities_opacity.py,3,3,2,0.5
tardis-sn__tardis-2782,random,benchmarks/transport_montecarlo_packet_trackers.py,tardis/io/configuration/config_reader.py,3,3,0,0.0
tardis-sn__tardis-2782,random,benchmarks/transport_montecarlo_packet_trackers.py,tardis/plasma/standard_plasmas.py,3,96,0,0.0
tardis-sn__tardis-2782,random,benchmarks/transport_montecarlo_packet_trackers.py,tardis/visualization/widgets/__init__.py,3,1,0,0.0
tardis-sn__tardis-2782,random,benchmarks/transport_montecarlo_packet_trackers.py,tardis/_astropy_init.py,3,5,0,0.0
tardis-sn__tardis-2782,random,benchmarks/transport_montecarlo_packet_trackers.py,tardis/transport/__init__.py,3,2,0,0.0
tardis-sn__tardis-2782,random,benchmarks/transport_montecarlo_packet_trackers.py,tardis/transport/montecarlo/montecarlo_transport_state.py,3,7,0,0.0
tardis-sn__tardis-2782,random,benchmarks/transport_montecarlo_packet_trackers.py,benchmarks/transport_montecarlo_vpacket.py,3,7,1,0.111111
tardis-sn__tardis-2782,random,benchmarks/transport_montecarlo_packet_trackers.py,tardis/io/model/readers/stella.py,3,4,0,0.0
tardis-sn__tardis-2782,random,benchmarks/transport_montecarlo_packet_trackers.py,tardis/visualization/tools/rpacket_plot.py,3,2,0,0.0
tardis-sn__tardis-2782,random,benchmarks/transport_montecarlo_packet_trackers.py,tardis/transport/montecarlo/estimators/continuum_radfield_properties.py,3,3,0,0.0
tardis-sn__tardis-2782,gold-other,benchmarks/opacities_opacity.py,benchmarks/transport_montecarlo_packet_trackers.py,3,3,2,0.5
gammasim__simtools-1183,gold,simtools/db/db_handler.py,simtools/applications/db_get_parameter_from_db.py,98,8,1,0.009524
gammasim__simtools-1183,gold,simtools/db/db_handler.py,simtools/db/db_array_elements.py,98,7,3,0.029412
gammasim__simtools-1183,random,simtools/db/db_handler.py,simtools/data_model/__init__.py,98,1,0,0.0
gammasim__simtools-1183,random,simtools/db/db_handler.py,simtools/configuration/commandline_parser.py,98,112,3,0.014493
gammasim__simtools-1183,random,simtools/db/db_handler.py,simtools/io_operations/hdf5_handler.py,98,6,0,0.0
gammasim__simtools-1183,random,simtools/db/db_handler.py,simtools/corsika/corsika_histograms.py,98,61,2,0.012739
gammasim__simtools-1183,random,simtools/db/db_handler.py,simtools/model/__init__.py,98,2,0,0.0
gammasim__simtools-1183,random,simtools/db/db_handler.py,simtools/visualization/visualize.py,98,102,1,0.005025
gammasim__simtools-1183,random,simtools/db/db_handler.py,simtools/applications/db_development_tools/write_array_elements_positions_to_repository.py,98,12,1,0.009174
gammasim__simtools-1183,random,simtools/db/db_handler.py,simtools/applications/db_get_file_from_db.py,98,5,0,0.0
gammasim__simtools-1183,random,simtools/db/db_handler.py,simtools/applications/generate_array_config.py,98,9,0,0.0
gammasim__simtools-1183,random,simtools/db/db_handler.py,simtools/io_operations/__init__.py,98,1,0,0.0
gammasim__simtools-1183,gold-other,simtools/applications/db_get_parameter_from_db.py,simtools/db/db_array_elements.py,8,7,0,0.0
gammasim__simtools-1183,gold-other,simtools/applications/db_get_parameter_from_db.py,simtools/db/db_handler.py,8,98,1,0.009524
gammasim__simtools-1183,gold-other,simtools/db/db_array_elements.py,simtools/applications/db_get_parameter_from_db.py,7,8,0,0.0
gammasim__simtools-1183,gold-other,simtools/db/db_array_elements.py,simtools/db/db_handler.py,7,98,3,0.029412
ctc-oss__fapolicy-analyzer-809,random,fapolicy_analyzer/ui/features/profiler_feature.py,examples/show_system.py,1,2,0,0.0
ctc-oss__fapolicy-analyzer-809,random,fapolicy_analyzer/ui/features/profiler_feature.py,fapolicy_analyzer/redux/_internal/epic.py,1,1,0,0.0
ctc-oss__fapolicy-analyzer-809,random,fapolicy_analyzer/ui/features/profiler_feature.py,help/__init__.py,1,2,0,0.0
ctc-oss__fapolicy-analyzer-809,random,fapolicy_analyzer/ui/features/profiler_feature.py,fapolicy_analyzer/util/__init__.py,1,2,0,0.0
ctc-oss__fapolicy-analyzer-809,random,fapolicy_analyzer/ui/features/profiler_feature.py,scripts/srpm/lock2spec.py,1,3,0,0.0
ctc-oss__fapolicy-analyzer-809,random,fapolicy_analyzer/ui/features/profiler_feature.py,fapolicy_analyzer/resources/__init__.py,1,2,0,0.0
ctc-oss__fapolicy-analyzer-809,random,fapolicy_analyzer/ui/features/profiler_feature.py,fapolicy_analyzer/ui/confirm_deployment_dialog.py,1,2,0,0.0
ctc-oss__fapolicy-analyzer-809,random,fapolicy_analyzer/ui/features/profiler_feature.py,examples/service_status.py,1,4,0,0.0
ctc-oss__fapolicy-analyzer-809,random,fapolicy_analyzer/ui/features/profiler_feature.py,fapolicy_analyzer/redux/_internal/constants.py,1,1,0,0.0
ctc-oss__fapolicy-analyzer-809,random,fapolicy_analyzer/ui/features/profiler_feature.py,fapolicy_analyzer/ui/rules/rules_status_info.py,1,2,0,0.0
ctc-oss__fapolicy-analyzer-809,random,fapolicy_analyzer/ui/profiler_page.py,fapolicy_analyzer/util/__init__.py,8,2,0,0.0
ctc-oss__fapolicy-analyzer-809,random,fapolicy_analyzer/ui/profiler_page.py,fapolicy_analyzer/redux/__init__.py,8,1,0,0.0
ctc-oss__fapolicy-analyzer-809,random,fapolicy_analyzer/ui/profiler_page.py,fapolicy_analyzer/ui/strings.py,8,31,2,0.054054
ctc-oss__fapolicy-analyzer-809,random,fapolicy_analyzer/ui/profiler_page.py,setup.py,8,8,0,0.0
ctc-oss__fapolicy-analyzer-809,random,fapolicy_analyzer/ui/profiler_page.py,fapolicy_analyzer/ui/add_file_button.py,8,5,0,0.0
ctc-oss__fapolicy-analyzer-809,random,fapolicy_analyzer/ui/profiler_page.py,fapolicy_analyzer/util/xdg_utils.py,8,3,1,0.1
ctc-oss__fapolicy-analyzer-809,random,fapolicy_analyzer/ui/profiler_page.py,examples/change_rules.py,8,4,0,0.0
ctc-oss__fapolicy-analyzer-809,random,fapolicy_analyzer/ui/profiler_page.py,help/__init__.py,8,2,0,0.0
ctc-oss__fapolicy-analyzer-809,random,fapolicy_analyzer/ui/profiler_page.py,examples/change_trust.py,8,1,0,0.0
ctc-oss__fapolicy-analyzer-809,random,fapolicy_analyzer/ui/profiler_page.py,fapolicy_analyzer/ui/features/system_feature.py,8,17,0,0.0
ctc-oss__fapolicy-analyzer-809,random,fapolicy_analyzer/ui/reducers/profiler_reducer.py,fapolicy_analyzer/ui/main_window.py,3,30,0,0.0
ctc-oss__fapolicy-analyzer-809,random,fapolicy_analyzer/ui/reducers/profiler_reducer.py,fapolicy_analyzer/ui/notification.py,3,9,0,0.0
ctc-oss__fapolicy-analyzer-809,random,fapolicy_analyzer/ui/reducers/profiler_reducer.py,fapolicy_analyzer/ui/deploy_revert_dialog.py,3,1,0,0.0
ctc-oss__fapolicy-analyzer-809,random,fapolicy_analyzer/ui/reducers/profiler_reducer.py,fapolicy_analyzer/ui/action_toolbar.py,3,2,0,0.0
ctc-oss__fapolicy-analyzer-809,random,fapolicy_analyzer/ui/reducers/profiler_reducer.py,fapolicy_analyzer/ui/rules/rules_text_view.py,3,7,0,0.0
ctc-oss__fapolicy-analyzer-809,random,fapolicy_analyzer/ui/reducers/profiler_reducer.py,scripts/srpm/lock2spec.py,3,3,0,0.0
ctc-oss__fapolicy-analyzer-809,random,fapolicy_analyzer/ui/reducers/profiler_reducer.py,fapolicy_analyzer/redux/_internal/reducer.py,3,1,0,0.0
ctc-oss__fapolicy-analyzer-809,random,fapolicy_analyzer/ui/reducers/profiler_reducer.py,setup.py,3,8,0,0.0
ctc-oss__fapolicy-analyzer-809,random,fapolicy_analyzer/ui/reducers/profiler_reducer.py,examples/analyze_log.py,3,3,0,0.0
ctc-oss__fapolicy-analyzer-809,random,fapolicy_analyzer/ui/reducers/profiler_reducer.py,fapolicy_analyzer/ui/reducers/changeset_reducer.py,3,5,0,0.0
ctc-oss__fapolicy-analyzer-809,gold-other,fapolicy_analyzer/ui/features/profiler_feature.py,fapolicy_analyzer/ui/profiler_page.py,1,8,1,0.125
ctc-oss__fapolicy-analyzer-809,gold-other,fapolicy_analyzer/ui/features/profiler_feature.py,fapolicy_analyzer/ui/reducers/profiler_reducer.py,1,3,1,0.333333
ctc-oss__fapolicy-analyzer-809,gold-other,fapolicy_analyzer/ui/profiler_page.py,fapolicy_analyzer/ui/features/profiler_feature.py,8,1,1,0.125
ctc-oss__fapolicy-analyzer-809,gold-other,fapolicy_analyzer/ui/profiler_page.py,fapolicy_analyzer/ui/reducers/profiler_reducer.py,8,3,3,0.375
ctc-oss__fapolicy-analyzer-809,gold-other,fapolicy_analyzer/ui/reducers/profiler_reducer.py,fapolicy_analyzer/ui/features/profiler_feature.py,3,1,1,0.333333
ctc-oss__fapolicy-analyzer-809,gold-other,fapolicy_analyzer/ui/reducers/profiler_reducer.py,fapolicy_analyzer/ui/profiler_page.py,3,8,3,0.375
ray-project__ray-26818,gold-other,dashboard/datacenter.py,dashboard/modules/actor/actor_head.py,31,22,4,0.081633
ray-project__ray-26818,gold-other,dashboard/datacenter.py,dashboard/modules/node/node_head.py,31,28,6,0.113208
ray-project__ray-26818,gold-other,dashboard/modules/actor/actor_head.py,dashboard/datacenter.py,22,31,4,0.081633
ray-project__ray-26818,gold-other,dashboard/modules/actor/actor_head.py,dashboard/modules/node/node_head.py,22,28,15,0.428571
ray-project__ray-26818,gold-other,dashboard/modules/node/node_head.py,dashboard/datacenter.py,28,31,6,0.113208
ray-project__ray-26818,gold-other,dashboard/modules/node/node_head.py,dashboard/modules/actor/actor_head.py,28,22,15,0.428571
vllm-project__vllm-6050,random,vllm/config.py,vllm/model_executor/models/mixtral.py,159,39,8,0.042105
vllm-project__vllm-6050,random,vllm/config.py,vllm/executor/tpu_executor.py,159,3,1,0.006211
vllm-project__vllm-6050,random,vllm/config.py,examples/openai_vision_api_client.py,159,1,0,0.0
vllm-project__vllm-6050,random,vllm/config.py,vllm/transformers_utils/image_processor.py,159,2,2,0.012579
vllm-project__vllm-6050,random,vllm/config.py,vllm/model_executor/models/gpt_neox.py,159,29,12,0.068182
vllm-project__vllm-6050,random,vllm/config.py,vllm/transformers_utils/tokenizer_group/tokenizer_group.py,159,4,3,0.01875
vllm-project__vllm-6050,random,vllm/config.py,vllm/attention/backends/pallas.py,159,7,1,0.006061
vllm-project__vllm-6050,random,vllm/config.py,vllm/attention/backends/rocm_flash_attn.py,159,19,3,0.017143
vllm-project__vllm-6050,random,vllm/config.py,vllm/entrypoints/openai/run_batch.py,159,8,0,0.0
vllm-project__vllm-6050,random,vllm/config.py,vllm/core/interfaces.py,159,9,5,0.030675
vllm-project__vllm-6050,random,vllm/spec_decode/spec_decode_worker.py,vllm/attention/layer.py,24,11,0,0.0
vllm-project__vllm-6050,random,vllm/spec_decode/spec_decode_worker.py,vllm/entrypoints/api_server.py,24,23,2,0.044444
vllm-project__vllm-6050,random,vllm/spec_decode/spec_decode_worker.py,vllm/model_executor/model_loader/openvino.py,24,1,0,0.0
vllm-project__vllm-6050,random,vllm/spec_decode/spec_decode_worker.py,vllm/multimodal/__init__.py,24,2,0,0.0
vllm-project__vllm-6050,random,vllm/spec_decode/spec_decode_worker.py,examples/offline_inference_embedding.py,24,1,0,0.0
vllm-project__vllm-6050,random,vllm/spec_decode/spec_decode_worker.py,vllm/attention/ops/triton_flash_attention.py,24,5,0,0.0
vllm-project__vllm-6050,random,vllm/spec_decode/spec_decode_worker.py,vllm/model_executor/layers/quantization/deepspeedfp.py,24,1,0,0.0
vllm-project__vllm-6050,random,vllm/spec_decode/spec_decode_worker.py,vllm/model_executor/guided_decoding/outlines_logits_processors.py,24,5,1,0.035714
vllm-project__vllm-6050,random,vllm/spec_decode/spec_decode_worker.py,vllm/model_executor/models/opt.py,24,25,0,0.0
vllm-project__vllm-6050,random,vllm/spec_decode/spec_decode_worker.py,vllm/entrypoints/openai/__init__.py,24,1,0,0.0
vllm-project__vllm-6050,gold-other,vllm/config.py,vllm/spec_decode/spec_decode_worker.py,159,24,11,0.063953
vllm-project__vllm-6050,gold-other,vllm/spec_decode/spec_decode_worker.py,vllm/config.py,24,159,11,0.063953
PrefectHQ__prefect-12019,gold-other,src/prefect/_internal/concurrency/calls.py,src/prefect/_internal/concurrency/cancellation.py,12,3,2,0.153846
PrefectHQ__prefect-12019,gold-other,src/prefect/_internal/concurrency/cancellation.py,src/prefect/_internal/concurrency/calls.py,3,12,2,0.153846
streamlit__streamlit-6617,gold,lib/streamlit/runtime/app_session.py,lib/streamlit/runtime/forward_msg_cache.py,25,3,3,0.12
streamlit__streamlit-6617,random,lib/streamlit/runtime/app_session.py,e2e/scripts/st_plotly_chart.py,25,13,2,0.055556
streamlit__streamlit-6617,random,lib/streamlit/runtime/app_session.py,lib/streamlit/vendor/__init__.py,25,1,0,0.0
streamlit__streamlit-6617,random,lib/streamlit/runtime/app_session.py,examples/audio.py,25,12,2,0.057143
streamlit__streamlit-6617,random,lib/streamlit/runtime/app_session.py,e2e/scripts/st_markdown.py,25,15,2,0.052632
streamlit__streamlit-6617,random,lib/streamlit/runtime/app_session.py,e2e/scripts/st_legacy_dataframe_sort_column.py,25,5,2,0.071429
streamlit__streamlit-6617,random,lib/streamlit/runtime/app_session.py,lib/streamlit/net_util.py,25,11,2,0.058824
streamlit__streamlit-6617,random,lib/streamlit/runtime/app_session.py,scripts/cli_regression_tests.py,25,7,3,0.103448
streamlit__streamlit-6617,random,lib/streamlit/runtime/app_session.py,lib/streamlit/runtime/scriptrunner/magic.py,25,3,2,0.076923
streamlit__streamlit-6617,random,lib/streamlit/runtime/app_session.py,e2e/scripts/multipage_apps/pages/03_page3.py,25,2,1,0.038462
streamlit__streamlit-6617,random,lib/streamlit/runtime/app_session.py,lib/streamlit/elements/button.py,25,52,6,0.084507
streamlit__streamlit-6617,gold,lib/streamlit/runtime/runtime.py,lib/streamlit/runtime/forward_msg_cache.py,17,3,2,0.111111
streamlit__streamlit-6617,random,lib/streamlit/runtime/runtime.py,e2e/scripts/st_arrow_new_features.py,17,4,2,0.105263
streamlit__streamlit-6617,random,lib/streamlit/runtime/runtime.py,lib/streamlit/version.py,17,13,2,0.071429
streamlit__streamlit-6617,random,lib/streamlit/runtime/runtime.py,e2e/scripts/st_balloons.py,17,5,1,0.047619
streamlit__streamlit-6617,random,lib/streamlit/runtime/runtime.py,e2e/scripts/st_success.py,17,5,1,0.047619
streamlit__streamlit-6617,random,lib/streamlit/runtime/runtime.py,lib/streamlit/echo.py,17,9,2,0.083333
streamlit__streamlit-6617,random,lib/streamlit/runtime/runtime.py,e2e/scripts/st_metric.py,17,7,1,0.043478
streamlit__streamlit-6617,random,lib/streamlit/runtime/runtime.py,lib/streamlit/connections/base_connection.py,17,2,0,0.0
streamlit__streamlit-6617,random,lib/streamlit/runtime/runtime.py,lib/streamlit/components/v1/component_arrow.py,17,4,1,0.05
streamlit__streamlit-6617,random,lib/streamlit/runtime/runtime.py,e2e/scripts/st_legacy_dataframe_format.py,17,4,2,0.105263
streamlit__streamlit-6617,random,lib/streamlit/runtime/runtime.py,lib/streamlit/elements/arrow_vega_lite.py,17,15,2,0.066667
streamlit__streamlit-6617,gold-other,lib/streamlit/runtime/app_session.py,lib/streamlit/runtime/runtime.py,25,17,10,0.3125
streamlit__streamlit-6617,gold-other,lib/streamlit/runtime/forward_msg_cache.py,lib/streamlit/runtime/app_session.py,3,25,3,0.12
streamlit__streamlit-6617,gold-other,lib/streamlit/runtime/forward_msg_cache.py,lib/streamlit/runtime/runtime.py,3,17,2,0.111111
streamlit__streamlit-6617,gold-other,lib/streamlit/runtime/runtime.py,lib/streamlit/runtime/app_session.py,17,25,10,0.3125
JoinMarket-Org__joinmarket-clientserver-1180,random,jmclient/jmclient/blockchaininterface.py,scripts/add-utxo.py,97,24,9,0.080357
JoinMarket-Org__joinmarket-clientserver-1180,random,jmclient/jmclient/blockchaininterface.py,jmclient/jmclient/configure.py,97,117,22,0.114583
JoinMarket-Org__joinmarket-clientserver-1180,random,jmclient/jmclient/blockchaininterface.py,jmbitcoin/jmbitcoin/__init__.py,97,22,5,0.04386
JoinMarket-Org__joinmarket-clientserver-1180,random,jmclient/jmclient/blockchaininterface.py,jmbitcoin/jmbitcoin/secp256k1_main.py,97,23,7,0.061947
JoinMarket-Org__joinmarket-clientserver-1180,random,jmclient/jmclient/blockchaininterface.py,jmbase/jmbase/bytesprod.py,97,1,0,0.0
JoinMarket-Org__joinmarket-clientserver-1180,random,jmclient/jmclient/blockchaininterface.py,scripts/yield-generator-basic.py,97,15,5,0.046729
JoinMarket-Org__joinmarket-clientserver-1180,random,jmclient/jmclient/blockchaininterface.py,jmclient/jmclient/support.py,97,17,5,0.045872
JoinMarket-Org__joinmarket-clientserver-1180,random,jmclient/jmclient/blockchaininterface.py,scripts/genwallet.py,97,6,0,0.0
JoinMarket-Org__joinmarket-clientserver-1180,random,jmclient/jmclient/blockchaininterface.py,jmclient/jmclient/fidelity_bond.py,97,2,0,0.0
JoinMarket-Org__joinmarket-clientserver-1180,random,jmclient/jmclient/blockchaininterface.py,jmclient/jmclient/maker.py,97,53,11,0.079137
JoinMarket-Org__joinmarket-clientserver-1180,random,jmclient/jmclient/wallet_service.py,jmbitcoin/jmbitcoin/secp256k1_ecies.py,43,5,2,0.043478
JoinMarket-Org__joinmarket-clientserver-1180,random,jmclient/jmclient/wallet_service.py,jmdaemon/jmdaemon/daemon_protocol.py,43,45,3,0.035294
JoinMarket-Org__joinmarket-clientserver-1180,random,jmclient/jmclient/wallet_service.py,jmbitcoin/jmbitcoin/secp256k1_main.py,43,23,4,0.064516
JoinMarket-Org__joinmarket-clientserver-1180,random,jmclient/jmclient/wallet_service.py,jmclient/jmclient/commitment_utils.py,43,16,4,0.072727
JoinMarket-Org__joinmarket-clientserver-1180,random,jmclient/jmclient/wallet_service.py,scripts/genwallet.py,43,6,0,0.0
JoinMarket-Org__joinmarket-clientserver-1180,random,jmclient/jmclient/wallet_service.py,scripts/joinmarket-qt.py,43,278,16,0.052459
JoinMarket-Org__joinmarket-clientserver-1180,random,jmclient/jmclient/wallet_service.py,jmclient/jmclient/maker.py,43,53,8,0.090909
JoinMarket-Org__joinmarket-clientserver-1180,random,jmclient/jmclient/wallet_service.py,jmclient/jmclient/payjoin.py,43,30,2,0.028169
JoinMarket-Org__joinmarket-clientserver-1180,random,jmclient/jmclient/wallet_service.py,scripts/jmwalletd.py,43,4,0,0.0
JoinMarket-Org__joinmarket-clientserver-1180,random,jmclient/jmclient/wallet_service.py,jmdaemon/jmdaemon/fidelity_bond_sanity_check.py,43,1,0,0.0
JoinMarket-Org__joinmarket-clientserver-1180,gold-other,jmclient/jmclient/blockchaininterface.py,jmclient/jmclient/wallet_service.py,97,43,14,0.111111
JoinMarket-Org__joinmarket-clientserver-1180,gold-other,jmclient/jmclient/wallet_service.py,jmclient/jmclient/blockchaininterface.py,43,97,14,0.111111
TagStudioDev__TagStudio-735,gold,tagstudio/src/qt/modals/tag_search.py,tagstudio/src/qt/widgets/tag.py,20,10,6,0.25
TagStudioDev__TagStudio-735,random,tagstudio/src/qt/modals/tag_search.py,tagstudio/src/core/library/alchemy/joins.py,20,3,2,0.095238
TagStudioDev__TagStudio-735,random,tagstudio/src/qt/modals/tag_search.py,tagstudio/src/qt/resource_manager.py,20,5,2,0.086957
TagStudioDev__TagStudio-735,random,tagstudio/src/qt/modals/tag_search.py,tagstudio/src/qt/ts_qt.py,20,202,8,0.037383
TagStudioDev__TagStudio-735,random,tagstudio/src/qt/modals/tag_search.py,tagstudio/src/core/library/__init__.py,20,1,1,0.05
TagStudioDev__TagStudio-735,random,tagstudio/src/qt/modals/tag_search.py,tagstudio/src/qt/widgets/fields.py,20,12,4,0.142857
TagStudioDev__TagStudio-735,random,tagstudio/src/qt/modals/tag_search.py,tagstudio/src/qt/helpers/color_overlay.py,20,3,1,0.045455
TagStudioDev__TagStudio-735,random,tagstudio/src/qt/modals/tag_search.py,tagstudio/src/qt/helpers/vendored/pydub/utils.py,20,2,0,0.0
TagStudioDev__TagStudio-735,random,tagstudio/src/qt/modals/tag_search.py,tagstudio/src/qt/translations.py,20,1,1,0.05
TagStudioDev__TagStudio-735,random,tagstudio/src/qt/modals/tag_search.py,tagstudio/src/qt/widgets/landing.py,20,4,3,0.142857
TagStudioDev__TagStudio-735,random,tagstudio/src/qt/modals/tag_search.py,tagstudio/tag_studio.py,20,13,3,0.1
TagStudioDev__TagStudio-735,gold-other,tagstudio/src/qt/widgets/tag.py,tagstudio/src/qt/modals/tag_search.py,10,20,6,0.25
pm4-graders__3ES-72,random,backend/app/core/cv_result.py,cv/DocumentSegmentationCNN.py,7,2,0,0.0
pm4-graders__3ES-72,random,backend/app/core/cv_result.py,backend/app/model/database.py,7,1,0,0.0
pm4-graders__3ES-72,random,backend/app/core/cv_result.py,cv/Config.py,7,2,0,0.0
pm4-graders__3ES-72,random,backend/app/core/cv_result.py,cv/Models/train.py,7,1,0,0.0
pm4-graders__3ES-72,random,backend/app/core/cv_result.py,backend/app/main.py,7,12,1,0.055556
pm4-graders__3ES-72,random,backend/app/core/cv_result.py,cv/Models/utils.py,7,1,0,0.0
pm4-graders__3ES-72,random,backend/app/core/cv_result.py,backend/app/api/router.py,7,22,4,0.16
pm4-graders__3ES-72,random,backend/app/core/cv_result.py,cv/Models/mobilenet.py,7,3,0,0.0
pm4-graders__3ES-72,random,backend/app/core/cv_result.py,backend/app/model/model.py,7,7,1,0.076923
pm4-graders__3ES-72,random,backend/app/core/cv_result.py,backend/app/core/database_handler.py,7,8,3,0.25
pm4-graders__3ES-72,random,cv/DigitRecognizer.py,backend/app/core/admin.py,24,10,0,0.0
pm4-graders__3ES-72,random,cv/DigitRecognizer.py,backend/app/core/scanner.py,24,18,1,0.02439
pm4-graders__3ES-72,random,cv/DigitRecognizer.py,backend/app/main.py,24,12,0,0.0
pm4-graders__3ES-72,random,cv/DigitRecognizer.py,backend/app/core/database_handler.py,24,8,0,0.0
pm4-graders__3ES-72,random,cv/DigitRecognizer.py,cv/DocumentSegmentationCV.py,24,1,1,0.041667
pm4-graders__3ES-72,random,cv/DigitRecognizer.py,backend/app/util/constant.py,24,6,0,0.0
pm4-graders__3ES-72,random,cv/DigitRecognizer.py,cv/Models/train.py,24,1,1,0.041667
pm4-graders__3ES-72,random,cv/DigitRecognizer.py,backend/app/api/schema.py,24,8,0,0.0
pm4-graders__3ES-72,random,cv/DigitRecognizer.py,cv/DocumentSegmentationCNN.py,24,2,2,0.083333
pm4-graders__3ES-72,random,cv/DigitRecognizer.py,backend/app/model/database.py,24,1,0,0.0
pm4-graders__3ES-72,random,cv/app.py,backend/app/core/scanner.py,12,18,1,0.034483
pm4-graders__3ES-72,random,cv/app.py,cv/Config.py,12,2,0,0.0
pm4-graders__3ES-72,random,cv/app.py,backend/app/main.py,12,12,0,0.0
pm4-graders__3ES-72,random,cv/app.py,backend/app/model/model.py,12,7,0,0.0
pm4-graders__3ES-72,random,cv/app.py,cv/Models/base_model.py,12,2,0,0.0
pm4-graders__3ES-72,random,cv/app.py,backend/app/util/constant.py,12,6,0,0.0
pm4-graders__3ES-72,random,cv/app.py,backend/app/core/admin.py,12,10,0,0.0
pm4-graders__3ES-72,random,cv/app.py,cv/DocumentSegmentationCNN.py,12,2,1,0.076923
pm4-graders__3ES-72,random,cv/app.py,cv/Models/utils.py,12,1,0,0.0
pm4-graders__3ES-72,random,cv/app.py,backend/app/model/database.py,12,1,0,0.0
pm4-graders__3ES-72,gold-other,backend/app/core/cv_result.py,cv/DigitRecognizer.py,7,24,2,0.068966
pm4-graders__3ES-72,gold-other,backend/app/core/cv_result.py,cv/app.py,7,12,0,0.0
pm4-graders__3ES-72,gold-other,cv/DigitRecognizer.py,backend/app/core/cv_result.py,24,7,2,0.068966
pm4-graders__3ES-72,gold-other,cv/DigitRecognizer.py,cv/app.py,24,12,10,0.384615
pm4-graders__3ES-72,gold-other,cv/app.py,backend/app/core/cv_result.py,12,7,0,0.0
pm4-graders__3ES-72,gold-other,cv/app.py,cv/DigitRecognizer.py,12,24,10,0.384615
fortra__impacket-1636,gold,examples/ntlmrelayx.py,impacket/examples/ntlmrelayx/servers/socksserver.py,123,47,13,0.082803
fortra__impacket-1636,random,examples/ntlmrelayx.py,examples/Get-GPPPassword.py,123,14,3,0.022388
fortra__impacket-1636,random,examples/ntlmrelayx.py,impacket/dcerpc/v5/even.py,123,8,3,0.023438
fortra__impacket-1636,random,examples/ntlmrelayx.py,impacket/examples/ntlmrelayx/clients/imaprelayclient.py,123,16,9,0.069231
fortra__impacket-1636,random,examples/ntlmrelayx.py,impacket/dcerpc/v5/enum.py,123,5,3,0.024
fortra__impacket-1636,random,examples/ntlmrelayx.py,impacket/ImpactDecoder.py,123,49,3,0.017751
fortra__impacket-1636,random,examples/ntlmrelayx.py,impacket/examples/ntlmrelayx/clients/smtprelayclient.py,123,13,4,0.030303
fortra__impacket-1636,random,examples/ntlmrelayx.py,examples/describeTicket.py,123,1,0,0.0
fortra__impacket-1636,random,examples/ntlmrelayx.py,impacket/examples/rpcdatabase.py,123,4,3,0.024194
fortra__impacket-1636,random,examples/ntlmrelayx.py,impacket/dcerpc/v5/iphlp.py,123,5,3,0.024
fortra__impacket-1636,random,examples/ntlmrelayx.py,impacket/krb5/__init__.py,123,4,3,0.024194
fortra__impacket-1636,gold-other,impacket/examples/ntlmrelayx/servers/socksserver.py,examples/ntlmrelayx.py,47,123,13,0.082803
AzureAD__microsoft-authentication-library-for-python-454,gold,msal/application.py,msal/authority.py,220,39,10,0.040161
AzureAD__microsoft-authentication-library-for-python-454,gold,msal/application.py,msal/oauth2cli/assertion.py,220,5,0,0.0
AzureAD__microsoft-authentication-library-for-python-454,gold,msal/application.py,msal/oauth2cli/oauth2.py,220,23,2,0.008299
AzureAD__microsoft-authentication-library-for-python-454,random,msal/application.py,msal/individual_cache.py,220,1,0,0.0
AzureAD__microsoft-authentication-library-for-python-454,random,msal/application.py,sample/authorization-code-flow-sample/authorization_code_flow_sample.py,220,5,0,0.0
AzureAD__microsoft-authentication-library-for-python-454,random,msal/application.py,msal/oauth2cli/__init__.py,220,5,0,0.0
AzureAD__microsoft-authentication-library-for-python-454,random,msal/application.py,msal/oauth2cli/http.py,220,2,0,0.0
AzureAD__microsoft-authentication-library-for-python-454,random,msal/application.py,sample/migrate_rt.py,220,3,2,0.00905
AzureAD__microsoft-authentication-library-for-python-454,random,msal/application.py,msal/telemetry.py,220,1,1,0.004545
AzureAD__microsoft-authentication-library-for-python-454,random,msal/application.py,msal/mex.py,220,4,1,0.004484
AzureAD__microsoft-authentication-library-for-python-454,random,msal/application.py,msal/wstrust_request.py,220,7,3,0.013393
AzureAD__microsoft-authentication-library-for-python-454,random,msal/application.py,sample/username_password_sample.py,220,11,2,0.008734
AzureAD__microsoft-authentication-library-for-python-454,random,msal/application.py,msal/exceptions.py,220,3,1,0.004505
AzureAD__microsoft-authentication-library-for-python-454,gold-other,msal/authority.py,msal/application.py,39,220,10,0.040161
AzureAD__microsoft-authentication-library-for-python-454,gold-other,msal/authority.py,msal/oauth2cli/assertion.py,39,5,0,0.0
AzureAD__microsoft-authentication-library-for-python-454,gold-other,msal/authority.py,msal/oauth2cli/oauth2.py,39,23,1,0.016393
AzureAD__microsoft-authentication-library-for-python-454,gold-other,msal/oauth2cli/assertion.py,msal/application.py,5,220,0,0.0
AzureAD__microsoft-authentication-library-for-python-454,gold-other,msal/oauth2cli/assertion.py,msal/authority.py,5,39,0,0.0
AzureAD__microsoft-authentication-library-for-python-454,gold-other,msal/oauth2cli/assertion.py,msal/oauth2cli/oauth2.py,5,23,3,0.12
AzureAD__microsoft-authentication-library-for-python-454,gold-other,msal/oauth2cli/oauth2.py,msal/application.py,23,220,2,0.008299
AzureAD__microsoft-authentication-library-for-python-454,gold-other,msal/oauth2cli/oauth2.py,msal/authority.py,23,39,1,0.016393
AzureAD__microsoft-authentication-library-for-python-454,gold-other,msal/oauth2cli/oauth2.py,msal/oauth2cli/assertion.py,23,5,3,0.12
django__django-18616,random,django/http/response.py,django/conf/locale/mk/__init__.py,116,1,0,0.0
django__django-18616,random,django/http/response.py,django/contrib/auth/admin.py,116,84,4,0.020408
django__django-18616,random,django/http/response.py,django/contrib/sites/migrations/0002_alter_domain_unique.py,116,5,2,0.016807
django__django-18616,random,django/http/response.py,django/contrib/postgres/__init__.py,116,3,0,0.0
django__django-18616,random,django/http/response.py,django/conf/locale/gl/__init__.py,116,1,0,0.0
django__django-18616,random,django/http/response.py,django/core/cache/backends/memcached.py,116,78,6,0.031915
django__django-18616,random,django/http/response.py,django/contrib/messages/utils.py,116,4,1,0.008403
django__django-18616,random,django/http/response.py,django/views/__init__.py,116,3,1,0.008475
django__django-18616,random,django/http/response.py,django/db/models/__init__.py,116,71,1,0.005376
django__django-18616,random,django/http/response.py,django/views/decorators/common.py,116,6,1,0.008264
django__django-18616,random,django/shortcuts.py,django/contrib/redirects/apps.py,33,6,2,0.054054
django__django-18616,random,django/shortcuts.py,django/urls/resolvers.py,33,84,5,0.044643
django__django-18616,random,django/shortcuts.py,django/utils/http.py,33,112,2,0.013986
django__django-18616,random,django/shortcuts.py,django/contrib/gis/db/backends/spatialite/base.py,33,32,1,0.015625
django__django-18616,random,django/shortcuts.py,django/views/i18n.py,33,103,4,0.030303
django__django-18616,random,django/shortcuts.py,django/conf/locale/ar/formats.py,33,8,1,0.025
django__django-18616,random,django/shortcuts.py,django/conf/locale/ca/formats.py,33,16,1,0.020833
django__django-18616,random,django/shortcuts.py,django/db/backends/mysql/features.py,33,103,1,0.007407
django__django-18616,random,django/shortcuts.py,django/contrib/gis/db/models/lookups.py,33,39,3,0.043478
django__django-18616,random,django/shortcuts.py,django/conf/locale/ro/__init__.py,33,1,0,0.0
django__django-18616,gold-other,django/http/response.py,django/shortcuts.py,116,33,6,0.041958
django__django-18616,gold-other,django/shortcuts.py,django/http/response.py,33,116,6,0.041958
Bears-R-Us__arkouda-1969,random,arkouda/dataframe.py,benchmarks/str-in1d.py,48,4,0,0.0
Bears-R-Us__arkouda-1969,random,arkouda/dataframe.py,arkouda/pdarraycreation.py,48,85,1,0.007576
Bears-R-Us__arkouda-1969,random,arkouda/dataframe.py,arkouda/accessor.py,48,2,1,0.020408
Bears-R-Us__arkouda-1969,random,arkouda/dataframe.py,arkouda/segarray.py,48,19,10,0.175439
Bears-R-Us__arkouda-1969,random,arkouda/dataframe.py,benchmarks/argsort.py,48,14,0,0.0
Bears-R-Us__arkouda-1969,random,arkouda/dataframe.py,benchmarks/coargsort.py,48,9,0,0.0
Bears-R-Us__arkouda-1969,random,arkouda/dataframe.py,runs/ronawho-2020-10-08/cray-cs-hdr/data/print.py,48,1,0,0.0
Bears-R-Us__arkouda-1969,random,arkouda/dataframe.py,runs/ronawho-2020-04-16/cray-cs/data/print.py,48,1,0,0.0
Bears-R-Us__arkouda-1969,random,arkouda/dataframe.py,benchmarks/flatten.py,48,5,0,0.0
Bears-R-Us__arkouda-1969,random,arkouda/dataframe.py,examples/cos_dist.py,48,2,0,0.0
Bears-R-Us__arkouda-1969,random,arkouda/io.py,arkouda/series.py,1,13,0,0.0
Bears-R-Us__arkouda-1969,random,arkouda/io.py,arkouda/row.py,1,2,0,0.0
Bears-R-Us__arkouda-1969,random,arkouda/io.py,converter/hdflow.py,1,4,0,0.0
Bears-R-Us__arkouda-1969,random,arkouda/io.py,arkouda/util.py,1,21,1,0.047619
Bears-R-Us__arkouda-1969,random,arkouda/io.py,benchmarks/gather.py,1,13,0,0.0
Bears-R-Us__arkouda-1969,random,arkouda/io.py,benchmarks/str-gather.py,1,3,0,0.0
Bears-R-Us__arkouda-1969,random,arkouda/io.py,arkouda/plotting.py,1,2,0,0.0
Bears-R-Us__arkouda-1969,random,arkouda/io.py,benchmarks/array_transfer.py,1,4,0,0.0
Bears-R-Us__arkouda-1969,random,arkouda/io.py,converter/lanl_format.py,1,4,0,0.0
Bears-R-Us__arkouda-1969,random,arkouda/io.py,arkouda/groupbyclass.py,1,92,0,0.0
Bears-R-Us__arkouda-1969,gold-other,arkouda/dataframe.py,arkouda/io.py,48,1,1,0.020833
Bears-R-Us__arkouda-1969,gold-other,arkouda/io.py,arkouda/dataframe.py,1,48,1,0.020833
huggingface__transformers-22498,random,src/transformers/modeling_utils.py,src/transformers/models/sew_d/configuration_sew_d.py,347,17,3,0.00831
huggingface__transformers-22498,random,src/transformers/modeling_utils.py,src/transformers/models/albert/__init__.py,347,10,1,0.002809
huggingface__transformers-22498,random,src/transformers/modeling_utils.py,src/transformers/models/levit/modeling_levit.py,347,6,0,0.0
huggingface__transformers-22498,random,src/transformers/modeling_utils.py,src/transformers/models/align/modeling_align.py,347,3,0,0.0
huggingface__transformers-22498,random,src/transformers/modeling_utils.py,src/transformers/models/t5/modeling_tf_t5.py,347,74,9,0.021845
huggingface__transformers-22498,random,src/transformers/modeling_utils.py,src/transformers/trainer_tf.py,347,55,7,0.017722
huggingface__transformers-22498,random,src/transformers/modeling_utils.py,src/transformers/models/whisper/modeling_whisper.py,347,32,1,0.002646
huggingface__transformers-22498,random,src/transformers/modeling_utils.py,src/transformers/trainer_seq2seq.py,347,32,7,0.018817
huggingface__transformers-22498,random,src/transformers/modeling_utils.py,examples/research_projects/movement-pruning/masked_run_glue.py,347,8,3,0.008523
huggingface__transformers-22498,random,src/transformers/modeling_utils.py,src/transformers/models/cvt/__init__.py,347,4,0,0.0
huggingface__transformers-22498,random,src/transformers/trainer.py,src/transformers/models/big_bird/modeling_flax_big_bird.py,467,27,5,0.010225
huggingface__transformers-22498,random,src/transformers/trainer.py,src/transformers/utils/generic.py,467,15,3,0.006263
huggingface__transformers-22498,random,src/transformers/trainer.py,src/transformers/models/layoutxlm/__init__.py,467,7,1,0.002114
huggingface__transformers-22498,random,src/transformers/trainer.py,src/transformers/models/owlvit/convert_owlvit_original_flax_to_hf.py,467,4,2,0.004264
huggingface__transformers-22498,random,src/transformers/trainer.py,src/transformers/models/dpt/image_processing_dpt.py,467,6,1,0.002119
huggingface__transformers-22498,random,src/transformers/trainer.py,src/transformers/models/levit/__init__.py,467,4,0,0.0
huggingface__transformers-22498,random,src/transformers/trainer.py,src/transformers/models/decision_transformer/modeling_decision_transformer.py,467,20,4,0.008282
huggingface__transformers-22498,random,src/transformers/trainer.py,src/transformers/models/ernie_m/tokenization_ernie_m.py,467,2,1,0.002137
huggingface__transformers-22498,random,src/transformers/trainer.py,src/transformers/models/wav2vec2_conformer/modeling_wav2vec2_conformer.py,467,15,1,0.002079
huggingface__transformers-22498,random,src/transformers/trainer.py,src/transformers/models/unispeech/__init__.py,467,6,1,0.002119
huggingface__transformers-22498,random,src/transformers/training_args.py,src/transformers/models/esm/modeling_esmfold.py,220,8,1,0.004405
huggingface__transformers-22498,random,src/transformers/training_args.py,examples/pytorch/language-modeling/run_plm.py,220,61,5,0.018116
huggingface__transformers-22498,random,src/transformers/training_args.py,src/transformers/models/rembert/tokenization_rembert_fast.py,220,8,5,0.022422
huggingface__transformers-22498,random,src/transformers/training_args.py,src/transformers/models/perceiver/modeling_perceiver.py,220,40,7,0.027668
huggingface__transformers-22498,random,src/transformers/training_args.py,examples/research_projects/quantization-qdqbert/utils_qa.py,220,2,0,0.0
huggingface__transformers-22498,random,src/transformers/training_args.py,src/transformers/models/tapas/configuration_tapas.py,220,9,5,0.022321
huggingface__transformers-22498,random,src/transformers/training_args.py,src/transformers/models/decision_transformer/configuration_decision_transformer.py,220,6,2,0.008929
huggingface__transformers-22498,random,src/transformers/training_args.py,src/transformers/models/upernet/modeling_upernet.py,220,4,0,0.0
huggingface__transformers-22498,random,src/transformers/training_args.py,examples/research_projects/rag/parse_dpr_relevance_data.py,220,1,0,0.0
huggingface__transformers-22498,random,src/transformers/training_args.py,examples/pytorch/language-modeling/run_clm.py,220,74,7,0.02439
huggingface__transformers-22498,gold-other,src/transformers/modeling_utils.py,src/transformers/trainer.py,347,467,36,0.046272
huggingface__transformers-22498,gold-other,src/transformers/modeling_utils.py,src/transformers/training_args.py,347,220,22,0.040367
huggingface__transformers-22498,gold-other,src/transformers/trainer.py,src/transformers/modeling_utils.py,467,347,36,0.046272
huggingface__transformers-22498,gold-other,src/transformers/trainer.py,src/transformers/training_args.py,467,220,120,0.21164
huggingface__transformers-22498,gold-other,src/transformers/training_args.py,src/transformers/modeling_utils.py,220,347,22,0.040367
huggingface__transformers-22498,gold-other,src/transformers/training_args.py,src/transformers/trainer.py,220,467,120,0.21164
JackPlowman__repo_standards_validator-137,random,validator/__main__.py,validator/custom_logging.py,11,3,3,0.272727
JackPlowman__repo_standards_validator-137,random,validator/__main__.py,validator/action_summary.py,11,2,2,0.181818
JackPlowman__repo_standards_validator-137,random,validator/__main__.py,validator/configuration.py,11,1,1,0.090909
JackPlowman__repo_standards_validator-137,random,validator/__main__.py,validator/git_actions.py,11,1,1,0.090909
JackPlowman__repo_standards_validator-137,random,validator/__main__.py,validator/__init__.py,11,1,1,0.090909
JackPlowman__repo_standards_validator-137,random,validator/__main__.py,validator/repositories.py,11,3,3,0.272727
JackPlowman__repo_standards_validator-137,random,validator/__main__.py,validator/custom_types.py,11,12,1,0.045455
JackPlowman__repo_standards_validator-137,random,validator/__main__.py,validator/file.py,11,2,0,0.0
JackPlowman__repo_standards_validator-137,random,validator/repository_checks.py,validator/__init__.py,15,1,0,0.0
JackPlowman__repo_standards_validator-137,random,validator/repository_checks.py,validator/file.py,15,2,2,0.133333
JackPlowman__repo_standards_validator-137,random,validator/repository_checks.py,validator/repositories.py,15,3,2,0.125
JackPlowman__repo_standards_validator-137,random,validator/repository_checks.py,validator/configuration.py,15,1,0,0.0
JackPlowman__repo_standards_validator-137,random,validator/repository_checks.py,validator/custom_types.py,15,12,12,0.8
JackPlowman__repo_standards_validator-137,random,validator/repository_checks.py,validator/custom_logging.py,15,3,1,0.058824
JackPlowman__repo_standards_validator-137,random,validator/repository_checks.py,validator/git_actions.py,15,1,0,0.0
JackPlowman__repo_standards_validator-137,random,validator/repository_checks.py,validator/action_summary.py,15,2,1,0.0625
JackPlowman__repo_standards_validator-137,gold-other,validator/__main__.py,validator/repository_checks.py,11,15,3,0.130435
JackPlowman__repo_standards_validator-137,gold-other,validator/repository_checks.py,validator/__main__.py,15,11,3,0.130435
django__django-19043,gold,django/forms/forms.py,django/forms/fields.py,168,252,42,0.111111
django__django-19043,gold,django/forms/forms.py,django/forms/renderers.py,168,17,4,0.022099
django__django-19043,random,django/forms/forms.py,django/contrib/auth/migrations/0008_alter_user_username_max_length.py,168,8,2,0.011494
django__django-19043,random,django/forms/forms.py,django/forms/models.py,168,331,43,0.094298
django__django-19043,random,django/forms/forms.py,django/contrib/gis/db/backends/spatialite/base.py,168,32,2,0.010101
django__django-19043,random,django/forms/forms.py,django/contrib/admin/models.py,168,49,13,0.063725
django__django-19043,random,django/forms/forms.py,django/db/backends/mysql/client.py,168,24,1,0.005236
django__django-19043,random,django/forms/forms.py,django/db/models/fields/composite.py,168,3,0,0.0
django__django-19043,random,django/forms/forms.py,django/core/management/commands/migrate.py,168,125,7,0.024476
django__django-19043,random,django/forms/forms.py,django/db/backends/oracle/oracledb_any.py,168,2,0,0.0
django__django-19043,random,django/forms/forms.py,django/conf/locale/en_AU/formats.py,168,9,2,0.011429
django__django-19043,random,django/forms/forms.py,django/contrib/gis/utils/ogrinspect.py,168,32,8,0.041667
django__django-19043,gold-other,django/forms/fields.py,django/forms/forms.py,252,168,42,0.111111
django__django-19043,gold-other,django/forms/fields.py,django/forms/renderers.py,252,17,3,0.011278
django__django-19043,gold-other,django/forms/renderers.py,django/forms/fields.py,17,252,3,0.011278
django__django-19043,gold-other,django/forms/renderers.py,django/forms/forms.py,17,168,4,0.022099
pandas-dev__pandas-29944,random,pandas/plotting/_core.py,pandas/core/reshape/__init__.py,167,1,1,0.005988
pandas-dev__pandas-29944,random,pandas/plotting/_core.py,pandas/core/computation/ops.py,167,47,7,0.033816
pandas-dev__pandas-29944,random,pandas/plotting/_core.py,scripts/validate_min_versions_in_sync.py,167,1,0,0.0
pandas-dev__pandas-29944,random,pandas/plotting/_core.py,scripts/run_vulture.py,167,1,0,0.0
pandas-dev__pandas-29944,random,pandas/plotting/_core.py,pandas/io/html.py,167,126,16,0.057762
pandas-dev__pandas-29944,random,pandas/plotting/_core.py,pandas/core/ops/mask_ops.py,167,7,1,0.00578
pandas-dev__pandas-29944,random,pandas/plotting/_core.py,pandas/_testing/__init__.py,167,53,1,0.004566
pandas-dev__pandas-29944,random,pandas/plotting/_core.py,pandas/core/computation/parsing.py,167,13,3,0.016949
pandas-dev__pandas-29944,random,pandas/plotting/_core.py,pandas/compat/chainmap.py,167,11,2,0.011364
pandas-dev__pandas-29944,random,pandas/plotting/_core.py,pandas/core/window/common.py,167,32,1,0.005051
pandas-dev__pandas-29944,random,pandas/plotting/_matplotlib/core.py,asv_bench/benchmarks/inference.py,80,26,2,0.019231
pandas-dev__pandas-29944,random,pandas/plotting/_matplotlib/core.py,asv_bench/benchmarks/categoricals.py,80,49,1,0.007812
pandas-dev__pandas-29944,random,pandas/plotting/_matplotlib/core.py,pandas/io/date_converters.py,80,21,1,0.01
pandas-dev__pandas-29944,random,pandas/plotting/_matplotlib/core.py,pandas/core/accessor.py,80,43,3,0.025
pandas-dev__pandas-29944,random,pandas/plotting/_matplotlib/core.py,pandas/api/indexers/__init__.py,80,8,0,0.0
pandas-dev__pandas-29944,random,pandas/plotting/_matplotlib/core.py,pandas/core/strings/accessor.py,80,56,2,0.014925
pandas-dev__pandas-29944,random,pandas/plotting/_matplotlib/core.py,asv_bench/benchmarks/gil.py,80,31,3,0.027778
pandas-dev__pandas-29944,random,pandas/plotting/_matplotlib/core.py,asv_bench/benchmarks/algorithms.py,80,33,1,0.008929
pandas-dev__pandas-29944,random,pandas/plotting/_matplotlib/core.py,pandas/core/array_algos/take.py,80,24,0,0.0
pandas-dev__pandas-29944,random,pandas/plotting/_matplotlib/core.py,asv_bench/benchmarks/multiindex_object.py,80,18,2,0.020833
pandas-dev__pandas-29944,gold-other,pandas/plotting/_core.py,pandas/plotting/_matplotlib/core.py,167,80,20,0.088106
pandas-dev__pandas-29944,gold-other,pandas/plotting/_matplotlib/core.py,pandas/plotting/_core.py,80,167,20,0.088106
scikit-learn__scikit-learn-16948,gold,examples/applications/plot_topics_extraction_with_nmf_lda.py,sklearn/decomposition/__init__.py,11,32,0,0.0
scikit-learn__scikit-learn-16948,gold,examples/applications/plot_topics_extraction_with_nmf_lda.py,sklearn/decomposition/_nmf.py,11,35,0,0.0
scikit-learn__scikit-learn-16948,gold,examples/applications/plot_topics_extraction_with_nmf_lda.py,sklearn/utils/estimator_checks.py,11,352,2,0.00554
scikit-learn__scikit-learn-16948,random,examples/applications/plot_topics_extraction_with_nmf_lda.py,sklearn/linear_model/_linear_loss.py,11,2,0,0.0
scikit-learn__scikit-learn-16948,random,examples/applications/plot_topics_extraction_with_nmf_lda.py,examples/miscellaneous/plot_multioutput_face_completion.py,11,3,1,0.076923
scikit-learn__scikit-learn-16948,random,examples/applications/plot_topics_extraction_with_nmf_lda.py,sklearn/utils/_estimator_html_repr.py,11,15,0,0.0
scikit-learn__scikit-learn-16948,random,examples/applications/plot_topics_extraction_with_nmf_lda.py,benchmarks/bench_multilabel_metrics.py,11,10,1,0.05
scikit-learn__scikit-learn-16948,random,examples/applications/plot_topics_extraction_with_nmf_lda.py,asv_benchmarks/benchmarks/svm.py,11,2,0,0.0
scikit-learn__scikit-learn-16948,random,examples/applications/plot_topics_extraction_with_nmf_lda.py,sklearn/metrics/_ranking.py,11,50,0,0.0
scikit-learn__scikit-learn-16948,random,examples/applications/plot_topics_extraction_with_nmf_lda.py,asv_benchmarks/benchmarks/cluster.py,11,3,0,0.0
scikit-learn__scikit-learn-16948,random,examples/applications/plot_topics_extraction_with_nmf_lda.py,sklearn/_loss/__init__.py,11,3,0,0.0
scikit-learn__scikit-learn-16948,random,examples/applications/plot_topics_extraction_with_nmf_lda.py,sklearn/pipeline.py,11,176,1,0.005376
scikit-learn__scikit-learn-16948,random,examples/applications/plot_topics_extraction_with_nmf_lda.py,examples/semi_supervised/plot_semi_supervised_newsgroups.py,11,4,1,0.071429
scikit-learn__scikit-learn-16948,gold-other,sklearn/decomposition/__init__.py,examples/applications/plot_topics_extraction_with_nmf_lda.py,32,11,0,0.0
scikit-learn__scikit-learn-16948,gold-other,sklearn/decomposition/__init__.py,sklearn/decomposition/_nmf.py,32,35,2,0.030769
scikit-learn__scikit-learn-16948,gold-other,sklearn/decomposition/__init__.py,sklearn/utils/estimator_checks.py,32,352,4,0.010526
scikit-learn__scikit-learn-16948,gold-other,sklearn/decomposition/_nmf.py,examples/applications/plot_topics_extraction_with_nmf_lda.py,35,11,0,0.0
scikit-learn__scikit-learn-16948,gold-other,sklearn/decomposition/_nmf.py,sklearn/decomposition/__init__.py,35,32,2,0.030769
scikit-learn__scikit-learn-16948,gold-other,sklearn/decomposition/_nmf.py,sklearn/utils/estimator_checks.py,35,352,10,0.026525
scikit-learn__scikit-learn-16948,gold-other,sklearn/utils/estimator_checks.py,examples/applications/plot_topics_extraction_with_nmf_lda.py,352,11,2,0.00554
scikit-learn__scikit-learn-16948,gold-other,sklearn/utils/estimator_checks.py,sklearn/decomposition/__init__.py,352,32,4,0.010526
scikit-learn__scikit-learn-16948,gold-other,sklearn/utils/estimator_checks.py,sklearn/decomposition/_nmf.py,352,35,10,0.026525
pandas-dev__pandas-21401,random,pandas/core/generic.py,pandas/io/formats/html.py,902,10,1,0.001098
pandas-dev__pandas-21401,random,pandas/core/generic.py,pandas/core/reshape/merge.py,902,47,10,0.01065
pandas-dev__pandas-21401,random,pandas/core/generic.py,pandas/core/missing.py,902,29,16,0.017486
pandas-dev__pandas-21401,random,pandas/core/generic.py,pandas/core/indexes/category.py,902,63,9,0.009414
pandas-dev__pandas-21401,random,pandas/core/generic.py,pandas/plotting/_timeseries.py,902,8,3,0.003308
pandas-dev__pandas-21401,random,pandas/core/generic.py,pandas/io/feather_format.py,902,12,1,0.001095
pandas-dev__pandas-21401,random,pandas/core/generic.py,pandas/io/clipboard/__init__.py,902,3,1,0.001106
pandas-dev__pandas-21401,random,pandas/core/generic.py,scripts/merge-pr.py,902,6,1,0.001103
pandas-dev__pandas-21401,random,pandas/core/generic.py,pandas/core/config.py,902,64,14,0.014706
pandas-dev__pandas-21401,random,pandas/core/generic.py,pandas/core/reshape/pivot.py,902,32,9,0.00973
pandas-dev__pandas-21401,random,pandas/io/sql.py,pandas/core/groupby/categorical.py,175,3,1,0.00565
pandas-dev__pandas-21401,random,pandas/io/sql.py,pandas/compat/numpy/function.py,175,17,3,0.015873
pandas-dev__pandas-21401,random,pandas/io/sql.py,pandas/core/indexes/category.py,175,63,2,0.008475
pandas-dev__pandas-21401,random,pandas/io/sql.py,pandas/core/dtypes/common.py,175,42,2,0.009302
pandas-dev__pandas-21401,random,pandas/io/sql.py,asv_bench/benchmarks/frame_ctor.py,175,18,3,0.015789
pandas-dev__pandas-21401,random,pandas/io/sql.py,pandas/core/computation/scope.py,175,4,1,0.005618
pandas-dev__pandas-21401,random,pandas/io/sql.py,pandas/util/_depr_module.py,175,2,0,0.0
pandas-dev__pandas-21401,random,pandas/io/sql.py,pandas/plotting/_compat.py,175,7,1,0.005525
pandas-dev__pandas-21401,random,pandas/io/sql.py,pandas/core/reshape/util.py,175,5,1,0.005587
pandas-dev__pandas-21401,random,pandas/io/sql.py,pandas/io/common.py,175,80,11,0.045082
pandas-dev__pandas-21401,gold-other,pandas/core/generic.py,pandas/io/sql.py,902,175,32,0.030622
pandas-dev__pandas-21401,gold-other,pandas/io/sql.py,pandas/core/generic.py,175,902,32,0.030622
webcompat__webcompat.com-2731,random,webcompat/api/endpoints.py,webcompat/api/__init__.py,158,2,2,0.012658
webcompat__webcompat.com-2731,random,webcompat/api/endpoints.py,tools/labels.py,158,1,0,0.0
webcompat__webcompat.com-2731,random,webcompat/api/endpoints.py,webcompat/webhooks/__init__.py,158,16,1,0.00578
webcompat__webcompat.com-2731,random,webcompat/api/endpoints.py,webcompat/api/uploads.py,158,22,0,0.0
webcompat__webcompat.com-2731,random,webcompat/api/endpoints.py,webcompat/db/__init__.py,158,16,0,0.0
webcompat__webcompat.com-2731,random,webcompat/api/endpoints.py,webcompat/webhooks/helpers.py,158,37,0,0.0
webcompat__webcompat.com-2731,random,webcompat/api/endpoints.py,config/environment.py,158,13,1,0.005882
webcompat__webcompat.com-2731,random,webcompat/api/endpoints.py,webcompat/error_handlers/__init__.py,158,2,0,0.0
webcompat__webcompat.com-2731,random,webcompat/api/endpoints.py,webcompat/views.py,158,235,15,0.039683
webcompat__webcompat.com-2731,random,webcompat/api/endpoints.py,tools/changelog.py,158,6,0,0.0
webcompat__webcompat.com-2731,random,webcompat/helpers.py,webcompat/views.py,111,235,24,0.074534
webcompat__webcompat.com-2731,random,webcompat/helpers.py,webcompat/__init__.py,111,33,2,0.014085
webcompat__webcompat.com-2731,random,webcompat/helpers.py,webcompat/webhooks/__init__.py,111,16,2,0.016
webcompat__webcompat.com-2731,random,webcompat/helpers.py,webcompat/dashboard.py,111,8,0,0.0
webcompat__webcompat.com-2731,random,webcompat/helpers.py,webcompat/webhooks/helpers.py,111,37,3,0.02069
webcompat__webcompat.com-2731,random,webcompat/helpers.py,tools/changelog.py,111,6,0,0.0
webcompat__webcompat.com-2731,random,webcompat/helpers.py,run.py,111,44,0,0.0
webcompat__webcompat.com-2731,random,webcompat/helpers.py,tools/topsites.py,111,8,0,0.0
webcompat__webcompat.com-2731,random,webcompat/helpers.py,webcompat/form.py,111,96,8,0.040201
webcompat__webcompat.com-2731,random,webcompat/helpers.py,webcompat/issues.py,111,59,6,0.036585
webcompat__webcompat.com-2731,gold-other,webcompat/api/endpoints.py,webcompat/helpers.py,158,111,14,0.054902
webcompat__webcompat.com-2731,gold-other,webcompat/helpers.py,webcompat/api/endpoints.py,111,158,14,0.054902
pulp__pulp_rpm-3224,random,pulp_rpm/app/tasks/publishing.py,pulp_rpm/app/viewsets/advisory.py,81,5,0,0.0
pulp__pulp_rpm-3224,random,pulp_rpm/app/tasks/publishing.py,pulp_rpm/app/viewsets/acs.py,81,6,1,0.011628
pulp__pulp_rpm-3224,random,pulp_rpm/app/tasks/publishing.py,pulp_rpm/app/models/distribution.py,81,15,3,0.032258
pulp__pulp_rpm-3224,random,pulp_rpm/app/tasks/publishing.py,pulp_rpm/app/models/advisory.py,81,22,2,0.019802
pulp__pulp_rpm-3224,random,pulp_rpm/app/tasks/publishing.py,pulp_rpm/app/migrations/0020_remove_updatecollection_m2m.py,81,1,0,0.0
pulp__pulp_rpm-3224,random,pulp_rpm/app/tasks/publishing.py,pulp_rpm/app/migrations/0036_checksum_type.py,81,1,1,0.012346
pulp__pulp_rpm-3224,random,pulp_rpm/app/tasks/publishing.py,pulp_rpm/app/migrations/0018_updatecollection__update_record.py,81,1,0,0.0
pulp__pulp_rpm-3224,random,pulp_rpm/app/tasks/publishing.py,pulp_rpm/app/replica.py,81,1,0,0.0
pulp__pulp_rpm-3224,random,pulp_rpm/app/tasks/publishing.py,pulp_rpm/app/migrations/0008_advisory_pkg_sumtype_as_int.py,81,1,0,0.0
pulp__pulp_rpm-3224,random,pulp_rpm/app/tasks/publishing.py,pulp_rpm/app/migrations/0002_updaterecord_reboot_suggested.py,81,1,0,0.0
pulp__pulp_rpm-3224,random,pulp_rpm/app/tasks/synchronizing.py,pulp_rpm/app/migrations/0035_fix_auto_publish.py,152,1,0,0.0
pulp__pulp_rpm-3224,random,pulp_rpm/app/tasks/synchronizing.py,pulp_rpm/app/exceptions.py,152,5,4,0.026144
pulp__pulp_rpm-3224,random,pulp_rpm/app/tasks/synchronizing.py,pulp_rpm/app/migrations/0051_alter_distributiontree_unique_together_and_more.py,152,1,1,0.006579
pulp__pulp_rpm-3224,random,pulp_rpm/app/tasks/synchronizing.py,pulp_rpm/app/migrations/0036_checksum_type.py,152,1,0,0.0
pulp__pulp_rpm-3224,random,pulp_rpm/app/tasks/synchronizing.py,pulp_rpm/app/migrations/0006_opensuse_support.py,152,1,0,0.0
pulp__pulp_rpm-3224,random,pulp_rpm/app/tasks/synchronizing.py,pulp_rpm/app/migrations/0047_modulemd_datefield.py,152,1,1,0.006579
pulp__pulp_rpm-3224,random,pulp_rpm/app/tasks/synchronizing.py,pulp_rpm/app/comps.py,152,4,2,0.012987
pulp__pulp_rpm-3224,random,pulp_rpm/app/tasks/synchronizing.py,pulp_rpm/app/downloaders.py,152,18,6,0.036585
pulp__pulp_rpm-3224,random,pulp_rpm/app/tasks/synchronizing.py,pulp_rpm/app/migrations/0040_rpmalternatecontentsource.py,152,1,1,0.006579
pulp__pulp_rpm-3224,random,pulp_rpm/app/tasks/synchronizing.py,pulp_rpm/app/migrations/0033_new_distribution_model.py,152,1,1,0.006579
pulp__pulp_rpm-3224,gold-other,pulp_rpm/app/tasks/publishing.py,pulp_rpm/app/tasks/synchronizing.py,81,152,27,0.131068
pulp__pulp_rpm-3224,gold-other,pulp_rpm/app/tasks/synchronizing.py,pulp_rpm/app/tasks/publishing.py,152,81,27,0.131068
sancus-tee__sancus-compiler-36,random,src/drivers/linker.py,src/drivers/sancus/paths.py,55,1,1,0.018182
sancus-tee__sancus-compiler-36,random,src/drivers/linker.py,src/drivers/common.py,55,13,10,0.172414
sancus-tee__sancus-compiler-36,random,src/drivers/linker.py,src/drivers/sancus/__init__.py,55,1,1,0.018182
sancus-tee__sancus-compiler-36,random,src/drivers/linker.py,src/drivers/compiler.py,55,18,9,0.140625
sancus-tee__sancus-compiler-36,random,src/drivers/linker.py,src/drivers/sancus/crypto.py,55,13,2,0.030303
sancus-tee__sancus-compiler-36,random,src/drivers/sancus/sancus_config.py,src/drivers/sancus/__init__.py,2,1,0,0.0
sancus-tee__sancus-compiler-36,random,src/drivers/sancus/sancus_config.py,src/drivers/common.py,2,13,0,0.0
sancus-tee__sancus-compiler-36,random,src/drivers/sancus/sancus_config.py,src/drivers/sancus/paths.py,2,1,0,0.0
sancus-tee__sancus-compiler-36,random,src/drivers/sancus/sancus_config.py,src/drivers/compiler.py,2,18,0,0.0
sancus-tee__sancus-compiler-36,random,src/drivers/sancus/sancus_config.py,src/drivers/sancus/crypto.py,2,13,0,0.0
sancus-tee__sancus-compiler-36,gold-other,src/drivers/linker.py,src/drivers/sancus/sancus_config.py,55,2,1,0.017857
sancus-tee__sancus-compiler-36,gold-other,src/drivers/sancus/sancus_config.py,src/drivers/linker.py,2,55,1,0.017857
home-assistant__core-15182,random,homeassistant/components/http/__init__.py,homeassistant/components/light/qwikswitch.py,79,10,0,0.0
home-assistant__core-15182,random,homeassistant/components/http/__init__.py,homeassistant/components/spc.py,79,6,0,0.0
home-assistant__core-15182,random,homeassistant/components/http/__init__.py,homeassistant/components/image_processing/__init__.py,79,14,1,0.01087
home-assistant__core-15182,random,homeassistant/components/http/__init__.py,homeassistant/components/cover/group.py,79,1,0,0.0
home-assistant__core-15182,random,homeassistant/components/http/__init__.py,homeassistant/components/sensor/mfi.py,79,19,0,0.0
home-assistant__core-15182,random,homeassistant/components/http/__init__.py,homeassistant/components/zone/__init__.py,79,3,0,0.0
home-assistant__core-15182,random,homeassistant/components/http/__init__.py,homeassistant/components/lock/nello.py,79,3,0,0.0
home-assistant__core-15182,random,homeassistant/components/http/__init__.py,homeassistant/components/binary_sensor/hikvision.py,79,14,2,0.021978
home-assistant__core-15182,random,homeassistant/components/http/__init__.py,homeassistant/components/light/knx.py,79,16,0,0.0
home-assistant__core-15182,random,homeassistant/components/http/__init__.py,homeassistant/components/alarm_control_panel/arlo.py,79,5,0,0.0
home-assistant__core-15182,random,homeassistant/components/http/real_ip.py,homeassistant/components/notify/command_line.py,2,9,0,0.0
home-assistant__core-15182,random,homeassistant/components/http/real_ip.py,homeassistant/components/sensor/arlo.py,2,7,0,0.0
home-assistant__core-15182,random,homeassistant/components/http/real_ip.py,homeassistant/components/zone/config_flow.py,2,1,0,0.0
home-assistant__core-15182,random,homeassistant/components/http/real_ip.py,homeassistant/components/device_tracker/tomato.py,2,19,0,0.0
home-assistant__core-15182,random,homeassistant/components/http/real_ip.py,homeassistant/components/fan/insteon_plm.py,2,2,0,0.0
home-assistant__core-15182,random,homeassistant/components/http/real_ip.py,homeassistant/components/sensor/openweathermap.py,2,49,0,0.0
home-assistant__core-15182,random,homeassistant/components/http/real_ip.py,homeassistant/helpers/entity_values.py,2,1,0,0.0
home-assistant__core-15182,random,homeassistant/components/http/real_ip.py,homeassistant/components/sensor/homematic.py,2,24,0,0.0
home-assistant__core-15182,random,homeassistant/components/http/real_ip.py,homeassistant/components/device_tracker/google_maps.py,2,7,0,0.0
home-assistant__core-15182,random,homeassistant/components/http/real_ip.py,homeassistant/components/camera/usps.py,2,2,0,0.0
home-assistant__core-15182,gold-other,homeassistant/components/http/__init__.py,homeassistant/components/http/real_ip.py,79,2,2,0.025316
home-assistant__core-15182,gold-other,homeassistant/components/http/real_ip.py,homeassistant/components/http/__init__.py,2,79,2,0.025316
Innopoints__backend-124,gold,innopoints/blueprints.py,innopoints/schemas/account.py,5,10,0,0.0
Innopoints__backend-124,gold,innopoints/blueprints.py,innopoints/views/account.py,5,29,0,0.0
Innopoints__backend-124,gold,innopoints/blueprints.py,innopoints/views/authentication.py,5,25,1,0.034483
Innopoints__backend-124,random,innopoints/blueprints.py,innopoints/core/file_manager/__init__.py,5,6,0,0.0
Innopoints__backend-124,random,innopoints/blueprints.py,innopoints/views/application.py,5,41,0,0.0
Innopoints__backend-124,random,innopoints/blueprints.py,migrations/versions/c8f1d96845f3_remove_the_organizer_field.py,5,1,0,0.0
Innopoints__backend-124,random,innopoints/blueprints.py,innopoints/models/application.py,5,14,0,0.0
Innopoints__backend-124,random,innopoints/blueprints.py,run.py,5,10,1,0.071429
Innopoints__backend-124,random,innopoints/blueprints.py,innopoints/models/variety.py,5,11,0,0.0
Innopoints__backend-124,random,innopoints/blueprints.py,innopoints/schemas/variety.py,5,13,0,0.0
Innopoints__backend-124,random,innopoints/blueprints.py,migrations/env.py,5,4,0,0.0
Innopoints__backend-124,random,innopoints/blueprints.py,innopoints/core/timezone.py,5,2,0,0.0
Innopoints__backend-124,random,innopoints/blueprints.py,innopoints/models/account.py,5,19,0,0.0
Innopoints__backend-124,gold,innopoints/core/helpers.py,innopoints/schemas/account.py,1,10,0,0.0
Innopoints__backend-124,gold,innopoints/core/helpers.py,innopoints/views/account.py,1,29,1,0.034483
Innopoints__backend-124,gold,innopoints/core/helpers.py,innopoints/views/authentication.py,1,25,1,0.04
Innopoints__backend-124,random,innopoints/core/helpers.py,innopoints/core/file_manager/__init__.py,1,6,0,0.0
Innopoints__backend-124,random,innopoints/core/helpers.py,innopoints/views/notification.py,1,14,1,0.071429
Innopoints__backend-124,random,innopoints/core/helpers.py,innopoints/models/project.py,1,11,0,0.0
Innopoints__backend-124,random,innopoints/core/helpers.py,innopoints/models/product.py,1,7,0,0.0
Innopoints__backend-124,random,innopoints/core/helpers.py,innopoints/schemas/activity.py,1,19,0,0.0
Innopoints__backend-124,random,innopoints/core/helpers.py,innopoints/models/notification.py,1,11,0,0.0
Innopoints__backend-124,random,innopoints/core/helpers.py,migrations/versions/bdeeeacbec4d_initial_schema.py,1,1,0,0.0
Innopoints__backend-124,random,innopoints/core/helpers.py,innopoints/views/variety.py,1,22,1,0.045455
Innopoints__backend-124,random,innopoints/core/helpers.py,innopoints/extensions.py,1,9,0,0.0
Innopoints__backend-124,random,innopoints/core/helpers.py,run.py,1,10,0,0.0
Innopoints__backend-124,gold-other,innopoints/blueprints.py,innopoints/core/helpers.py,5,1,0,0.0
Innopoints__backend-124,gold-other,innopoints/core/helpers.py,innopoints/blueprints.py,1,5,0,0.0
Innopoints__backend-124,gold-other,innopoints/schemas/account.py,innopoints/blueprints.py,10,5,0,0.0
Innopoints__backend-124,gold-other,innopoints/schemas/account.py,innopoints/core/helpers.py,10,1,0,0.0
Innopoints__backend-124,gold-other,innopoints/schemas/account.py,innopoints/views/account.py,10,29,4,0.114286
Innopoints__backend-124,gold-other,innopoints/schemas/account.py,innopoints/views/authentication.py,10,25,0,0.0
Innopoints__backend-124,gold-other,innopoints/views/account.py,innopoints/blueprints.py,29,5,0,0.0
Innopoints__backend-124,gold-other,innopoints/views/account.py,innopoints/core/helpers.py,29,1,1,0.034483
Innopoints__backend-124,gold-other,innopoints/views/account.py,innopoints/schemas/account.py,29,10,4,0.114286
Innopoints__backend-124,gold-other,innopoints/views/account.py,innopoints/views/authentication.py,29,25,2,0.038462
Innopoints__backend-124,gold-other,innopoints/views/authentication.py,innopoints/blueprints.py,25,5,1,0.034483
Innopoints__backend-124,gold-other,innopoints/views/authentication.py,innopoints/core/helpers.py,25,1,1,0.04
Innopoints__backend-124,gold-other,innopoints/views/authentication.py,innopoints/schemas/account.py,25,10,0,0.0
Innopoints__backend-124,gold-other,innopoints/views/authentication.py,innopoints/views/account.py,25,29,2,0.038462
modin-project__modin-3404,random,modin/experimental/xgboost/xgboost.py,asv_bench/benchmarks/omnisci/benchmarks.py,9,9,0,0.0
modin-project__modin-3404,random,modin/experimental/xgboost/xgboost.py,modin/core/execution/ray/generic/modin_aqp.py,9,1,0,0.0
modin-project__modin-3404,random,modin/experimental/xgboost/xgboost.py,modin/pandas/dataframe.py,9,233,0,0.0
modin-project__modin-3404,random,modin/experimental/xgboost/xgboost.py,modin/core/execution/dask/implementations/pandas_on_dask/dataframe/__init__.py,9,1,0,0.0
modin-project__modin-3404,random,modin/experimental/xgboost/xgboost.py,modin/core/execution/python/implementations/pandas_on_python/dataframe/dataframe.py,9,2,0,0.0
modin-project__modin-3404,random,modin/experimental/xgboost/xgboost.py,modin/experimental/cloud/omnisci.py,9,4,0,0.0
modin-project__modin-3404,random,modin/experimental/xgboost/xgboost.py,modin/core/execution/ray/implementations/pandas_on_ray/partitioning/__init__.py,9,1,0,0.0
modin-project__modin-3404,random,modin/experimental/xgboost/xgboost.py,modin/core/storage_formats/pandas/query_compiler.py,9,4,0,0.0
modin-project__modin-3404,random,modin/experimental/xgboost/xgboost.py,stress_tests/kaggle/kaggle22.py,9,1,0,0.0
modin-project__modin-3404,random,modin/experimental/xgboost/xgboost.py,modin/experimental/core/execution/ray/implementations/pyarrow_on_ray/io/__init__.py,9,1,0,0.0
modin-project__modin-3404,random,modin/experimental/xgboost/xgboost_ray.py,modin/pandas/io.py,12,56,0,0.0
modin-project__modin-3404,random,modin/experimental/xgboost/xgboost_ray.py,modin/core/execution/ray/generic/modin_aqp.py,12,1,0,0.0
modin-project__modin-3404,random,modin/experimental/xgboost/xgboost_ray.py,examples/docker/modin-ray/plasticc.py,12,1,0,0.0
modin-project__modin-3404,random,modin/experimental/xgboost/xgboost_ray.py,modin/core/execution/ray/implementations/cudf_on_ray/io/text/csv_dispatcher.py,12,2,1,0.076923
modin-project__modin-3404,random,modin/experimental/xgboost/xgboost_ray.py,modin/core/storage_formats/pyarrow/__init__.py,12,2,1,0.076923
modin-project__modin-3404,random,modin/experimental/xgboost/xgboost_ray.py,modin/core/storage_formats/cudf/query_compiler.py,12,2,0,0.0
modin-project__modin-3404,random,modin/experimental/xgboost/xgboost_ray.py,modin/core/execution/dask/implementations/pandas_on_dask/io/io.py,12,2,1,0.076923
modin-project__modin-3404,random,modin/experimental/xgboost/xgboost_ray.py,modin/core/execution/dispatching/factories/factories.py,12,3,1,0.071429
modin-project__modin-3404,random,modin/experimental/xgboost/xgboost_ray.py,modin/core/io/sql/__init__.py,12,1,0,0.0
modin-project__modin-3404,random,modin/experimental/xgboost/xgboost_ray.py,modin/experimental/core/execution/native/implementations/omnisci_on_native/calcite_algebra.py,12,2,1,0.076923
modin-project__modin-3404,gold-other,modin/experimental/xgboost/xgboost.py,modin/experimental/xgboost/xgboost_ray.py,9,12,5,0.3125
modin-project__modin-3404,gold-other,modin/experimental/xgboost/xgboost_ray.py,modin/experimental/xgboost/xgboost.py,12,9,5,0.3125
pyca__pyopenssl-578,random,src/OpenSSL/SSL.py,examples/certgen.py,19,11,0,0.0
pyca__pyopenssl-578,random,src/OpenSSL/SSL.py,src/OpenSSL/crypto.py,19,54,5,0.073529
pyca__pyopenssl-578,random,src/OpenSSL/SSL.py,examples/sni/client.py,19,2,0,0.0
pyca__pyopenssl-578,random,src/OpenSSL/SSL.py,leakcheck/context-info-callback.py,19,2,0,0.0
pyca__pyopenssl-578,random,src/OpenSSL/SSL.py,src/OpenSSL/version.py,19,11,1,0.034483
pyca__pyopenssl-578,random,src/OpenSSL/SSL.py,setup.py,19,107,2,0.016129
pyca__pyopenssl-578,random,src/OpenSSL/SSL.py,examples/SecureXMLRPCServer.py,19,2,0,0.0
pyca__pyopenssl-578,random,src/OpenSSL/SSL.py,doc/conf.py,19,22,0,0.0
pyca__pyopenssl-578,random,src/OpenSSL/SSL.py,src/OpenSSL/tsafe.py,19,2,1,0.05
pyca__pyopenssl-578,random,src/OpenSSL/SSL.py,examples/proxy.py,19,3,0,0.0
pyca__pyopenssl-578,random,src/OpenSSL/_util.py,doc/conf.py,4,22,0,0.0
pyca__pyopenssl-578,random,src/OpenSSL/_util.py,src/OpenSSL/__init__.py,4,2,1,0.2
pyca__pyopenssl-578,random,src/OpenSSL/_util.py,examples/mk_simple_certs.py,4,8,0,0.0
pyca__pyopenssl-578,random,src/OpenSSL/_util.py,src/OpenSSL/version.py,4,11,1,0.071429
pyca__pyopenssl-578,random,src/OpenSSL/_util.py,src/OpenSSL/rand.py,4,6,1,0.111111
pyca__pyopenssl-578,random,src/OpenSSL/_util.py,examples/SecureXMLRPCServer.py,4,2,0,0.0
pyca__pyopenssl-578,random,src/OpenSSL/_util.py,leakcheck/crypto.py,4,10,0,0.0
pyca__pyopenssl-578,random,src/OpenSSL/_util.py,src/OpenSSL/crypto.py,4,54,1,0.017544
pyca__pyopenssl-578,random,src/OpenSSL/_util.py,examples/simple/client.py,4,10,0,0.0
pyca__pyopenssl-578,random,src/OpenSSL/_util.py,leakcheck/thread-crash.py,4,2,0,0.0
pyca__pyopenssl-578,gold-other,src/OpenSSL/SSL.py,src/OpenSSL/_util.py,19,4,3,0.15
pyca__pyopenssl-578,gold-other,src/OpenSSL/_util.py,src/OpenSSL/SSL.py,4,19,3,0.15
matchms__matchms-backup-187,gold,matchms/utils.py,matchms/filtering/derive_inchi_from_smiles.py,3,13,1,0.066667
matchms__matchms-backup-187,gold,matchms/utils.py,matchms/filtering/derive_inchikey_from_inchi.py,3,12,1,0.071429
matchms__matchms-backup-187,gold,matchms/utils.py,matchms/filtering/derive_smiles_from_inchi.py,3,12,1,0.071429
matchms__matchms-backup-187,random,matchms/utils.py,matchms/filtering/select_by_intensity.py,3,10,0,0.0
matchms__matchms-backup-187,random,matchms/utils.py,matchms/importing/__init__.py,3,4,0,0.0
matchms__matchms-backup-187,random,matchms/utils.py,matchms/calculate_scores.py,3,10,0,0.0
matchms__matchms-backup-187,random,matchms/utils.py,matchms/filtering/harmonize_undefined_inchi.py,3,2,0,0.0
matchms__matchms-backup-187,random,matchms/utils.py,matchms/filtering/correct_charge.py,3,8,0,0.0
matchms__matchms-backup-187,random,matchms/utils.py,matchms/filtering/make_ionmode_lowercase.py,3,9,0,0.0
matchms__matchms-backup-187,random,matchms/utils.py,matchms/exporting/save_as_mgf.py,3,8,0,0.0
matchms__matchms-backup-187,random,matchms/utils.py,matchms/similarity/spec2vec/Spec2Vec.py,3,9,0,0.0
matchms__matchms-backup-187,random,matchms/utils.py,matchms/constants.py,3,1,0,0.0
matchms__matchms-backup-187,random,matchms/utils.py,matchms/similarity/spec2vec/SpectrumDocument.py,3,6,0,0.0
matchms__matchms-backup-187,gold-other,matchms/filtering/derive_inchi_from_smiles.py,matchms/filtering/derive_inchikey_from_inchi.py,13,12,11,0.785714
matchms__matchms-backup-187,gold-other,matchms/filtering/derive_inchi_from_smiles.py,matchms/filtering/derive_smiles_from_inchi.py,13,12,12,0.923077
matchms__matchms-backup-187,gold-other,matchms/filtering/derive_inchi_from_smiles.py,matchms/utils.py,13,3,1,0.066667
matchms__matchms-backup-187,gold-other,matchms/filtering/derive_inchikey_from_inchi.py,matchms/filtering/derive_inchi_from_smiles.py,12,13,11,0.785714
matchms__matchms-backup-187,gold-other,matchms/filtering/derive_inchikey_from_inchi.py,matchms/filtering/derive_smiles_from_inchi.py,12,12,11,0.846154
matchms__matchms-backup-187,gold-other,matchms/filtering/derive_inchikey_from_inchi.py,matchms/utils.py,12,3,1,0.071429
matchms__matchms-backup-187,gold-other,matchms/filtering/derive_smiles_from_inchi.py,matchms/filtering/derive_inchi_from_smiles.py,12,13,12,0.923077
matchms__matchms-backup-187,gold-other,matchms/filtering/derive_smiles_from_inchi.py,matchms/filtering/derive_inchikey_from_inchi.py,12,12,11,0.846154
matchms__matchms-backup-187,gold-other,matchms/filtering/derive_smiles_from_inchi.py,matchms/utils.py,12,3,1,0.071429
latchset__jwcrypto-195,random,jwcrypto/jwe.py,jwcrypto/tests.py,54,74,17,0.153153
latchset__jwcrypto-195,random,jwcrypto/jwe.py,setup.py,54,27,0,0.0
latchset__jwcrypto-195,random,jwcrypto/jwe.py,jwcrypto/jwa.py,54,19,3,0.042857
latchset__jwcrypto-195,random,jwcrypto/jwe.py,jwcrypto/jws.py,54,38,16,0.210526
latchset__jwcrypto-195,random,jwcrypto/jwe.py,docs/source/conf.py,54,16,0,0.0
latchset__jwcrypto-195,random,jwcrypto/jwe.py,jwcrypto/jwk.py,54,60,13,0.128713
latchset__jwcrypto-195,random,jwcrypto/jwe.py,jwcrypto/__init__.py,54,1,0,0.0
latchset__jwcrypto-195,random,jwcrypto/jwe.py,jwcrypto/common.py,54,16,9,0.147541
latchset__jwcrypto-195,random,jwcrypto/jwe.py,jwcrypto/tests-cookbook.py,54,13,10,0.175439
latchset__jwcrypto-195,random,jwcrypto/jwt.py,jwcrypto/jwk.py,21,60,5,0.065789
latchset__jwcrypto-195,random,jwcrypto/jwt.py,jwcrypto/jwa.py,21,19,2,0.052632
latchset__jwcrypto-195,random,jwcrypto/jwt.py,jwcrypto/__init__.py,21,1,0,0.0
latchset__jwcrypto-195,random,jwcrypto/jwt.py,jwcrypto/tests-cookbook.py,21,13,1,0.030303
latchset__jwcrypto-195,random,jwcrypto/jwt.py,jwcrypto/tests.py,21,74,13,0.158537
latchset__jwcrypto-195,random,jwcrypto/jwt.py,docs/source/conf.py,21,16,0,0.0
latchset__jwcrypto-195,random,jwcrypto/jwt.py,jwcrypto/jws.py,21,38,5,0.092593
latchset__jwcrypto-195,random,jwcrypto/jwt.py,jwcrypto/common.py,21,16,2,0.057143
latchset__jwcrypto-195,random,jwcrypto/jwt.py,setup.py,21,27,1,0.021277
latchset__jwcrypto-195,gold-other,jwcrypto/jwe.py,jwcrypto/jwt.py,54,21,3,0.041667
latchset__jwcrypto-195,gold-other,jwcrypto/jwt.py,jwcrypto/jwe.py,21,54,3,0.041667
jax-ml__jax-25114,random,jax/_src/compiler.py,setup.py,57,258,0,0.0
jax-ml__jax-25114,random,jax/_src/compiler.py,jax/experimental/rnn.py,57,19,2,0.027027
jax-ml__jax-25114,random,jax/_src/compiler.py,examples/mnist_classifier_fromscratch.py,57,21,0,0.0
jax-ml__jax-25114,random,jax/_src/compiler.py,jax/experimental/sparse/random.py,57,8,0,0.0
jax-ml__jax-25114,random,jax/_src/compiler.py,jax/experimental/jax2tf/jax2tf.py,57,696,1,0.00133
jax-ml__jax-25114,random,jax/_src/compiler.py,jax/_src/dlpack.py,57,46,2,0.019802
jax-ml__jax-25114,random,jax/_src/compiler.py,jax/experimental/mosaic/__init__.py,57,3,0,0.0
jax-ml__jax-25114,random,jax/_src/compiler.py,jax/_src/internal_test_util/export_back_compat_test_data/cpu_cholesky_lapack_potrf.py,57,2,0,0.0
jax-ml__jax-25114,random,jax/_src/compiler.py,jax/extend/mlir/dialects/sparse_tensor.py,57,1,0,0.0
jax-ml__jax-25114,random,jax/_src/compiler.py,jax/experimental/pallas/ops/gpu/decode_attention.py,57,7,0,0.0
jax-ml__jax-25114,random,jax/_src/config.py,jax/_src/clusters/ompi_cluster.py,259,5,0,0.0
jax-ml__jax-25114,random,jax/_src/config.py,jax/_src/third_party/scipy/special.py,259,1,0,0.0
jax-ml__jax-25114,random,jax/_src/config.py,jax/_src/debugger/colab_lib.py,259,5,3,0.011494
jax-ml__jax-25114,random,jax/_src/config.py,jax/_src/internal_test_util/export_back_compat_test_data/pallas/triton_add_one.py,259,1,0,0.0
jax-ml__jax-25114,random,jax/_src/config.py,examples/mnist_vae.py,259,30,2,0.006969
jax-ml__jax-25114,random,jax/_src/config.py,jax/_src/scipy/cluster/__init__.py,259,2,1,0.003846
jax-ml__jax-25114,random,jax/_src/config.py,jax/_src/partition_spec.py,259,4,0,0.0
jax-ml__jax-25114,random,jax/_src/config.py,jax/_src/scipy/stats/t.py,259,13,1,0.00369
jax-ml__jax-25114,random,jax/_src/config.py,jax/experimental/pallas/ops/gpu/softmax.py,259,3,0,0.0
jax-ml__jax-25114,random,jax/_src/config.py,jax/_src/internal_test_util/export_back_compat_test_data/cuda_lu_cusolver_getrf.py,259,1,0,0.0
jax-ml__jax-25114,gold-other,jax/_src/compiler.py,jax/_src/config.py,57,259,14,0.046358
jax-ml__jax-25114,gold-other,jax/_src/config.py,jax/_src/compiler.py,259,57,14,0.046358
justin13601__ACES-145,random,src/aces/config.py,src/aces/__init__.py,28,4,1,0.032258
justin13601__ACES-145,random,src/aces/config.py,docs/source/conf.py,28,13,2,0.051282
justin13601__ACES-145,random,src/aces/config.py,src/aces/aggregate.py,28,4,3,0.103448
justin13601__ACES-145,random,src/aces/config.py,src/aces/expand_shards.py,28,5,1,0.03125
justin13601__ACES-145,random,src/aces/config.py,src/aces/extract_subtree.py,28,10,3,0.085714
justin13601__ACES-145,random,src/aces/config.py,src/aces/utils.py,28,7,3,0.09375
justin13601__ACES-145,random,src/aces/config.py,src/aces/configs/__init__.py,28,3,1,0.033333
justin13601__ACES-145,random,src/aces/config.py,src/aces/__main__.py,28,25,6,0.12766
justin13601__ACES-145,random,src/aces/config.py,src/aces/constraints.py,28,6,4,0.133333
justin13601__ACES-145,random,src/aces/config.py,src/aces/types.py,28,4,4,0.142857
justin13601__ACES-145,random,src/aces/predicates.py,docs/source/conf.py,14,13,1,0.038462
justin13601__ACES-145,random,src/aces/predicates.py,src/aces/__main__.py,14,25,7,0.21875
justin13601__ACES-145,random,src/aces/predicates.py,src/aces/configs/__init__.py,14,3,0,0.0
justin13601__ACES-145,random,src/aces/predicates.py,src/aces/types.py,14,4,4,0.285714
justin13601__ACES-145,random,src/aces/predicates.py,src/aces/__init__.py,14,4,1,0.058824
justin13601__ACES-145,random,src/aces/predicates.py,src/aces/constraints.py,14,6,5,0.333333
justin13601__ACES-145,random,src/aces/predicates.py,src/aces/expand_shards.py,14,5,3,0.1875
justin13601__ACES-145,random,src/aces/predicates.py,src/aces/aggregate.py,14,4,4,0.285714
justin13601__ACES-145,random,src/aces/predicates.py,src/aces/utils.py,14,7,4,0.235294
justin13601__ACES-145,random,src/aces/predicates.py,src/aces/extract_subtree.py,14,10,4,0.2
justin13601__ACES-145,random,src/aces/query.py,src/aces/aggregate.py,13,4,4,0.307692
justin13601__ACES-145,random,src/aces/query.py,docs/source/conf.py,13,13,2,0.083333
justin13601__ACES-145,random,src/aces/query.py,src/aces/constraints.py,13,6,5,0.357143
justin13601__ACES-145,random,src/aces/query.py,src/aces/__main__.py,13,25,5,0.151515
justin13601__ACES-145,random,src/aces/query.py,src/aces/extract_subtree.py,13,10,4,0.210526
justin13601__ACES-145,random,src/aces/query.py,src/aces/expand_shards.py,13,5,1,0.058824
justin13601__ACES-145,random,src/aces/query.py,src/aces/__init__.py,13,4,1,0.0625
justin13601__ACES-145,random,src/aces/query.py,src/aces/configs/__init__.py,13,3,0,0.0
justin13601__ACES-145,random,src/aces/query.py,src/aces/types.py,13,4,4,0.307692
justin13601__ACES-145,random,src/aces/query.py,src/aces/utils.py,13,7,4,0.25
justin13601__ACES-145,gold-other,src/aces/config.py,src/aces/predicates.py,28,14,7,0.2
justin13601__ACES-145,gold-other,src/aces/config.py,src/aces/query.py,28,13,7,0.205882
justin13601__ACES-145,gold-other,src/aces/predicates.py,src/aces/config.py,14,28,7,0.2
justin13601__ACES-145,gold-other,src/aces/predicates.py,src/aces/query.py,14,13,7,0.35
justin13601__ACES-145,gold-other,src/aces/query.py,src/aces/config.py,13,28,7,0.205882
justin13601__ACES-145,gold-other,src/aces/query.py,src/aces/predicates.py,13,14,7,0.35
jupyterhub__oauthenticator-764,random,oauthenticator/google.py,examples/auth_state/jupyterhub_config.py,116,5,3,0.025424
jupyterhub__oauthenticator-764,random,oauthenticator/google.py,oauthenticator/auth0.py,116,45,24,0.175182
jupyterhub__oauthenticator-764,random,oauthenticator/google.py,oauthenticator/openshift.py,116,59,30,0.206897
jupyterhub__oauthenticator-764,random,oauthenticator/google.py,docs/source/how-to/example-oauthenticator.py,116,8,1,0.00813
jupyterhub__oauthenticator-764,random,oauthenticator/google.py,oauthenticator/cilogon.py,116,107,28,0.14359
jupyterhub__oauthenticator-764,random,oauthenticator/google.py,oauthenticator/_version.py,116,91,2,0.009756
jupyterhub__oauthenticator-764,random,oauthenticator/google.py,docs/source/conf.py,116,36,4,0.027027
jupyterhub__oauthenticator-764,random,oauthenticator/google.py,oauthenticator/globus.py,116,72,26,0.160494
jupyterhub__oauthenticator-764,random,oauthenticator/google.py,examples/mock-provider/jupyterhub_config.py,116,1,0,0.0
jupyterhub__oauthenticator-764,random,oauthenticator/google.py,oauthenticator/bitbucket.py,116,55,35,0.257353
jupyterhub__oauthenticator-764,random,setup.py,oauthenticator/mediawiki.py,67,31,3,0.031579
jupyterhub__oauthenticator-764,random,setup.py,docs/source/how-to/example-oauthenticator.py,67,8,0,0.0
jupyterhub__oauthenticator-764,random,setup.py,oauthenticator/bitbucket.py,67,55,4,0.033898
jupyterhub__oauthenticator-764,random,setup.py,oauthenticator/openshift.py,67,59,2,0.016129
jupyterhub__oauthenticator-764,random,setup.py,oauthenticator/gitlab.py,67,93,4,0.025641
jupyterhub__oauthenticator-764,random,setup.py,oauthenticator/globus.py,67,72,6,0.045113
jupyterhub__oauthenticator-764,random,setup.py,examples/full/jupyterhub_config.py,67,3,1,0.014493
jupyterhub__oauthenticator-764,random,setup.py,docs/source/conf.py,67,36,4,0.040404
jupyterhub__oauthenticator-764,random,setup.py,oauthenticator/github.py,67,104,5,0.03012
jupyterhub__oauthenticator-764,random,setup.py,oauthenticator/cilogon.py,67,107,5,0.029586
jupyterhub__oauthenticator-764,gold-other,oauthenticator/google.py,setup.py,116,67,5,0.02809
jupyterhub__oauthenticator-764,gold-other,setup.py,oauthenticator/google.py,67,116,5,0.02809
scikit-learn__scikit-learn-24076,gold,sklearn/neighbors/_base.py,setup.py,55,191,4,0.016529
scikit-learn__scikit-learn-24076,gold,sklearn/neighbors/_base.py,sklearn/metrics/_pairwise_distances_reduction/__init__.py,55,3,1,0.017544
scikit-learn__scikit-learn-24076,gold,sklearn/neighbors/_base.py,sklearn/metrics/_pairwise_distances_reduction/_dispatcher.py,55,11,2,0.03125
scikit-learn__scikit-learn-24076,random,sklearn/neighbors/_base.py,sklearn/experimental/enable_halving_search_cv.py,55,2,1,0.017857
scikit-learn__scikit-learn-24076,random,sklearn/neighbors/_base.py,examples/model_selection/plot_grid_search_refit_callable.py,55,5,0,0.0
scikit-learn__scikit-learn-24076,random,sklearn/neighbors/_base.py,examples/ensemble/plot_forest_importances.py,55,22,0,0.0
scikit-learn__scikit-learn-24076,random,sklearn/neighbors/_base.py,examples/neighbors/approximate_nearest_neighbors.py,55,13,1,0.014925
scikit-learn__scikit-learn-24076,random,sklearn/neighbors/_base.py,examples/feature_selection/plot_feature_selection_pipeline.py,55,10,0,0.0
scikit-learn__scikit-learn-24076,random,sklearn/neighbors/_base.py,sklearn/cluster/_bisect_k_means.py,55,7,1,0.016393
scikit-learn__scikit-learn-24076,random,sklearn/neighbors/_base.py,examples/cluster/plot_agglomerative_clustering_metrics.py,55,10,0,0.0
scikit-learn__scikit-learn-24076,random,sklearn/neighbors/_base.py,examples/svm/plot_svm_kernels.py,55,17,0,0.0
scikit-learn__scikit-learn-24076,random,sklearn/neighbors/_base.py,examples/ensemble/plot_voting_regressor.py,55,8,0,0.0
scikit-learn__scikit-learn-24076,random,sklearn/neighbors/_base.py,sklearn/decomposition/_incremental_pca.py,55,27,4,0.051282
scikit-learn__scikit-learn-24076,gold,sklearn/neighbors/_classification.py,setup.py,32,191,3,0.013636
scikit-learn__scikit-learn-24076,gold,sklearn/neighbors/_classification.py,sklearn/metrics/_pairwise_distances_reduction/__init__.py,32,3,0,0.0
scikit-learn__scikit-learn-24076,gold,sklearn/neighbors/_classification.py,sklearn/metrics/_pairwise_distances_reduction/_dispatcher.py,32,11,1,0.02381
scikit-learn__scikit-learn-24076,random,sklearn/neighbors/_classification.py,sklearn/datasets/_olivetti_faces.py,32,13,3,0.071429
scikit-learn__scikit-learn-24076,random,sklearn/neighbors/_classification.py,sklearn/impute/__init__.py,32,5,1,0.027778
scikit-learn__scikit-learn-24076,random,sklearn/neighbors/_classification.py,sklearn/preprocessing/_label.py,32,24,5,0.098039
scikit-learn__scikit-learn-24076,random,sklearn/neighbors/_classification.py,sklearn/_loss/__init__.py,32,3,0,0.0
scikit-learn__scikit-learn-24076,random,sklearn/neighbors/_classification.py,doc/sphinxext/github_link.py,32,4,1,0.028571
scikit-learn__scikit-learn-24076,random,sklearn/neighbors/_classification.py,sklearn/random_projection.py,32,131,6,0.038217
scikit-learn__scikit-learn-24076,random,sklearn/neighbors/_classification.py,examples/model_selection/plot_confusion_matrix.py,32,13,0,0.0
scikit-learn__scikit-learn-24076,random,sklearn/neighbors/_classification.py,asv_benchmarks/benchmarks/decomposition.py,32,3,1,0.029412
scikit-learn__scikit-learn-24076,random,sklearn/neighbors/_classification.py,sklearn/metrics/_plot/roc_curve.py,32,30,3,0.050847
scikit-learn__scikit-learn-24076,random,sklearn/neighbors/_classification.py,examples/gaussian_process/plot_gpc_xor.py,32,12,0,0.0
scikit-learn__scikit-learn-24076,gold-other,setup.py,sklearn/metrics/_pairwise_distances_reduction/__init__.py,191,3,1,0.005181
scikit-learn__scikit-learn-24076,gold-other,setup.py,sklearn/metrics/_pairwise_distances_reduction/_dispatcher.py,191,11,2,0.01
scikit-learn__scikit-learn-24076,gold-other,setup.py,sklearn/neighbors/_base.py,191,55,4,0.016529
scikit-learn__scikit-learn-24076,gold-other,setup.py,sklearn/neighbors/_classification.py,191,32,3,0.013636
scikit-learn__scikit-learn-24076,gold-other,sklearn/metrics/_pairwise_distances_reduction/__init__.py,setup.py,3,191,1,0.005181
scikit-learn__scikit-learn-24076,gold-other,sklearn/metrics/_pairwise_distances_reduction/__init__.py,sklearn/metrics/_pairwise_distances_reduction/_dispatcher.py,3,11,3,0.272727
scikit-learn__scikit-learn-24076,gold-other,sklearn/metrics/_pairwise_distances_reduction/__init__.py,sklearn/neighbors/_base.py,3,55,1,0.017544
scikit-learn__scikit-learn-24076,gold-other,sklearn/metrics/_pairwise_distances_reduction/__init__.py,sklearn/neighbors/_classification.py,3,32,0,0.0
scikit-learn__scikit-learn-24076,gold-other,sklearn/metrics/_pairwise_distances_reduction/_dispatcher.py,setup.py,11,191,2,0.01
scikit-learn__scikit-learn-24076,gold-other,sklearn/metrics/_pairwise_distances_reduction/_dispatcher.py,sklearn/metrics/_pairwise_distances_reduction/__init__.py,11,3,3,0.272727
scikit-learn__scikit-learn-24076,gold-other,sklearn/metrics/_pairwise_distances_reduction/_dispatcher.py,sklearn/neighbors/_base.py,11,55,2,0.03125
scikit-learn__scikit-learn-24076,gold-other,sklearn/metrics/_pairwise_distances_reduction/_dispatcher.py,sklearn/neighbors/_classification.py,11,32,1,0.02381
scikit-learn__scikit-learn-24076,gold-other,sklearn/neighbors/_base.py,sklearn/neighbors/_classification.py,55,32,12,0.16
scikit-learn__scikit-learn-24076,gold-other,sklearn/neighbors/_classification.py,sklearn/neighbors/_base.py,32,55,12,0.16
Deltares__imod-python-1159,gold,imod/mf6/simulation.py,imod/typing/grid.py,99,42,18,0.146341
Deltares__imod-python-1159,random,imod/mf6/simulation.py,imod/mf6/dis.py,99,59,18,0.128571
Deltares__imod-python-1159,random,imod/mf6/simulation.py,imod/msw/coupler_mapping.py,99,4,3,0.03
Deltares__imod-python-1159,random,imod/mf6/simulation.py,examples/imod-wq/Elder.py,99,9,1,0.009346
Deltares__imod-python-1159,random,imod/mf6/simulation.py,imod/msw/idf_mapping.py,99,4,1,0.009804
Deltares__imod-python-1159,random,imod/mf6/simulation.py,imod/flow/dis.py,99,13,3,0.027523
Deltares__imod-python-1159,random,imod/mf6/simulation.py,examples/prepare/reproject.py,99,4,0,0.0
Deltares__imod-python-1159,random,imod/mf6/simulation.py,imod/flow/sto.py,99,8,1,0.009434
Deltares__imod-python-1159,random,imod/mf6/simulation.py,imod/visualize/waterbalance.py,99,7,1,0.009524
Deltares__imod-python-1159,random,imod/mf6/simulation.py,imod/msw/grid_data.py,99,2,0,0.0
Deltares__imod-python-1159,random,imod/mf6/simulation.py,imod/logging/logging_decorators.py,99,6,3,0.029412
Deltares__imod-python-1159,gold,imod/schemata.py,imod/typing/grid.py,17,42,5,0.092593
Deltares__imod-python-1159,random,imod/schemata.py,examples/visualize/flowvel_streamlines.py,17,3,0,0.0
Deltares__imod-python-1159,random,imod/schemata.py,imod/mf6/model_gwf.py,17,26,3,0.075
Deltares__imod-python-1159,random,imod/schemata.py,imod/wq/oc.py,17,11,0,0.0
Deltares__imod-python-1159,random,imod/schemata.py,imod/flow/ghb.py,17,7,0,0.0
Deltares__imod-python-1159,random,imod/schemata.py,imod/util/structured.py,17,3,1,0.052632
Deltares__imod-python-1159,random,imod/schemata.py,imod/msw/timeutil.py,17,1,0,0.0
Deltares__imod-python-1159,random,imod/schemata.py,imod/testing.py,17,1,0,0.0
Deltares__imod-python-1159,random,imod/schemata.py,docs/conf.py,17,36,1,0.019231
Deltares__imod-python-1159,random,imod/schemata.py,examples/mf6/circle.py,17,23,1,0.025641
Deltares__imod-python-1159,random,imod/schemata.py,imod/flow/oc.py,17,3,1,0.052632
Deltares__imod-python-1159,gold-other,imod/mf6/simulation.py,imod/schemata.py,99,17,6,0.054545
Deltares__imod-python-1159,gold-other,imod/schemata.py,imod/mf6/simulation.py,17,99,6,0.054545
Deltares__imod-python-1159,gold-other,imod/typing/grid.py,imod/mf6/simulation.py,42,99,18,0.146341
Deltares__imod-python-1159,gold-other,imod/typing/grid.py,imod/schemata.py,42,17,5,0.092593
Project-MONAI__MONAI-8123,gold,monai/networks/nets/vista3d.py,monai/networks/nets/segresnet_ds.py,4,8,1,0.090909
Project-MONAI__MONAI-8123,random,monai/networks/nets/vista3d.py,monai/transforms/regularization/array.py,4,5,0,0.0
Project-MONAI__MONAI-8123,random,monai/networks/nets/vista3d.py,monai/networks/nets/diffusion_model_unet.py,4,4,0,0.0
Project-MONAI__MONAI-8123,random,monai/networks/nets/vista3d.py,monai/apps/auto3dseg/auto_runner.py,4,39,0,0.0
Project-MONAI__MONAI-8123,random,monai/networks/nets/vista3d.py,monai/networks/schedulers/ddim.py,4,2,0,0.0
Project-MONAI__MONAI-8123,random,monai/networks/nets/vista3d.py,monai/data/wsi_reader.py,4,26,0,0.0
Project-MONAI__MONAI-8123,random,monai/networks/nets/vista3d.py,monai/losses/ssim_loss.py,4,12,0,0.0
Project-MONAI__MONAI-8123,random,monai/networks/nets/vista3d.py,monai/networks/layers/vector_quantizer.py,4,1,0,0.0
Project-MONAI__MONAI-8123,random,monai/networks/nets/vista3d.py,monai/losses/ds_loss.py,4,7,0,0.0
Project-MONAI__MONAI-8123,random,monai/networks/nets/vista3d.py,monai/networks/blocks/unetr_block.py,4,6,0,0.0
Project-MONAI__MONAI-8123,random,monai/networks/nets/vista3d.py,monai/networks/nets/classifier.py,4,15,0,0.0
Project-MONAI__MONAI-8123,gold-other,monai/networks/nets/segresnet_ds.py,monai/networks/nets/vista3d.py,8,4,1,0.090909
Qiskit__qiskit-13052,gold,qiskit/transpiler/passes/utils/filter_op_nodes.py,qiskit/__init__.py,1,174,0,0.0
Qiskit__qiskit-13052,random,qiskit/transpiler/passes/utils/filter_op_nodes.py,qiskit/transpiler/passes/optimization/commutative_cancellation.py,1,21,0,0.0
Qiskit__qiskit-13052,random,qiskit/transpiler/passes/utils/filter_op_nodes.py,qiskit/circuit/library/templates/nct/template_nct_6c_1.py,1,1,0,0.0
Qiskit__qiskit-13052,random,qiskit/transpiler/passes/utils/filter_op_nodes.py,qiskit/transpiler/coupling.py,1,52,0,0.0
Qiskit__qiskit-13052,random,qiskit/transpiler/passes/utils/filter_op_nodes.py,examples/python/teleport.py,1,30,0,0.0
Qiskit__qiskit-13052,random,qiskit/transpiler/passes/utils/filter_op_nodes.py,qiskit/primitives/estimator.py,1,29,0,0.0
Qiskit__qiskit-13052,random,qiskit/transpiler/passes/utils/filter_op_nodes.py,qiskit/primitives/containers/primitive_result.py,1,2,0,0.0
Qiskit__qiskit-13052,random,qiskit/transpiler/passes/utils/filter_op_nodes.py,qiskit/synthesis/qft/__init__.py,1,2,0,0.0
Qiskit__qiskit-13052,random,qiskit/transpiler/passes/utils/filter_op_nodes.py,qiskit/quantum_info/operators/mixins/multiply.py,1,4,0,0.0
Qiskit__qiskit-13052,random,qiskit/transpiler/passes/utils/filter_op_nodes.py,qiskit/transpiler/preset_passmanagers/common.py,1,38,1,0.026316
Qiskit__qiskit-13052,random,qiskit/transpiler/passes/utils/filter_op_nodes.py,qiskit/circuit/library/n_local/evolved_operator_ansatz.py,1,3,0,0.0
Qiskit__qiskit-13052,gold-other,qiskit/__init__.py,qiskit/transpiler/passes/utils/filter_op_nodes.py,174,1,0,0.0
ivadomed__ivadomed-1081,gold,ivadomed/main.py,ivadomed/evaluation.py,615,40,18,0.028257
ivadomed__ivadomed-1081,gold,ivadomed/main.py,ivadomed/metrics.py,615,37,7,0.010853
ivadomed__ivadomed-1081,random,ivadomed/main.py,ivadomed/loader/__init__.py,615,1,1,0.001626
ivadomed__ivadomed-1081,random,ivadomed/main.py,ivadomed/scripts/visualize_transforms.py,615,36,3,0.00463
ivadomed__ivadomed-1081,random,ivadomed/main.py,ivadomed/uncertainty.py,615,5,1,0.001616
ivadomed__ivadomed-1081,random,ivadomed/main.py,ivadomed/mixup.py,615,3,1,0.001621
ivadomed__ivadomed-1081,random,ivadomed/main.py,ivadomed/loader/loader.py,615,208,35,0.044416
ivadomed__ivadomed-1081,random,ivadomed/main.py,ivadomed/transforms.py,615,335,30,0.032609
ivadomed__ivadomed-1081,random,ivadomed/main.py,ivadomed/loader/utils.py,615,91,24,0.035191
ivadomed__ivadomed-1081,random,ivadomed/main.py,setup.py,615,29,2,0.003115
ivadomed__ivadomed-1081,random,ivadomed/main.py,ivadomed/scripts/training_curve.py,615,46,2,0.003035
ivadomed__ivadomed-1081,random,ivadomed/main.py,ivadomed/scripts/convert_to_onnx.py,615,14,2,0.00319
ivadomed__ivadomed-1081,gold-other,ivadomed/evaluation.py,ivadomed/main.py,40,615,18,0.028257
ivadomed__ivadomed-1081,gold-other,ivadomed/evaluation.py,ivadomed/metrics.py,40,37,2,0.026667
ivadomed__ivadomed-1081,gold-other,ivadomed/metrics.py,ivadomed/evaluation.py,37,40,2,0.026667
ivadomed__ivadomed-1081,gold-other,ivadomed/metrics.py,ivadomed/main.py,37,615,7,0.010853
zulip__zulip-31168,gold-other,zerver/lib/users.py,zerver/views/streams.py,159,339,20,0.041841
zulip__zulip-31168,gold-other,zerver/views/streams.py,zerver/lib/users.py,339,159,20,0.041841
kiasambrook__tfl-live-tracker-7,random,app/api/tfl_api.py,app/ui/cli_ui.py,2,1,1,0.5
kiasambrook__tfl-live-tracker-7,random,app/api/tfl_api.py,app/ui/dropdown.py,2,1,1,0.5
kiasambrook__tfl-live-tracker-7,random,app/api/tfl_api.py,app/config.py,2,1,1,0.5
kiasambrook__tfl-live-tracker-7,random,app/api/tfl_api.py,app/__init__.py,2,1,1,0.5
kiasambrook__tfl-live-tracker-7,random,app/api/tfl_api.py,app/ui/__init__.py,2,1,1,0.5
kiasambrook__tfl-live-tracker-7,random,app/api/tfl_api.py,app/api/__init__.py,2,1,1,0.5
kiasambrook__tfl-live-tracker-7,random,app/api/tfl_api.py,app/main.py,2,3,2,0.666667
kiasambrook__tfl-live-tracker-7,random,app/ui/main_window.py,app/__init__.py,1,1,0,0.0
kiasambrook__tfl-live-tracker-7,random,app/ui/main_window.py,app/api/__init__.py,1,1,0,0.0
kiasambrook__tfl-live-tracker-7,random,app/ui/main_window.py,app/main.py,1,3,1,0.333333
kiasambrook__tfl-live-tracker-7,random,app/ui/main_window.py,app/ui/__init__.py,1,1,0,0.0
kiasambrook__tfl-live-tracker-7,random,app/ui/main_window.py,app/config.py,1,1,0,0.0
kiasambrook__tfl-live-tracker-7,random,app/ui/main_window.py,app/ui/cli_ui.py,1,1,0,0.0
kiasambrook__tfl-live-tracker-7,random,app/ui/main_window.py,app/ui/dropdown.py,1,1,1,1.0
kiasambrook__tfl-live-tracker-7,gold-other,app/api/tfl_api.py,app/ui/main_window.py,2,1,1,0.5
kiasambrook__tfl-live-tracker-7,gold-other,app/ui/main_window.py,app/api/tfl_api.py,1,2,1,0.5
ckan__ckan-8226,gold,ckan/lib/helpers.py,ckan/config/middleware/flask_app.py,1088,305,31,0.022761
ckan__ckan-8226,random,ckan/lib/helpers.py,ckan/lib/navl/dictization_functions.py,1088,97,13,0.011092
ckan__ckan-8226,random,ckan/lib/helpers.py,ckanext/example_iauthfunctions/plugin_v6_parent_auth_functions.py,1088,5,2,0.001833
ckan__ckan-8226,random,ckan/lib/helpers.py,ckanext/example_blanket_implementation/plugin.py,1088,11,2,0.001823
ckan__ckan-8226,random,ckan/lib/helpers.py,ckanext/example_blanket_implementation/__init__.py,1088,1,0,0.0
ckan__ckan-8226,random,ckan/lib/helpers.py,ckan/migration/versions/014_93519b684820_hash_2.py,1088,2,0,0.0
ckan__ckan-8226,random,ckan/lib/helpers.py,ckan/logic/action/update.py,1088,471,33,0.021625
ckan__ckan-8226,random,ckan/lib/helpers.py,ckan/migration/versions/034_6c600693af5b_resource_group_table.py,1088,2,0,0.0
ckan__ckan-8226,random,ckan/lib/helpers.py,ckan/lib/navl/validators.py,1088,38,7,0.006256
ckan__ckan-8226,random,ckan/lib/helpers.py,ckanext/example_theme_docs/custom_emails/plugin.py,1088,2,1,0.000918
ckan__ckan-8226,random,ckan/lib/helpers.py,ckanext/example_iauthfunctions/plugin_v1.py,1088,3,1,0.000917
ckan__ckan-8226,gold,ckan/lib/jinja_extensions.py,ckan/config/middleware/flask_app.py,37,305,6,0.017857
ckan__ckan-8226,random,ckan/lib/jinja_extensions.py,ckan/model/domain_object.py,37,43,5,0.066667
ckan__ckan-8226,random,ckan/lib/jinja_extensions.py,ckan/cli/config_tool.py,37,4,1,0.025
ckan__ckan-8226,random,ckan/lib/jinja_extensions.py,ckan/migration/versions/077_51171a04d86d_add_revisions_to_system_info.py,37,2,0,0.0
ckan__ckan-8226,random,ckan/lib/jinja_extensions.py,ckan/migration/versions/038_fd6622e3d964_delete_migration_tables.py,37,2,0,0.0
ckan__ckan-8226,random,ckan/lib/jinja_extensions.py,ckanext/tracking/tests.py,37,5,0,0.0
ckan__ckan-8226,random,ckan/lib/jinja_extensions.py,ckanext/datapusher/cli.py,37,16,2,0.039216
ckan__ckan-8226,random,ckan/lib/jinja_extensions.py,ckan/migration/versions/098_ddbd0a9a4489_add_image_url_field_to_user_table.py,37,1,0,0.0
ckan__ckan-8226,random,ckan/lib/jinja_extensions.py,ckan/migration/versions/066_ad16b3bd8cb6_default_package_type.py,37,2,0,0.0
ckan__ckan-8226,random,ckan/lib/jinja_extensions.py,ckan/migration/__init__.py,37,5,1,0.02439
ckan__ckan-8226,random,ckan/lib/jinja_extensions.py,ckan/cli/search_index.py,37,31,1,0.014925
ckan__ckan-8226,gold-other,ckan/config/middleware/flask_app.py,ckan/lib/helpers.py,305,1088,31,0.022761
ckan__ckan-8226,gold-other,ckan/config/middleware/flask_app.py,ckan/lib/jinja_extensions.py,305,37,6,0.017857
ckan__ckan-8226,gold-other,ckan/lib/helpers.py,ckan/lib/jinja_extensions.py,1088,37,9,0.008065
ckan__ckan-8226,gold-other,ckan/lib/jinja_extensions.py,ckan/lib/helpers.py,37,1088,9,0.008065
nautobot__nautobot-6364,gold,nautobot/extras/views.py,nautobot/core/models/tree_queries.py,205,12,3,0.014019
nautobot__nautobot-6364,gold,nautobot/extras/views.py,nautobot/core/signals.py,205,9,2,0.009434
nautobot__nautobot-6364,gold,nautobot/extras/views.py,nautobot/extras/models/groups.py,205,63,23,0.093878
nautobot__nautobot-6364,random,nautobot/extras/views.py,nautobot/core/constants.py,205,24,11,0.050459
nautobot__nautobot-6364,random,nautobot/extras/views.py,nautobot/core/models/fields.py,205,13,5,0.023474
nautobot__nautobot-6364,random,nautobot/extras/views.py,examples/azure_ad/group_sync.py,205,5,1,0.004785
nautobot__nautobot-6364,random,nautobot/extras/views.py,examples/example_app/example_app/migrations/0004_example_models_dynamicgroup.py,205,1,0,0.0
nautobot__nautobot-6364,random,nautobot/extras/views.py,nautobot/dcim/migrations/0056_update_all_charfields_max_length_to_255.py,205,2,0,0.0
nautobot__nautobot-6364,random,nautobot/extras/views.py,nautobot/extras/migrations/0030_webhook_alter_unique_together.py,205,2,1,0.004854
nautobot__nautobot-6364,random,nautobot/extras/views.py,nautobot/circuits/migrations/0013_alter_circuittermination__path.py,205,4,1,0.004808
nautobot__nautobot-6364,random,nautobot/extras/views.py,nautobot/ipam/api/__init__.py,205,1,1,0.004878
nautobot__nautobot-6364,random,nautobot/extras/views.py,nautobot/core/templatetags/form_helpers.py,205,4,3,0.014563
nautobot__nautobot-6364,random,nautobot/extras/views.py,nautobot/extras/migrations/0005_configcontext_device_types.py,205,2,1,0.004854
nautobot__nautobot-6364,gold-other,nautobot/core/models/tree_queries.py,nautobot/core/signals.py,12,9,3,0.166667
nautobot__nautobot-6364,gold-other,nautobot/core/models/tree_queries.py,nautobot/extras/models/groups.py,12,63,5,0.071429
nautobot__nautobot-6364,gold-other,nautobot/core/models/tree_queries.py,nautobot/extras/views.py,12,205,3,0.014019
nautobot__nautobot-6364,gold-other,nautobot/core/signals.py,nautobot/core/models/tree_queries.py,9,12,3,0.166667
nautobot__nautobot-6364,gold-other,nautobot/core/signals.py,nautobot/extras/models/groups.py,9,63,2,0.028571
nautobot__nautobot-6364,gold-other,nautobot/core/signals.py,nautobot/extras/views.py,9,205,2,0.009434
nautobot__nautobot-6364,gold-other,nautobot/extras/models/groups.py,nautobot/core/models/tree_queries.py,63,12,5,0.071429
nautobot__nautobot-6364,gold-other,nautobot/extras/models/groups.py,nautobot/core/signals.py,63,9,2,0.028571
nautobot__nautobot-6364,gold-other,nautobot/extras/models/groups.py,nautobot/extras/views.py,63,205,23,0.093878
intelowlproject__GreedyBear-397,random,api/serializers.py,greedybear/cronjobs/monitor_honeypots.py,5,8,1,0.083333
intelowlproject__GreedyBear-397,random,api/serializers.py,authentication/views.py,5,5,1,0.111111
intelowlproject__GreedyBear-397,random,api/serializers.py,greedybear/slack.py,5,2,0,0.0
intelowlproject__GreedyBear-397,random,api/serializers.py,greedybear/cronjobs/sensors.py,5,6,0,0.0
intelowlproject__GreedyBear-397,random,api/serializers.py,greedybear/urls.py,5,4,0,0.0
intelowlproject__GreedyBear-397,random,api/serializers.py,greedybear/migrations/0003_statistics.py,5,1,0,0.0
intelowlproject__GreedyBear-397,random,api/serializers.py,greedybear/tasks.py,5,9,0,0.0
intelowlproject__GreedyBear-397,random,api/serializers.py,greedybear/cronjobs/attacks.py,5,13,1,0.058824
intelowlproject__GreedyBear-397,random,api/serializers.py,greedybear/migrations/0009_alter_ioc_general_field.py,5,1,0,0.0
intelowlproject__GreedyBear-397,random,api/serializers.py,greedybear/cronjobs/general.py,5,4,0,0.0
intelowlproject__GreedyBear-397,random,api/views.py,greedybear/migrations/0004_alter_id_field.py,32,1,1,0.03125
intelowlproject__GreedyBear-397,random,api/views.py,greedybear/migrations/0009_alter_ioc_general_field.py,32,1,1,0.03125
intelowlproject__GreedyBear-397,random,api/views.py,greedybear/admin.py,32,5,4,0.121212
intelowlproject__GreedyBear-397,random,api/views.py,authentication/__init__.py,32,1,1,0.03125
intelowlproject__GreedyBear-397,random,api/views.py,authentication/models.py,32,1,1,0.03125
intelowlproject__GreedyBear-397,random,api/views.py,authentication/views.py,32,5,2,0.057143
intelowlproject__GreedyBear-397,random,api/views.py,api/admin.py,32,4,4,0.125
intelowlproject__GreedyBear-397,random,api/views.py,greedybear/cronjobs/log4pot.py,32,9,3,0.078947
intelowlproject__GreedyBear-397,random,api/views.py,api/apps.py,32,2,2,0.0625
intelowlproject__GreedyBear-397,random,api/views.py,manage.py,32,1,1,0.03125
intelowlproject__GreedyBear-397,random,greedybear/settings.py,authentication/admin.py,33,1,1,0.030303
intelowlproject__GreedyBear-397,random,greedybear/settings.py,greedybear/apps.py,33,2,2,0.060606
intelowlproject__GreedyBear-397,random,greedybear/settings.py,authentication/urls.py,33,2,1,0.029412
intelowlproject__GreedyBear-397,random,greedybear/settings.py,greedybear/regex.py,33,4,3,0.088235
intelowlproject__GreedyBear-397,random,greedybear/settings.py,authentication/migrations/0001_initial.py,33,1,1,0.030303
intelowlproject__GreedyBear-397,random,greedybear/settings.py,greedybear/migrations/0008_auto_20230120_1548.py,33,1,0,0.0
intelowlproject__GreedyBear-397,random,greedybear/settings.py,greedybear/wsgi.py,33,2,2,0.060606
intelowlproject__GreedyBear-397,random,greedybear/settings.py,greedybear/migrations/0009_alter_ioc_general_field.py,33,1,0,0.0
intelowlproject__GreedyBear-397,random,greedybear/settings.py,authentication/models.py,33,1,1,0.030303
intelowlproject__GreedyBear-397,random,greedybear/settings.py,greedybear/migrations/__init__.py,33,1,1,0.030303
intelowlproject__GreedyBear-397,gold-other,api/serializers.py,api/views.py,5,32,3,0.088235
intelowlproject__GreedyBear-397,gold-other,api/serializers.py,greedybear/settings.py,5,33,3,0.085714
intelowlproject__GreedyBear-397,gold-other,api/views.py,api/serializers.py,32,5,3,0.088235
intelowlproject__GreedyBear-397,gold-other,api/views.py,greedybear/settings.py,32,33,12,0.226415
intelowlproject__GreedyBear-397,gold-other,greedybear/settings.py,api/serializers.py,33,5,3,0.085714
intelowlproject__GreedyBear-397,gold-other,greedybear/settings.py,api/views.py,33,32,12,0.226415
UXARRAY__uxarray-1144,gold,uxarray/grid/grid.py,uxarray/formatting_html.py,205,1,1,0.004878
UXARRAY__uxarray-1144,random,uxarray/grid/grid.py,uxarray/cmaps.py,205,1,0,0.0
UXARRAY__uxarray-1144,random,uxarray/grid/grid.py,uxarray/io/_delaunay.py,205,4,2,0.009662
UXARRAY__uxarray-1144,random,uxarray/grid/grid.py,uxarray/constants.py,205,14,4,0.018605
UXARRAY__uxarray-1144,random,uxarray/grid/grid.py,benchmarks/mpas_ocean.py,205,17,9,0.042254
UXARRAY__uxarray-1144,random,uxarray/grid/grid.py,uxarray/cross_sections/dataarray_accessor.py,205,7,6,0.029126
UXARRAY__uxarray-1144,random,uxarray/grid/grid.py,uxarray/io/_geopandas.py,205,4,1,0.004808
UXARRAY__uxarray-1144,random,uxarray/grid/grid.py,uxarray/io/_voronoi.py,205,1,1,0.004878
UXARRAY__uxarray-1144,random,uxarray/grid/grid.py,uxarray/io/_topology.py,205,3,2,0.009709
UXARRAY__uxarray-1144,random,uxarray/grid/grid.py,uxarray/grid/neighbors.py,205,29,17,0.078341
UXARRAY__uxarray-1144,random,uxarray/grid/grid.py,uxarray/cross_sections/__init__.py,205,1,1,0.004878
UXARRAY__uxarray-1144,gold-other,uxarray/formatting_html.py,uxarray/grid/grid.py,1,205,1,0.004878
UXARRAY__uxarray-1151,gold,uxarray/grid/slice.py,uxarray/subset/dataarray_accessor.py,4,4,3,0.6
UXARRAY__uxarray-1151,random,uxarray/grid/slice.py,uxarray/io/_scrip.py,4,17,2,0.105263
UXARRAY__uxarray-1151,random,uxarray/grid/slice.py,uxarray/io/_voronoi.py,4,1,0,0.0
UXARRAY__uxarray-1151,random,uxarray/grid/slice.py,uxarray/io/_esmf.py,4,2,0,0.0
UXARRAY__uxarray-1151,random,uxarray/grid/slice.py,uxarray/core/__init__.py,4,2,1,0.2
UXARRAY__uxarray-1151,random,uxarray/grid/slice.py,uxarray/formatting.py,4,1,0,0.0
UXARRAY__uxarray-1151,random,uxarray/grid/slice.py,uxarray/plot/constants.py,4,2,0,0.0
UXARRAY__uxarray-1151,random,uxarray/grid/slice.py,uxarray/plot/dataarray_plot.py,4,30,2,0.0625
UXARRAY__uxarray-1151,random,uxarray/grid/slice.py,uxarray/grid/area.py,4,19,2,0.095238
UXARRAY__uxarray-1151,random,uxarray/grid/slice.py,uxarray/utils/computing.py,4,10,2,0.166667
UXARRAY__uxarray-1151,random,uxarray/grid/slice.py,benchmarks/mpas_ocean.py,4,17,0,0.0
UXARRAY__uxarray-1151,gold,uxarray/subset/grid_accessor.py,uxarray/subset/dataarray_accessor.py,5,4,4,0.8
UXARRAY__uxarray-1151,random,uxarray/subset/grid_accessor.py,uxarray/io/utils.py,5,11,2,0.142857
UXARRAY__uxarray-1151,random,uxarray/subset/grid_accessor.py,uxarray/cross_sections/dataarray_accessor.py,5,7,2,0.2
UXARRAY__uxarray-1151,random,uxarray/subset/grid_accessor.py,uxarray/core/utils.py,5,9,2,0.166667
UXARRAY__uxarray-1151,random,uxarray/subset/grid_accessor.py,uxarray/grid/connectivity.py,5,22,2,0.08
UXARRAY__uxarray-1151,random,uxarray/subset/grid_accessor.py,uxarray/io/_vertices.py,5,6,2,0.222222
UXARRAY__uxarray-1151,random,uxarray/subset/grid_accessor.py,uxarray/conventions/__init__.py,5,1,0,0.0
UXARRAY__uxarray-1151,random,uxarray/subset/grid_accessor.py,uxarray/grid/__init__.py,5,6,2,0.222222
UXARRAY__uxarray-1151,random,uxarray/subset/grid_accessor.py,uxarray/utils/__init__.py,5,8,2,0.181818
UXARRAY__uxarray-1151,random,uxarray/subset/grid_accessor.py,uxarray/remap/dataset_accessor.py,5,6,0,0.0
UXARRAY__uxarray-1151,random,uxarray/subset/grid_accessor.py,uxarray/grid/neighbors.py,5,29,3,0.096774
UXARRAY__uxarray-1151,gold-other,uxarray/grid/slice.py,uxarray/subset/grid_accessor.py,4,5,3,0.5
UXARRAY__uxarray-1151,gold-other,uxarray/subset/dataarray_accessor.py,uxarray/grid/slice.py,4,4,3,0.6
UXARRAY__uxarray-1151,gold-other,uxarray/subset/dataarray_accessor.py,uxarray/subset/grid_accessor.py,4,5,4,0.8
UXARRAY__uxarray-1151,gold-other,uxarray/subset/grid_accessor.py,uxarray/grid/slice.py,5,4,3,0.5
nautobot__nautobot-6837,gold,nautobot/core/views/utils.py,nautobot/dcim/views.py,27,112,10,0.077519
nautobot__nautobot-6837,gold,nautobot/core/views/utils.py,nautobot/extras/models/customfields.py,27,76,6,0.061856
nautobot__nautobot-6837,gold,nautobot/core/views/utils.py,nautobot/extras/signals.py,27,80,7,0.07
nautobot__nautobot-6837,random,nautobot/core/views/utils.py,nautobot/virtualization/graphql/types.py,27,13,0,0.0
nautobot__nautobot-6837,random,nautobot/core/views/utils.py,nautobot/dcim/tables/power.py,27,9,3,0.090909
nautobot__nautobot-6837,random,nautobot/core/views/utils.py,nautobot/circuits/factory.py,27,10,3,0.088235
nautobot__nautobot-6837,random,nautobot/core/views/utils.py,nautobot/ipam/api/urls.py,27,13,1,0.025641
nautobot__nautobot-6837,random,nautobot/core/views/utils.py,nautobot/core/api/constants.py,27,1,0,0.0
nautobot__nautobot-6837,random,nautobot/core/views/utils.py,nautobot/ipam/migrations/0046_update_all_charfields_max_length_to_255.py,27,1,0,0.0
nautobot__nautobot-6837,random,nautobot/core/views/utils.py,nautobot/dcim/migrations/0049_remove_slugs_and_change_device_primary_ip_fields.py,27,1,0,0.0
nautobot__nautobot-6837,random,nautobot/core/views/utils.py,nautobot/users/migrations/0006_make_object_permission_name_globally_unique.py,27,1,0,0.0
nautobot__nautobot-6837,random,nautobot/core/views/utils.py,nautobot/extras/management/commands/remove_stale_scheduled_jobs.py,27,1,0,0.0
nautobot__nautobot-6837,random,nautobot/core/views/utils.py,nautobot/core/templatetags/netutils.py,27,1,0,0.0
nautobot__nautobot-6837,gold-other,nautobot/dcim/views.py,nautobot/core/views/utils.py,112,27,10,0.077519
nautobot__nautobot-6837,gold-other,nautobot/dcim/views.py,nautobot/extras/models/customfields.py,112,76,11,0.062147
nautobot__nautobot-6837,gold-other,nautobot/dcim/views.py,nautobot/extras/signals.py,112,80,16,0.090909
nautobot__nautobot-6837,gold-other,nautobot/extras/models/customfields.py,nautobot/core/views/utils.py,76,27,6,0.061856
nautobot__nautobot-6837,gold-other,nautobot/extras/models/customfields.py,nautobot/dcim/views.py,76,112,11,0.062147
nautobot__nautobot-6837,gold-other,nautobot/extras/models/customfields.py,nautobot/extras/signals.py,76,80,17,0.122302
nautobot__nautobot-6837,gold-other,nautobot/extras/signals.py,nautobot/core/views/utils.py,80,27,7,0.07
nautobot__nautobot-6837,gold-other,nautobot/extras/signals.py,nautobot/dcim/views.py,80,112,16,0.090909
nautobot__nautobot-6837,gold-other,nautobot/extras/signals.py,nautobot/extras/models/customfields.py,80,76,17,0.122302
spacetelescope__stcal-337,random,src/stcal/jump/jump.py,src/stcal/tweakreg/tweakreg.py,71,4,0,0.0
spacetelescope__stcal-337,random,src/stcal/jump/jump.py,src/stcal/__init__.py,71,4,2,0.027397
spacetelescope__stcal-337,random,src/stcal/jump/jump.py,src/stcal/tweakreg/__init__.py,71,1,0,0.0
spacetelescope__stcal-337,random,src/stcal/jump/jump.py,src/stcal/alignment/resample_utils.py,71,18,4,0.047059
spacetelescope__stcal-337,random,src/stcal/jump/jump.py,src/stcal/saturation/saturation.py,71,19,6,0.071429
spacetelescope__stcal-337,random,src/stcal/jump/jump.py,src/stcal/ramp_fitting/gls_fit.py,71,30,10,0.10989
spacetelescope__stcal-337,random,src/stcal/jump/jump.py,src/stcal/dark_current/dark_class.py,71,9,3,0.038961
spacetelescope__stcal-337,random,src/stcal/jump/jump.py,src/stcal/jump/jump_class.py,71,7,5,0.068493
spacetelescope__stcal-337,random,src/stcal/jump/jump.py,src/stcal/tweakreg/utils.py,71,1,0,0.0
spacetelescope__stcal-337,random,src/stcal/jump/jump.py,src/stcal/ramp_fitting/ramp_fit_class.py,71,28,3,0.03125
spacetelescope__stcal-337,random,src/stcal/jump/twopoint_difference.py,src/stcal/alignment/__init__.py,38,3,0,0.0
spacetelescope__stcal-337,random,src/stcal/jump/twopoint_difference.py,src/stcal/testing_helpers.py,38,1,0,0.0
spacetelescope__stcal-337,random,src/stcal/jump/twopoint_difference.py,src/stcal/ramp_fitting/likely_fit.py,38,36,0,0.0
spacetelescope__stcal-337,random,src/stcal/jump/twopoint_difference.py,src/stcal/jump/jump_class.py,38,7,2,0.046512
spacetelescope__stcal-337,random,src/stcal/jump/twopoint_difference.py,setup.py,38,32,2,0.029412
spacetelescope__stcal-337,random,src/stcal/jump/twopoint_difference.py,src/stcal/jump/__init__.py,38,1,1,0.026316
spacetelescope__stcal-337,random,src/stcal/jump/twopoint_difference.py,src/stcal/outlier_detection/utils.py,38,21,0,0.0
spacetelescope__stcal-337,random,src/stcal/jump/twopoint_difference.py,docs/conf.py,38,11,0,0.0
spacetelescope__stcal-337,random,src/stcal/jump/twopoint_difference.py,src/stcal/ramp_fitting/ols_cas22/__init__.py,38,11,2,0.042553
spacetelescope__stcal-337,random,src/stcal/jump/twopoint_difference.py,src/stcal/alignment/util.py,38,45,6,0.077922
spacetelescope__stcal-337,gold-other,src/stcal/jump/jump.py,src/stcal/jump/twopoint_difference.py,71,38,22,0.252874
spacetelescope__stcal-337,gold-other,src/stcal/jump/twopoint_difference.py,src/stcal/jump/jump.py,38,71,22,0.252874
CWorthy-ocean__roms-tools-227,random,roms_tools/setup/datasets.py,roms_tools/setup/river_forcing.py,34,10,3,0.073171
CWorthy-ocean__roms-tools-227,random,roms_tools/setup/datasets.py,roms_tools/setup/grid.py,34,47,11,0.157143
CWorthy-ocean__roms-tools-227,random,roms_tools/setup/datasets.py,roms_tools/regrid.py,34,1,1,0.029412
CWorthy-ocean__roms-tools-227,random,roms_tools/setup/datasets.py,roms_tools/analysis/roms_output.py,34,1,1,0.029412
CWorthy-ocean__roms-tools-227,random,roms_tools/setup/datasets.py,roms_tools/setup/fill.py,34,14,11,0.297297
CWorthy-ocean__roms-tools-227,random,roms_tools/setup/datasets.py,roms_tools/plot.py,34,1,1,0.029412
CWorthy-ocean__roms-tools-227,random,roms_tools/setup/datasets.py,roms_tools/setup/boundary_forcing.py,34,37,17,0.314815
CWorthy-ocean__roms-tools-227,random,roms_tools/setup/datasets.py,roms_tools/utils.py,34,10,3,0.073171
CWorthy-ocean__roms-tools-227,random,roms_tools/setup/datasets.py,roms_tools/download.py,34,1,1,0.029412
CWorthy-ocean__roms-tools-227,random,roms_tools/setup/datasets.py,roms_tools/setup/tides.py,34,36,19,0.372549
CWorthy-ocean__roms-tools-227,random,roms_tools/setup/surface_forcing.py,roms_tools/setup/mask.py,34,3,1,0.027778
CWorthy-ocean__roms-tools-227,random,roms_tools/setup/surface_forcing.py,roms_tools/setup/__init__.py,34,4,0,0.0
CWorthy-ocean__roms-tools-227,random,roms_tools/setup/surface_forcing.py,roms_tools/setup/topography.py,34,17,3,0.0625
CWorthy-ocean__roms-tools-227,random,roms_tools/setup/surface_forcing.py,roms_tools/regrid.py,34,1,1,0.029412
CWorthy-ocean__roms-tools-227,random,roms_tools/setup/surface_forcing.py,roms_tools/utils.py,34,10,6,0.157895
CWorthy-ocean__roms-tools-227,random,roms_tools/setup/surface_forcing.py,roms_tools/analysis/roms_output.py,34,1,1,0.029412
CWorthy-ocean__roms-tools-227,random,roms_tools/setup/surface_forcing.py,roms_tools/setup/grid.py,34,47,13,0.191176
CWorthy-ocean__roms-tools-227,random,roms_tools/setup/surface_forcing.py,roms_tools/setup/fill.py,34,14,7,0.170732
CWorthy-ocean__roms-tools-227,random,roms_tools/setup/surface_forcing.py,roms_tools/setup/initial_conditions.py,34,44,29,0.591837
CWorthy-ocean__roms-tools-227,random,roms_tools/setup/surface_forcing.py,roms_tools/setup/boundary_forcing.py,34,37,31,0.775
CWorthy-ocean__roms-tools-227,random,roms_tools/setup/utils.py,roms_tools/setup/tides.py,33,36,19,0.38
CWorthy-ocean__roms-tools-227,random,roms_tools/setup/utils.py,roms_tools/setup/grid.py,33,47,13,0.19403
CWorthy-ocean__roms-tools-227,random,roms_tools/setup/utils.py,roms_tools/utils.py,33,10,5,0.131579
CWorthy-ocean__roms-tools-227,random,roms_tools/setup/utils.py,roms_tools/plot.py,33,1,1,0.030303
CWorthy-ocean__roms-tools-227,random,roms_tools/setup/utils.py,roms_tools/setup/initial_conditions.py,33,44,23,0.425926
CWorthy-ocean__roms-tools-227,random,roms_tools/setup/utils.py,roms_tools/analysis/roms_output.py,33,1,1,0.030303
CWorthy-ocean__roms-tools-227,random,roms_tools/setup/utils.py,docs/conf.py,33,6,0,0.0
CWorthy-ocean__roms-tools-227,random,roms_tools/setup/utils.py,roms_tools/setup/fill.py,33,14,7,0.175
CWorthy-ocean__roms-tools-227,random,roms_tools/setup/utils.py,roms_tools/setup/river_forcing.py,33,10,7,0.194444
CWorthy-ocean__roms-tools-227,random,roms_tools/setup/utils.py,roms_tools/vertical_coordinate.py,33,1,1,0.030303
CWorthy-ocean__roms-tools-227,gold-other,roms_tools/setup/datasets.py,roms_tools/setup/surface_forcing.py,34,34,16,0.307692
CWorthy-ocean__roms-tools-227,gold-other,roms_tools/setup/datasets.py,roms_tools/setup/utils.py,34,33,12,0.218182
CWorthy-ocean__roms-tools-227,gold-other,roms_tools/setup/surface_forcing.py,roms_tools/setup/datasets.py,34,34,16,0.307692
CWorthy-ocean__roms-tools-227,gold-other,roms_tools/setup/surface_forcing.py,roms_tools/setup/utils.py,34,33,19,0.395833
CWorthy-ocean__roms-tools-227,gold-other,roms_tools/setup/utils.py,roms_tools/setup/datasets.py,33,34,12,0.218182
CWorthy-ocean__roms-tools-227,gold-other,roms_tools/setup/utils.py,roms_tools/setup/surface_forcing.py,33,34,19,0.395833
traceloop__openllmetry-2577,gold-other,packages/opentelemetry-instrumentation-groq/opentelemetry/instrumentation/groq/utils.py,packages/opentelemetry-instrumentation-openai/opentelemetry/instrumentation/openai/shared/__init__.py,1,26,0,0.0
traceloop__openllmetry-2577,gold-other,packages/opentelemetry-instrumentation-groq/opentelemetry/instrumentation/groq/utils.py,packages/opentelemetry-instrumentation-openai/opentelemetry/instrumentation/openai/utils.py,1,10,0,0.0
traceloop__openllmetry-2577,gold-other,packages/opentelemetry-instrumentation-openai/opentelemetry/instrumentation/openai/shared/__init__.py,packages/opentelemetry-instrumentation-groq/opentelemetry/instrumentation/groq/utils.py,26,1,0,0.0
traceloop__openllmetry-2577,gold-other,packages/opentelemetry-instrumentation-openai/opentelemetry/instrumentation/openai/shared/__init__.py,packages/opentelemetry-instrumentation-openai/opentelemetry/instrumentation/openai/utils.py,26,10,5,0.16129
traceloop__openllmetry-2577,gold-other,packages/opentelemetry-instrumentation-openai/opentelemetry/instrumentation/openai/utils.py,packages/opentelemetry-instrumentation-groq/opentelemetry/instrumentation/groq/utils.py,10,1,0,0.0
traceloop__openllmetry-2577,gold-other,packages/opentelemetry-instrumentation-openai/opentelemetry/instrumentation/openai/utils.py,packages/opentelemetry-instrumentation-openai/opentelemetry/instrumentation/openai/shared/__init__.py,10,26,5,0.16129
hyeneung__tech-blog-hub-site-49,gold,serverless/apis/recommend/lambda_function.py,serverless/apis/recommend/recommend.py,3,3,2,0.5
hyeneung__tech-blog-hub-site-49,random,serverless/apis/recommend/lambda_function.py,serverless/apis/recommend/bigquery/user_log_analyze.py,3,1,1,0.333333
hyeneung__tech-blog-hub-site-49,random,serverless/apis/recommend/lambda_function.py,log_analysis/recommend.py,3,5,0,0.0
hyeneung__tech-blog-hub-site-49,random,serverless/apis/recommend/lambda_function.py,serverless/apis/recommend/opensearch/content_based_filtering.py,3,1,0,0.0
hyeneung__tech-blog-hub-site-49,random,serverless/apis/recommend/lambda_function.py,log_analysis/recommend_utils/content_based_filtering.py,3,1,0,0.0
hyeneung__tech-blog-hub-site-49,random,serverless/apis/recommend/lambda_function.py,text_handler/model/llm_request_utils.py,3,2,0,0.0
hyeneung__tech-blog-hub-site-49,random,serverless/apis/recommend/lambda_function.py,serverless/apis/recommend/utils/get_recommendation_proportions.py,3,1,0,0.0
hyeneung__tech-blog-hub-site-49,random,serverless/apis/recommend/lambda_function.py,serverless/text_handler/lambda_function.py,3,1,0,0.0
hyeneung__tech-blog-hub-site-49,random,serverless/apis/recommend/lambda_function.py,serverless/text_handler/summarize/summarizeModule.py,3,4,0,0.0
hyeneung__tech-blog-hub-site-49,random,serverless/apis/recommend/lambda_function.py,text_handler/generated/crawler_text_handler_pb2.py,3,3,0,0.0
hyeneung__tech-blog-hub-site-49,random,serverless/apis/recommend/lambda_function.py,text_handler/utils/preprocess.py,3,8,0,0.0
hyeneung__tech-blog-hub-site-49,gold,serverless/apis/recommend/opensearch/article_analyze.py,serverless/apis/recommend/recommend.py,1,3,1,0.333333
hyeneung__tech-blog-hub-site-49,random,serverless/apis/recommend/opensearch/article_analyze.py,text_handler/model/fewshot_examples.py,1,1,0,0.0
hyeneung__tech-blog-hub-site-49,random,serverless/apis/recommend/opensearch/article_analyze.py,log_analysis/recommend_utils/get_recommendation_proportions.py,1,1,0,0.0
hyeneung__tech-blog-hub-site-49,random,serverless/apis/recommend/opensearch/article_analyze.py,serverless/apis/recommend/opensearch/content_based_filtering.py,1,1,0,0.0
hyeneung__tech-blog-hub-site-49,random,serverless/apis/recommend/opensearch/article_analyze.py,log_analysis/recommend_utils/content_based_filtering.py,1,1,0,0.0
hyeneung__tech-blog-hub-site-49,random,serverless/apis/recommend/opensearch/article_analyze.py,serverless/apis/recommend/utils/get_recommendation_proportions.py,1,1,0,0.0
hyeneung__tech-blog-hub-site-49,random,serverless/apis/recommend/opensearch/article_analyze.py,serverless/text_handler/hashtag/fewshot_examples.py,1,1,0,0.0
hyeneung__tech-blog-hub-site-49,random,serverless/apis/recommend/opensearch/article_analyze.py,text_handler/main.py,1,4,0,0.0
hyeneung__tech-blog-hub-site-49,random,serverless/apis/recommend/opensearch/article_analyze.py,serverless/apis/recommend/utils/exploratory_filtering.py,1,1,0,0.0
hyeneung__tech-blog-hub-site-49,random,serverless/apis/recommend/opensearch/article_analyze.py,log_analysis/als_train_model.py,1,1,0,0.0
hyeneung__tech-blog-hub-site-49,random,serverless/apis/recommend/opensearch/article_analyze.py,log_analysis/recommend_utils/exploratory_filtering.py,1,1,0,0.0
hyeneung__tech-blog-hub-site-49,gold-other,serverless/apis/recommend/lambda_function.py,serverless/apis/recommend/opensearch/article_analyze.py,3,1,1,0.333333
hyeneung__tech-blog-hub-site-49,gold-other,serverless/apis/recommend/opensearch/article_analyze.py,serverless/apis/recommend/lambda_function.py,1,3,1,0.333333
hyeneung__tech-blog-hub-site-49,gold-other,serverless/apis/recommend/recommend.py,serverless/apis/recommend/lambda_function.py,3,3,2,0.5
hyeneung__tech-blog-hub-site-49,gold-other,serverless/apis/recommend/recommend.py,serverless/apis/recommend/opensearch/article_analyze.py,3,1,1,0.333333
home-assistant__core-136739,gold,homeassistant/components/fritzbox/light.py,homeassistant/components/fritzbox/climate.py,24,51,9,0.136364
home-assistant__core-136739,gold,homeassistant/components/fritzbox/light.py,homeassistant/components/fritzbox/cover.py,24,10,9,0.36
home-assistant__core-136739,random,homeassistant/components/fritzbox/light.py,homeassistant/components/otbr/config_flow.py,24,28,0,0.0
home-assistant__core-136739,random,homeassistant/components/fritzbox/light.py,homeassistant/components/twilio_call/__init__.py,24,1,0,0.0
home-assistant__core-136739,random,homeassistant/components/fritzbox/light.py,homeassistant/components/peco/__init__.py,24,11,0,0.0
home-assistant__core-136739,random,homeassistant/components/fritzbox/light.py,homeassistant/components/flo/coordinator.py,24,1,0,0.0
home-assistant__core-136739,random,homeassistant/components/fritzbox/light.py,homeassistant/components/surepetcare/sensor.py,24,31,0,0.0
home-assistant__core-136739,random,homeassistant/components/fritzbox/light.py,homeassistant/components/ambient_station/binary_sensor.py,24,34,0,0.0
home-assistant__core-136739,random,homeassistant/components/fritzbox/light.py,homeassistant/components/lifx/binary_sensor.py,24,8,0,0.0
home-assistant__core-136739,random,homeassistant/components/fritzbox/light.py,homeassistant/components/mysensors/config_flow.py,24,30,0,0.0
home-assistant__core-136739,random,homeassistant/components/fritzbox/light.py,homeassistant/components/ccm15/config_flow.py,24,4,0,0.0
home-assistant__core-136739,random,homeassistant/components/fritzbox/light.py,homeassistant/components/powerfox/entity.py,24,1,0,0.0
home-assistant__core-136739,gold,homeassistant/components/fritzbox/switch.py,homeassistant/components/fritzbox/climate.py,28,51,22,0.385965
home-assistant__core-136739,gold,homeassistant/components/fritzbox/switch.py,homeassistant/components/fritzbox/cover.py,28,10,9,0.310345
home-assistant__core-136739,random,homeassistant/components/fritzbox/switch.py,homeassistant/components/recorder/table_managers/event_data.py,28,11,0,0.0
home-assistant__core-136739,random,homeassistant/components/fritzbox/switch.py,homeassistant/components/pencom/__init__.py,28,1,0,0.0
home-assistant__core-136739,random,homeassistant/components/fritzbox/switch.py,homeassistant/components/linksys_smart/__init__.py,28,1,0,0.0
home-assistant__core-136739,random,homeassistant/components/fritzbox/switch.py,homeassistant/components/demo/water_heater.py,28,15,2,0.04878
home-assistant__core-136739,random,homeassistant/components/fritzbox/switch.py,homeassistant/components/dormakaba_dkey/const.py,28,1,0,0.0
home-assistant__core-136739,random,homeassistant/components/fritzbox/switch.py,homeassistant/components/qnap_qsw/sensor.py,28,20,0,0.0
home-assistant__core-136739,random,homeassistant/components/fritzbox/switch.py,homeassistant/components/cmus/media_player.py,28,19,2,0.044444
home-assistant__core-136739,random,homeassistant/components/fritzbox/switch.py,homeassistant/components/deluge/sensor.py,28,25,3,0.06
home-assistant__core-136739,random,homeassistant/components/fritzbox/switch.py,homeassistant/components/stream/recorder.py,28,43,1,0.014286
home-assistant__core-136739,random,homeassistant/components/fritzbox/switch.py,homeassistant/components/lg_netcast/triggers/turn_on.py,28,1,0,0.0
home-assistant__core-136739,gold-other,homeassistant/components/fritzbox/climate.py,homeassistant/components/fritzbox/cover.py,51,10,9,0.173077
home-assistant__core-136739,gold-other,homeassistant/components/fritzbox/climate.py,homeassistant/components/fritzbox/light.py,51,24,9,0.136364
home-assistant__core-136739,gold-other,homeassistant/components/fritzbox/climate.py,homeassistant/components/fritzbox/switch.py,51,28,22,0.385965
home-assistant__core-136739,gold-other,homeassistant/components/fritzbox/cover.py,homeassistant/components/fritzbox/climate.py,10,51,9,0.173077
home-assistant__core-136739,gold-other,homeassistant/components/fritzbox/cover.py,homeassistant/components/fritzbox/light.py,10,24,9,0.36
home-assistant__core-136739,gold-other,homeassistant/components/fritzbox/cover.py,homeassistant/components/fritzbox/switch.py,10,28,9,0.310345
home-assistant__core-136739,gold-other,homeassistant/components/fritzbox/light.py,homeassistant/components/fritzbox/switch.py,24,28,9,0.209302
home-assistant__core-136739,gold-other,homeassistant/components/fritzbox/switch.py,homeassistant/components/fritzbox/light.py,28,24,9,0.209302
Standard-Labs__real-intent-27,random,bigdbm/validate/email.py,bigdbm/client.py,3,17,0,0.0
Standard-Labs__real-intent-27,random,bigdbm/validate/email.py,bigdbm/format/base.py,3,1,0,0.0
Standard-Labs__real-intent-27,random,bigdbm/validate/email.py,bigdbm/format/csv.py,3,3,0,0.0
Standard-Labs__real-intent-27,random,bigdbm/validate/email.py,bigdbm/validate/base.py,3,1,0,0.0
Standard-Labs__real-intent-27,random,bigdbm/validate/email.py,bigdbm/process/fill.py,3,12,0,0.0
Standard-Labs__real-intent-27,random,bigdbm/validate/email.py,bigdbm/error.py,3,1,0,0.0
Standard-Labs__real-intent-27,random,bigdbm/validate/email.py,bigdbm/validate/simple.py,3,5,0,0.0
Standard-Labs__real-intent-27,random,bigdbm/validate/email.py,bigdbm/validate/home_attrs.py,3,1,0,0.0
Standard-Labs__real-intent-27,random,bigdbm/validate/email.py,bigdbm/validate/__init__.py,3,1,0,0.0
Standard-Labs__real-intent-27,random,bigdbm/validate/email.py,bigdbm/process/base.py,3,8,0,0.0
Standard-Labs__real-intent-27,random,bigdbm/validate/phone.py,bigdbm/__init__.py,10,1,0,0.0
Standard-Labs__real-intent-27,random,bigdbm/validate/phone.py,bigdbm/validate/pii.py,10,8,0,0.0
Standard-Labs__real-intent-27,random,bigdbm/validate/phone.py,bigdbm/schemas.py,10,9,0,0.0
Standard-Labs__real-intent-27,random,bigdbm/validate/phone.py,bigdbm/taxonomy.py,10,5,0,0.0
Standard-Labs__real-intent-27,random,bigdbm/validate/phone.py,bigdbm/process/base.py,10,8,0,0.0
Standard-Labs__real-intent-27,random,bigdbm/validate/phone.py,bigdbm/process/simple.py,10,2,0,0.0
Standard-Labs__real-intent-27,random,bigdbm/validate/phone.py,bigdbm/format/base.py,10,1,0,0.0
Standard-Labs__real-intent-27,random,bigdbm/validate/phone.py,bigdbm/validate/__init__.py,10,1,0,0.0
Standard-Labs__real-intent-27,random,bigdbm/validate/phone.py,bigdbm/format/csv.py,10,3,0,0.0
Standard-Labs__real-intent-27,random,bigdbm/validate/phone.py,bigdbm/client.py,10,17,0,0.0
Standard-Labs__real-intent-27,gold-other,bigdbm/validate/email.py,bigdbm/validate/phone.py,3,10,1,0.083333
Standard-Labs__real-intent-27,gold-other,bigdbm/validate/phone.py,bigdbm/validate/email.py,10,3,1,0.083333
Standard-Labs__real-intent-102,gold-other,real_intent/deliver/followupboss/vanilla.py,real_intent/deliver/kvcore/__init__.py,8,14,0,0.0
Standard-Labs__real-intent-102,gold-other,real_intent/deliver/kvcore/__init__.py,real_intent/deliver/followupboss/vanilla.py,14,8,0,0.0
NCSU-High-Powered-Rocketry-Club__AirbrakesV2-151,gold,airbrakes/airbrakes.py,airbrakes/hardware/base_imu.py,97,13,2,0.018519
NCSU-High-Powered-Rocketry-Club__AirbrakesV2-151,gold,airbrakes/airbrakes.py,airbrakes/utils.py,97,34,7,0.056452
NCSU-High-Powered-Rocketry-Club__AirbrakesV2-151,random,airbrakes/airbrakes.py,airbrakes/main.py,97,22,7,0.0625
NCSU-High-Powered-Rocketry-Club__AirbrakesV2-151,random,airbrakes/airbrakes.py,airbrakes/telemetry/packets/servo_data_packet.py,97,2,2,0.020619
NCSU-High-Powered-Rocketry-Club__AirbrakesV2-151,random,airbrakes/airbrakes.py,scripts/run_imu.py,97,14,2,0.018349
NCSU-High-Powered-Rocketry-Club__AirbrakesV2-151,random,airbrakes/airbrakes.py,airbrakes/mock/mock_imu.py,97,43,11,0.085271
NCSU-High-Powered-Rocketry-Club__AirbrakesV2-151,random,airbrakes/airbrakes.py,scripts/run_logger.py,97,12,6,0.058252
NCSU-High-Powered-Rocketry-Club__AirbrakesV2-151,random,airbrakes/airbrakes.py,scripts/run_buzzer.py,97,3,0,0.0
NCSU-High-Powered-Rocketry-Club__AirbrakesV2-151,random,airbrakes/airbrakes.py,airbrakes/mock/__init__.py,97,1,0,0.0
NCSU-High-Powered-Rocketry-Club__AirbrakesV2-151,random,airbrakes/airbrakes.py,scripts/run_servo_and_encoder.py,97,8,1,0.009615
NCSU-High-Powered-Rocketry-Club__AirbrakesV2-151,random,airbrakes/airbrakes.py,airbrakes/mock/display.py,97,61,12,0.082192
NCSU-High-Powered-Rocketry-Club__AirbrakesV2-151,random,airbrakes/airbrakes.py,airbrakes/simulation/sim_config.py,97,21,0,0.0
NCSU-High-Powered-Rocketry-Club__AirbrakesV2-151,gold,airbrakes/telemetry/logger.py,airbrakes/hardware/base_imu.py,6,13,2,0.117647
NCSU-High-Powered-Rocketry-Club__AirbrakesV2-151,gold,airbrakes/telemetry/logger.py,airbrakes/utils.py,6,34,2,0.052632
NCSU-High-Powered-Rocketry-Club__AirbrakesV2-151,random,airbrakes/telemetry/logger.py,airbrakes/telemetry/data_processor.py,6,3,1,0.125
NCSU-High-Powered-Rocketry-Club__AirbrakesV2-151,random,airbrakes/telemetry/logger.py,airbrakes/mock/display.py,6,61,1,0.015152
NCSU-High-Powered-Rocketry-Club__AirbrakesV2-151,random,airbrakes/telemetry/logger.py,airbrakes/mock/mock_logger.py,6,4,1,0.111111
NCSU-High-Powered-Rocketry-Club__AirbrakesV2-151,random,airbrakes/telemetry/logger.py,scripts/data_visualizer.py,6,5,0,0.0
NCSU-High-Powered-Rocketry-Club__AirbrakesV2-151,random,airbrakes/telemetry/logger.py,scripts/run_servo.py,6,9,0,0.0
NCSU-High-Powered-Rocketry-Club__AirbrakesV2-151,random,airbrakes/telemetry/logger.py,scripts/__init__.py,6,1,0,0.0
NCSU-High-Powered-Rocketry-Club__AirbrakesV2-151,random,airbrakes/telemetry/logger.py,airbrakes/hardware/servo.py,6,22,0,0.0
NCSU-High-Powered-Rocketry-Club__AirbrakesV2-151,random,airbrakes/telemetry/logger.py,airbrakes/hardware/__init__.py,6,1,0,0.0
NCSU-High-Powered-Rocketry-Club__AirbrakesV2-151,random,airbrakes/telemetry/logger.py,airbrakes/simulation/sim_utils.py,6,1,0,0.0
NCSU-High-Powered-Rocketry-Club__AirbrakesV2-151,random,airbrakes/telemetry/logger.py,airbrakes/telemetry/packets/processor_data_packet.py,6,1,1,0.166667
NCSU-High-Powered-Rocketry-Club__AirbrakesV2-151,gold,airbrakes/telemetry/packets/logger_data_packet.py,airbrakes/hardware/base_imu.py,5,13,2,0.125
NCSU-High-Powered-Rocketry-Club__AirbrakesV2-151,gold,airbrakes/telemetry/packets/logger_data_packet.py,airbrakes/utils.py,5,34,0,0.0
NCSU-High-Powered-Rocketry-Club__AirbrakesV2-151,random,airbrakes/telemetry/packets/logger_data_packet.py,scripts/run_servo_and_encoder.py,5,8,0,0.0
NCSU-High-Powered-Rocketry-Club__AirbrakesV2-151,random,airbrakes/telemetry/packets/logger_data_packet.py,airbrakes/telemetry/packets/apogee_predictor_data_packet.py,5,2,1,0.166667
NCSU-High-Powered-Rocketry-Club__AirbrakesV2-151,random,airbrakes/telemetry/packets/logger_data_packet.py,scripts/__init__.py,5,1,0,0.0
NCSU-High-Powered-Rocketry-Club__AirbrakesV2-151,random,airbrakes/telemetry/packets/logger_data_packet.py,airbrakes/telemetry/apogee_predictor.py,5,5,2,0.25
NCSU-High-Powered-Rocketry-Club__AirbrakesV2-151,random,airbrakes/telemetry/packets/logger_data_packet.py,airbrakes/__init__.py,5,1,0,0.0
NCSU-High-Powered-Rocketry-Club__AirbrakesV2-151,random,airbrakes/telemetry/packets/logger_data_packet.py,airbrakes/mock/mock_imu.py,5,43,1,0.021277
NCSU-High-Powered-Rocketry-Club__AirbrakesV2-151,random,airbrakes/telemetry/packets/logger_data_packet.py,airbrakes/telemetry/__init__.py,5,1,1,0.2
NCSU-High-Powered-Rocketry-Club__AirbrakesV2-151,random,airbrakes/telemetry/packets/logger_data_packet.py,airbrakes/simulation/__init__.py,5,1,0,0.0
NCSU-High-Powered-Rocketry-Club__AirbrakesV2-151,random,airbrakes/telemetry/packets/logger_data_packet.py,airbrakes/telemetry/packets/__init__.py,5,1,1,0.2
NCSU-High-Powered-Rocketry-Club__AirbrakesV2-151,random,airbrakes/telemetry/packets/logger_data_packet.py,airbrakes/telemetry/packets/processor_data_packet.py,5,1,1,0.2
NCSU-High-Powered-Rocketry-Club__AirbrakesV2-151,gold-other,airbrakes/airbrakes.py,airbrakes/telemetry/logger.py,97,6,3,0.03
NCSU-High-Powered-Rocketry-Club__AirbrakesV2-151,gold-other,airbrakes/airbrakes.py,airbrakes/telemetry/packets/logger_data_packet.py,97,5,5,0.051546
NCSU-High-Powered-Rocketry-Club__AirbrakesV2-151,gold-other,airbrakes/hardware/base_imu.py,airbrakes/airbrakes.py,13,97,2,0.018519
NCSU-High-Powered-Rocketry-Club__AirbrakesV2-151,gold-other,airbrakes/hardware/base_imu.py,airbrakes/telemetry/logger.py,13,6,2,0.117647
NCSU-High-Powered-Rocketry-Club__AirbrakesV2-151,gold-other,airbrakes/hardware/base_imu.py,airbrakes/telemetry/packets/logger_data_packet.py,13,5,2,0.125
NCSU-High-Powered-Rocketry-Club__AirbrakesV2-151,gold-other,airbrakes/hardware/base_imu.py,airbrakes/utils.py,13,34,0,0.0
NCSU-High-Powered-Rocketry-Club__AirbrakesV2-151,gold-other,airbrakes/telemetry/logger.py,airbrakes/airbrakes.py,6,97,3,0.03
NCSU-High-Powered-Rocketry-Club__AirbrakesV2-151,gold-other,airbrakes/telemetry/logger.py,airbrakes/telemetry/packets/logger_data_packet.py,6,5,2,0.222222
NCSU-High-Powered-Rocketry-Club__AirbrakesV2-151,gold-other,airbrakes/telemetry/packets/logger_data_packet.py,airbrakes/airbrakes.py,5,97,5,0.051546
NCSU-High-Powered-Rocketry-Club__AirbrakesV2-151,gold-other,airbrakes/telemetry/packets/logger_data_packet.py,airbrakes/telemetry/logger.py,5,6,2,0.222222
NCSU-High-Powered-Rocketry-Club__AirbrakesV2-151,gold-other,airbrakes/utils.py,airbrakes/airbrakes.py,34,97,7,0.056452
NCSU-High-Powered-Rocketry-Club__AirbrakesV2-151,gold-other,airbrakes/utils.py,airbrakes/hardware/base_imu.py,34,13,0,0.0
NCSU-High-Powered-Rocketry-Club__AirbrakesV2-151,gold-other,airbrakes/utils.py,airbrakes/telemetry/logger.py,34,6,2,0.052632
NCSU-High-Powered-Rocketry-Club__AirbrakesV2-151,gold-other,airbrakes/utils.py,airbrakes/telemetry/packets/logger_data_packet.py,34,5,0,0.0
scikit-learn__scikit-learn-8478,gold,sklearn/impute.py,examples/plot_missing_values.py,4,5,2,0.285714
scikit-learn__scikit-learn-8478,gold,sklearn/impute.py,sklearn/utils/estimator_checks.py,4,169,1,0.005814
scikit-learn__scikit-learn-8478,random,sklearn/impute.py,sklearn/externals/joblib/_memory_helpers.py,4,5,0,0.0
scikit-learn__scikit-learn-8478,random,sklearn/impute.py,examples/model_selection/plot_precision_recall.py,4,7,0,0.0
scikit-learn__scikit-learn-8478,random,sklearn/impute.py,sklearn/utils/metaestimators.py,4,14,0,0.0
scikit-learn__scikit-learn-8478,random,sklearn/impute.py,examples/cluster/plot_ward_structured_vs_unstructured.py,4,18,0,0.0
scikit-learn__scikit-learn-8478,random,sklearn/impute.py,examples/plot_digits_pipe.py,4,14,0,0.0
scikit-learn__scikit-learn-8478,random,sklearn/impute.py,sklearn/multioutput.py,4,19,0,0.0
scikit-learn__scikit-learn-8478,random,sklearn/impute.py,sklearn/compose/__init__.py,4,1,0,0.0
scikit-learn__scikit-learn-8478,random,sklearn/impute.py,examples/preprocessing/plot_function_transformer.py,4,3,0,0.0
scikit-learn__scikit-learn-8478,random,sklearn/impute.py,sklearn/ensemble/weight_boosting.py,4,158,0,0.0
scikit-learn__scikit-learn-8478,random,sklearn/impute.py,examples/linear_model/plot_logistic_l1_l2_sparsity.py,4,11,0,0.0
scikit-learn__scikit-learn-8478,gold-other,examples/plot_missing_values.py,sklearn/impute.py,5,4,2,0.285714
scikit-learn__scikit-learn-8478,gold-other,examples/plot_missing_values.py,sklearn/utils/estimator_checks.py,5,169,1,0.00578
scikit-learn__scikit-learn-8478,gold-other,sklearn/utils/estimator_checks.py,examples/plot_missing_values.py,169,5,1,0.00578
scikit-learn__scikit-learn-8478,gold-other,sklearn/utils/estimator_checks.py,sklearn/impute.py,169,4,1,0.005814
cupy__cupy-3730,gold,cupy/fft/fft.py,cupy/fft/config.py,96,7,4,0.040404
cupy__cupy-3730,random,cupy/fft/fft.py,cupy/linalg/decomposition.py,96,65,0,0.0
cupy__cupy-3730,random,cupy/fft/fft.py,cupyx/scipy/fft/__init__.py,96,7,0,0.0
cupy__cupy-3730,random,cupy/fft/fft.py,examples/gmm/gmm.py,96,23,1,0.008475
cupy__cupy-3730,random,cupy/fft/fft.py,cupy/_creation/basic.py,96,2,0,0.0
cupy__cupy-3730,random,cupy/fft/fft.py,cupyx/scipy/ndimage/interpolation.py,96,27,2,0.016529
cupy__cupy-3730,random,cupy/fft/fft.py,cupyx/scipy/special/digamma.py,96,8,0,0.0
cupy__cupy-3730,random,cupy/fft/fft.py,cupy/polynomial/polyutils.py,96,12,0,0.0
cupy__cupy-3730,random,cupy/fft/fft.py,cupy/math/special.py,96,9,0,0.0
cupy__cupy-3730,random,cupy/fft/fft.py,cupy/cusparse.py,96,99,2,0.010363
cupy__cupy-3730,random,cupy/fft/fft.py,cupyx/scipy/special/__init__.py,96,9,0,0.0
cupy__cupy-3730,gold,cupy_setup_build.py,cupy/fft/config.py,228,7,1,0.004274
cupy__cupy-3730,random,cupy_setup_build.py,cupy/core/_fusion_optimization.py,228,1,1,0.004386
cupy__cupy-3730,random,cupy_setup_build.py,cupy/sparse/linalg/__init__.py,228,4,0,0.0
cupy__cupy-3730,random,cupy_setup_build.py,cupy/polynomial/__init__.py,228,2,0,0.0
cupy__cupy-3730,random,cupy_setup_build.py,cupyx/scipy/special/__init__.py,228,9,0,0.0
cupy__cupy-3730,random,cupy_setup_build.py,cupy/core/_fusion_interface.py,228,1,1,0.004386
cupy__cupy-3730,random,cupy_setup_build.py,cupy/random/__init__.py,228,109,0,0.0
cupy__cupy-3730,random,cupy_setup_build.py,cupyx/scipy/sparse/base.py,228,19,0,0.0
cupy__cupy-3730,random,cupy_setup_build.py,cupyx/scipy/sparse/construct.py,228,29,1,0.003906
cupy__cupy-3730,random,cupy_setup_build.py,cupy/math/arithmetic.py,228,14,0,0.0
cupy__cupy-3730,random,cupy_setup_build.py,cupyx/scipy/fft/fft.py,228,24,0,0.0
cupy__cupy-3730,gold,cupyx/scipy/fftpack/_fft.py,cupy/fft/config.py,1,7,0,0.0
cupy__cupy-3730,random,cupyx/scipy/fftpack/_fft.py,cupy/cuda/profiler.py,1,1,0,0.0
cupy__cupy-3730,random,cupyx/scipy/fftpack/_fft.py,examples/stream/map_reduce.py,1,2,0,0.0
cupy__cupy-3730,random,cupyx/scipy/fftpack/_fft.py,cupy/lib/__init__.py,1,16,0,0.0
cupy__cupy-3730,random,cupyx/scipy/fftpack/_fft.py,cupyx/scipy/special/polygamma.py,1,5,0,0.0
cupy__cupy-3730,random,cupyx/scipy/fftpack/_fft.py,cupy/io/npz.py,1,9,0,0.0
cupy__cupy-3730,random,cupyx/scipy/fftpack/_fft.py,cupyx/tools/__init__.py,1,1,0,0.0
cupy__cupy-3730,random,cupyx/scipy/fftpack/_fft.py,cupy/linalg/einsum_opt.py,1,7,0,0.0
cupy__cupy-3730,random,cupyx/scipy/fftpack/_fft.py,cupy/manipulation/shape.py,1,17,0,0.0
cupy__cupy-3730,random,cupyx/scipy/fftpack/_fft.py,cupyx/optimizing/_optimize.py,1,14,0,0.0
cupy__cupy-3730,random,cupyx/scipy/fftpack/_fft.py,cupyx/scipy/ndimage/filters.py,1,64,0,0.0
cupy__cupy-3730,gold-other,cupy/fft/config.py,cupy/fft/fft.py,7,96,4,0.040404
cupy__cupy-3730,gold-other,cupy/fft/config.py,cupy_setup_build.py,7,228,1,0.004274
cupy__cupy-3730,gold-other,cupy/fft/config.py,cupyx/scipy/fftpack/_fft.py,7,1,0,0.0
cupy__cupy-3730,gold-other,cupy/fft/fft.py,cupy_setup_build.py,96,228,5,0.015674
cupy__cupy-3730,gold-other,cupy/fft/fft.py,cupyx/scipy/fftpack/_fft.py,96,1,0,0.0
cupy__cupy-3730,gold-other,cupy_setup_build.py,cupy/fft/fft.py,228,96,5,0.015674
cupy__cupy-3730,gold-other,cupy_setup_build.py,cupyx/scipy/fftpack/_fft.py,228,1,0,0.0
cupy__cupy-3730,gold-other,cupyx/scipy/fftpack/_fft.py,cupy/fft/fft.py,1,96,0,0.0
cupy__cupy-3730,gold-other,cupyx/scipy/fftpack/_fft.py,cupy_setup_build.py,1,228,0,0.0
scikit-learn__scikit-learn-17443,gold,examples/calibration/plot_calibration_curve.py,sklearn/metrics/_plot/base.py,7,7,0,0.0
scikit-learn__scikit-learn-17443,random,examples/calibration/plot_calibration_curve.py,sklearn/experimental/enable_halving_search_cv.py,7,2,0,0.0
scikit-learn__scikit-learn-17443,random,examples/calibration/plot_calibration_curve.py,sklearn/_config.py,7,16,0,0.0
scikit-learn__scikit-learn-17443,random,examples/calibration/plot_calibration_curve.py,examples/ensemble/plot_gradient_boosting_regularization.py,7,19,1,0.04
scikit-learn__scikit-learn-17443,random,examples/calibration/plot_calibration_curve.py,sklearn/datasets/_svmlight_format_io.py,7,10,0,0.0
scikit-learn__scikit-learn-17443,random,examples/calibration/plot_calibration_curve.py,examples/model_selection/plot_learning_curve.py,7,14,2,0.105263
scikit-learn__scikit-learn-17443,random,examples/calibration/plot_calibration_curve.py,examples/mixture/plot_gmm_sin.py,7,26,0,0.0
scikit-learn__scikit-learn-17443,random,examples/calibration/plot_calibration_curve.py,sklearn/utils/_arpack.py,7,1,0,0.0
scikit-learn__scikit-learn-17443,random,examples/calibration/plot_calibration_curve.py,examples/manifold/plot_t_sne_perplexity.py,7,7,0,0.0
scikit-learn__scikit-learn-17443,random,examples/calibration/plot_calibration_curve.py,sklearn/decomposition/_lda.py,7,24,0,0.0
scikit-learn__scikit-learn-17443,random,examples/calibration/plot_calibration_curve.py,examples/cluster/plot_kmeans_silhouette_analysis.py,7,10,1,0.0625
scikit-learn__scikit-learn-17443,gold,examples/calibration/plot_compare_calibration.py,sklearn/metrics/_plot/base.py,9,7,0,0.0
scikit-learn__scikit-learn-17443,random,examples/calibration/plot_compare_calibration.py,sklearn/ensemble/__init__.py,9,36,0,0.0
scikit-learn__scikit-learn-17443,random,examples/calibration/plot_compare_calibration.py,sklearn/utils/_mocking.py,9,14,0,0.0
scikit-learn__scikit-learn-17443,random,examples/calibration/plot_compare_calibration.py,examples/applications/plot_species_distribution_modeling.py,9,28,0,0.0
scikit-learn__scikit-learn-17443,random,examples/calibration/plot_compare_calibration.py,sklearn/model_selection/_split.py,9,129,1,0.007299
scikit-learn__scikit-learn-17443,random,examples/calibration/plot_compare_calibration.py,sklearn/neighbors/setup.py,9,11,0,0.0
scikit-learn__scikit-learn-17443,random,examples/calibration/plot_compare_calibration.py,sklearn/inspection/_permutation_importance.py,9,17,0,0.0
scikit-learn__scikit-learn-17443,random,examples/calibration/plot_compare_calibration.py,maint_tools/check_pxd_in_installation.py,9,3,0,0.0
scikit-learn__scikit-learn-17443,random,examples/calibration/plot_compare_calibration.py,sklearn/metrics/_plot/det_curve.py,9,8,0,0.0
scikit-learn__scikit-learn-17443,random,examples/calibration/plot_compare_calibration.py,build_tools/generate_authors_table.py,9,12,0,0.0
scikit-learn__scikit-learn-17443,random,examples/calibration/plot_compare_calibration.py,doc/tutorial/text_analytics/solutions/exercise_02_sentiment.py,9,8,0,0.0
scikit-learn__scikit-learn-17443,gold,sklearn/calibration.py,sklearn/metrics/_plot/base.py,85,7,2,0.022222
scikit-learn__scikit-learn-17443,random,sklearn/calibration.py,examples/decomposition/plot_ica_vs_pca.py,85,26,0,0.0
scikit-learn__scikit-learn-17443,random,sklearn/calibration.py,examples/classification/plot_classifier_comparison.py,85,11,0,0.0
scikit-learn__scikit-learn-17443,random,sklearn/calibration.py,sklearn/utils/_joblib.py,85,7,2,0.022222
scikit-learn__scikit-learn-17443,random,sklearn/calibration.py,sklearn/ensemble/_hist_gradient_boosting/gradient_boosting.py,85,65,9,0.06383
scikit-learn__scikit-learn-17443,random,sklearn/calibration.py,sklearn/linear_model/_base.py,85,35,9,0.081081
scikit-learn__scikit-learn-17443,random,sklearn/calibration.py,sklearn/preprocessing/_function_transformer.py,85,28,6,0.056075
scikit-learn__scikit-learn-17443,random,sklearn/calibration.py,benchmarks/bench_isolation_forest.py,85,14,2,0.020619
scikit-learn__scikit-learn-17443,random,sklearn/calibration.py,examples/linear_model/plot_ols_3d.py,85,9,0,0.0
scikit-learn__scikit-learn-17443,random,sklearn/calibration.py,sklearn/ensemble/_hist_gradient_boosting/predictor.py,85,7,1,0.010989
scikit-learn__scikit-learn-17443,random,sklearn/calibration.py,sklearn/exceptions.py,85,27,5,0.046729
scikit-learn__scikit-learn-17443,gold-other,examples/calibration/plot_calibration_curve.py,examples/calibration/plot_compare_calibration.py,7,9,3,0.230769
scikit-learn__scikit-learn-17443,gold-other,examples/calibration/plot_calibration_curve.py,sklearn/calibration.py,7,85,1,0.010989
scikit-learn__scikit-learn-17443,gold-other,examples/calibration/plot_compare_calibration.py,examples/calibration/plot_calibration_curve.py,9,7,3,0.230769
scikit-learn__scikit-learn-17443,gold-other,examples/calibration/plot_compare_calibration.py,sklearn/calibration.py,9,85,1,0.010753
scikit-learn__scikit-learn-17443,gold-other,sklearn/calibration.py,examples/calibration/plot_calibration_curve.py,85,7,1,0.010989
scikit-learn__scikit-learn-17443,gold-other,sklearn/calibration.py,examples/calibration/plot_compare_calibration.py,85,9,1,0.010753
scikit-learn__scikit-learn-17443,gold-other,sklearn/metrics/_plot/base.py,examples/calibration/plot_calibration_curve.py,7,7,0,0.0
scikit-learn__scikit-learn-17443,gold-other,sklearn/metrics/_plot/base.py,examples/calibration/plot_compare_calibration.py,7,9,0,0.0
scikit-learn__scikit-learn-17443,gold-other,sklearn/metrics/_plot/base.py,sklearn/calibration.py,7,85,2,0.022222
Qiskit__qiskit-13141,gold,qiskit/transpiler/passes/synthesis/unitary_synthesis.py,qiskit/__init__.py,57,189,3,0.012346
Qiskit__qiskit-13141,random,qiskit/transpiler/passes/synthesis/unitary_synthesis.py,qiskit/providers/fake_provider/backends_v1/fake_5q/__init__.py,57,1,0,0.0
Qiskit__qiskit-13141,random,qiskit/transpiler/passes/synthesis/unitary_synthesis.py,tools/find_stray_release_notes.py,57,2,0,0.0
Qiskit__qiskit-13141,random,qiskit/transpiler/passes/synthesis/unitary_synthesis.py,qiskit/circuit/classical/expr/constructors.py,57,5,0,0.0
Qiskit__qiskit-13141,random,qiskit/transpiler/passes/synthesis/unitary_synthesis.py,qiskit/transpiler/passes/synthesis/high_level_synthesis.py,57,32,3,0.034884
Qiskit__qiskit-13141,random,qiskit/transpiler/passes/synthesis/unitary_synthesis.py,qiskit/transpiler/passes/optimization/normalize_rx_angle.py,57,4,0,0.0
Qiskit__qiskit-13141,random,qiskit/transpiler/passes/synthesis/unitary_synthesis.py,qiskit/circuit/library/arithmetic/linear_amplitude_function.py,57,10,2,0.030769
Qiskit__qiskit-13141,random,qiskit/transpiler/passes/synthesis/unitary_synthesis.py,qiskit/result/distributions/quasi.py,57,6,0,0.0
Qiskit__qiskit-13141,random,qiskit/transpiler/passes/synthesis/unitary_synthesis.py,qiskit/providers/basic_provider/basic_provider_job.py,57,1,0,0.0
Qiskit__qiskit-13141,random,qiskit/transpiler/passes/synthesis/unitary_synthesis.py,qiskit/circuit/library/templates/nct/template_nct_6a_1.py,57,1,0,0.0
Qiskit__qiskit-13141,random,qiskit/transpiler/passes/synthesis/unitary_synthesis.py,qiskit/circuit/library/templates/rzx/rzx_zz2.py,57,3,1,0.016949
Qiskit__qiskit-13141,gold-other,qiskit/__init__.py,qiskit/transpiler/passes/synthesis/unitary_synthesis.py,189,57,3,0.012346
Happy-Algorithms-League__hal-cgp-180,random,cgp/genome.py,cgp/node_validation.py,9,1,1,0.111111
Happy-Algorithms-League__hal-cgp-180,random,cgp/genome.py,cgp/individual.py,9,6,3,0.25
Happy-Algorithms-League__hal-cgp-180,random,cgp/genome.py,cgp/cartesian_graph.py,9,7,5,0.454545
Happy-Algorithms-League__hal-cgp-180,random,cgp/genome.py,cgp/primitives.py,9,1,1,0.111111
Happy-Algorithms-League__hal-cgp-180,random,cgp/genome.py,setup.py,9,16,1,0.041667
Happy-Algorithms-League__hal-cgp-180,random,cgp/genome.py,cgp/node_impl.py,9,2,1,0.1
Happy-Algorithms-League__hal-cgp-180,random,cgp/genome.py,cgp/node_input_output.py,9,1,1,0.111111
Happy-Algorithms-League__hal-cgp-180,random,cgp/genome.py,cgp/ea/mu_plus_lambda.py,9,8,2,0.133333
Happy-Algorithms-League__hal-cgp-180,random,cgp/genome.py,cgp/__init__.py,9,5,2,0.166667
Happy-Algorithms-League__hal-cgp-180,random,cgp/genome.py,examples/example_differential_evo_regression.py,9,6,2,0.153846
Happy-Algorithms-League__hal-cgp-180,random,cgp/population.py,cgp/ea/__init__.py,6,1,1,0.166667
Happy-Algorithms-League__hal-cgp-180,random,cgp/population.py,cgp/local_search/__init__.py,6,1,1,0.166667
Happy-Algorithms-League__hal-cgp-180,random,cgp/population.py,cgp/cartesian_graph.py,6,7,1,0.083333
Happy-Algorithms-League__hal-cgp-180,random,cgp/population.py,cgp/utils.py,6,3,1,0.125
Happy-Algorithms-League__hal-cgp-180,random,cgp/population.py,cgp/ea/mu_plus_lambda.py,6,8,4,0.4
Happy-Algorithms-League__hal-cgp-180,random,cgp/population.py,cgp/node.py,6,3,1,0.125
Happy-Algorithms-League__hal-cgp-180,random,cgp/population.py,examples/example_differential_evo_regression.py,6,6,2,0.2
Happy-Algorithms-League__hal-cgp-180,random,cgp/population.py,cgp/individual.py,6,6,2,0.2
Happy-Algorithms-League__hal-cgp-180,random,cgp/population.py,docs/conf.py,6,2,0,0.0
Happy-Algorithms-League__hal-cgp-180,random,cgp/population.py,cgp/__init__.py,6,5,1,0.1
Happy-Algorithms-League__hal-cgp-180,gold-other,cgp/genome.py,cgp/population.py,9,6,2,0.153846
Happy-Algorithms-League__hal-cgp-180,gold-other,cgp/population.py,cgp/genome.py,6,9,2,0.153846
sgkit-dev__sgkit-447,gold,sgkit/distance/api.py,sgkit/distance/metrics.py,11,16,7,0.35
sgkit-dev__sgkit-447,random,sgkit/distance/api.py,sgkit/stats/pc_relate.py,11,13,0,0.0
sgkit-dev__sgkit-447,random,sgkit/distance/api.py,validation/gwas/method/regenie/hail_sim.py,11,3,0,0.0
sgkit-dev__sgkit-447,random,sgkit/distance/api.py,sgkit/stats/preprocessing.py,11,4,0,0.0
sgkit-dev__sgkit-447,random,sgkit/distance/api.py,sgkit/io/dataset.py,11,3,0,0.0
sgkit-dev__sgkit-447,random,sgkit/distance/api.py,sgkit/stats/conversion.py,11,2,0,0.0
sgkit-dev__sgkit-447,random,sgkit/distance/api.py,validation/gwas/method/regenie/glow_wgr.py,11,5,0,0.0
sgkit-dev__sgkit-447,random,sgkit/distance/api.py,sgkit/io/vcf/tbi.py,11,2,0,0.0
sgkit-dev__sgkit-447,random,sgkit/distance/api.py,sgkit/io/vcfzarr_reader.py,11,17,1,0.037037
sgkit-dev__sgkit-447,random,sgkit/distance/api.py,sgkit/io/bgen/__init__.py,11,5,0,0.0
sgkit-dev__sgkit-447,random,sgkit/distance/api.py,sgkit/utils.py,11,21,0,0.0
sgkit-dev__sgkit-447,gold-other,sgkit/distance/metrics.py,sgkit/distance/api.py,16,11,7,0.35
Ouranosinc__xclim-477,gold,xclim/sdba/adjustment.py,xclim/sdba/detrending.py,12,4,3,0.230769
Ouranosinc__xclim-477,random,xclim/sdba/adjustment.py,xclim/__init__.py,12,120,0,0.0
Ouranosinc__xclim-477,random,xclim/sdba/adjustment.py,xclim/indices/_conversion.py,12,3,0,0.0
Ouranosinc__xclim-477,random,xclim/sdba/adjustment.py,xclim/indices/_multivariate.py,12,44,0,0.0
Ouranosinc__xclim-477,random,xclim/sdba/adjustment.py,xclim/core/options.py,12,13,0,0.0
Ouranosinc__xclim-477,random,xclim/sdba/adjustment.py,xclim/core/checks.py,12,22,0,0.0
Ouranosinc__xclim-477,random,xclim/sdba/adjustment.py,xclim/indices/run_length.py,12,19,0,0.0
Ouranosinc__xclim-477,random,xclim/sdba/adjustment.py,xclim/core/formatting.py,12,6,0,0.0
Ouranosinc__xclim-477,random,xclim/sdba/adjustment.py,xclim/indices/_threshold.py,12,31,0,0.0
Ouranosinc__xclim-477,random,xclim/sdba/adjustment.py,xclim/indicators/land/_streamflow.py,12,2,0,0.0
Ouranosinc__xclim-477,random,xclim/sdba/adjustment.py,xclim/indices/__init__.py,12,10,0,0.0
Ouranosinc__xclim-477,gold,xclim/sdba/base.py,xclim/sdba/detrending.py,16,4,3,0.176471
Ouranosinc__xclim-477,random,xclim/sdba/base.py,xclim/core/locales.py,16,3,0,0.0
Ouranosinc__xclim-477,random,xclim/sdba/base.py,xclim/indicators/seaIce/__init__.py,16,1,0,0.0
Ouranosinc__xclim-477,random,xclim/sdba/base.py,xclim/indices/_simple.py,16,16,0,0.0
Ouranosinc__xclim-477,random,xclim/sdba/base.py,xclim/__init__.py,16,120,0,0.0
Ouranosinc__xclim-477,random,xclim/sdba/base.py,xclim/locales/__init__.py,16,12,0,0.0
Ouranosinc__xclim-477,random,xclim/sdba/base.py,xclim/core/options.py,16,13,0,0.0
Ouranosinc__xclim-477,random,xclim/sdba/base.py,xclim/indicators/atmos/_precip.py,16,4,0,0.0
Ouranosinc__xclim-477,random,xclim/sdba/base.py,xclim/indicators/land/__init__.py,16,1,0,0.0
Ouranosinc__xclim-477,random,xclim/sdba/base.py,docs/conf.py,16,24,0,0.0
Ouranosinc__xclim-477,random,xclim/sdba/base.py,xclim/core/checks.py,16,22,0,0.0
Ouranosinc__xclim-477,gold,xclim/sdba/processing.py,xclim/sdba/detrending.py,3,4,1,0.166667
Ouranosinc__xclim-477,random,xclim/sdba/processing.py,xclim/indicators/land/_streamflow.py,3,2,0,0.0
Ouranosinc__xclim-477,random,xclim/sdba/processing.py,xclim/core/calendar.py,3,9,0,0.0
Ouranosinc__xclim-477,random,xclim/sdba/processing.py,xclim/__init__.py,3,120,0,0.0
Ouranosinc__xclim-477,random,xclim/sdba/processing.py,xclim/indicators/atmos/_conversion.py,3,6,0,0.0
Ouranosinc__xclim-477,random,xclim/sdba/processing.py,xclim/core/checks.py,3,22,0,0.0
Ouranosinc__xclim-477,random,xclim/sdba/processing.py,xclim/indicators/seaIce/__init__.py,3,1,0,0.0
Ouranosinc__xclim-477,random,xclim/sdba/processing.py,xclim/core/formatting.py,3,6,0,0.0
Ouranosinc__xclim-477,random,xclim/sdba/processing.py,xclim/core/options.py,3,13,0,0.0
Ouranosinc__xclim-477,random,xclim/sdba/processing.py,xclim/indices/generic.py,3,2,0,0.0
Ouranosinc__xclim-477,random,xclim/sdba/processing.py,xclim/indicators/atmos/_temperature.py,3,7,0,0.0
Ouranosinc__xclim-477,gold,xclim/sdba/utils.py,xclim/sdba/detrending.py,6,4,1,0.111111
Ouranosinc__xclim-477,random,xclim/sdba/utils.py,xclim/indicators/seaIce/__init__.py,6,1,0,0.0
Ouranosinc__xclim-477,random,xclim/sdba/utils.py,xclim/indices/_conversion.py,6,3,0,0.0
Ouranosinc__xclim-477,random,xclim/sdba/utils.py,xclim/core/locales.py,6,3,0,0.0
Ouranosinc__xclim-477,random,xclim/sdba/utils.py,xclim/indicators/seaIce/_seaice.py,6,1,0,0.0
Ouranosinc__xclim-477,random,xclim/sdba/utils.py,xclim/core/__init__.py,6,1,0,0.0
Ouranosinc__xclim-477,random,xclim/sdba/utils.py,xclim/core/indicator.py,6,10,0,0.0
Ouranosinc__xclim-477,random,xclim/sdba/utils.py,setup.py,6,171,0,0.0
Ouranosinc__xclim-477,random,xclim/sdba/utils.py,xclim/core/options.py,6,13,0,0.0
Ouranosinc__xclim-477,random,xclim/sdba/utils.py,xclim/core/utils.py,6,10,0,0.0
Ouranosinc__xclim-477,random,xclim/sdba/utils.py,xclim/ensembles.py,6,29,0,0.0
Ouranosinc__xclim-477,gold-other,xclim/sdba/adjustment.py,xclim/sdba/base.py,12,16,6,0.272727
Ouranosinc__xclim-477,gold-other,xclim/sdba/adjustment.py,xclim/sdba/processing.py,12,3,1,0.071429
Ouranosinc__xclim-477,gold-other,xclim/sdba/adjustment.py,xclim/sdba/utils.py,12,6,3,0.2
Ouranosinc__xclim-477,gold-other,xclim/sdba/base.py,xclim/sdba/adjustment.py,16,12,6,0.272727
Ouranosinc__xclim-477,gold-other,xclim/sdba/base.py,xclim/sdba/processing.py,16,3,2,0.117647
Ouranosinc__xclim-477,gold-other,xclim/sdba/base.py,xclim/sdba/utils.py,16,6,4,0.222222
Ouranosinc__xclim-477,gold-other,xclim/sdba/detrending.py,xclim/sdba/adjustment.py,4,12,3,0.230769
Ouranosinc__xclim-477,gold-other,xclim/sdba/detrending.py,xclim/sdba/base.py,4,16,3,0.176471
Ouranosinc__xclim-477,gold-other,xclim/sdba/detrending.py,xclim/sdba/processing.py,4,3,1,0.166667
Ouranosinc__xclim-477,gold-other,xclim/sdba/detrending.py,xclim/sdba/utils.py,4,6,1,0.111111
Ouranosinc__xclim-477,gold-other,xclim/sdba/processing.py,xclim/sdba/adjustment.py,3,12,1,0.071429
Ouranosinc__xclim-477,gold-other,xclim/sdba/processing.py,xclim/sdba/base.py,3,16,2,0.117647
Ouranosinc__xclim-477,gold-other,xclim/sdba/processing.py,xclim/sdba/utils.py,3,6,1,0.125
Ouranosinc__xclim-477,gold-other,xclim/sdba/utils.py,xclim/sdba/adjustment.py,6,12,3,0.2
Ouranosinc__xclim-477,gold-other,xclim/sdba/utils.py,xclim/sdba/base.py,6,16,4,0.222222
Ouranosinc__xclim-477,gold-other,xclim/sdba/utils.py,xclim/sdba/processing.py,6,3,1,0.125
scikit-learn__scikit-learn-10280,gold,sklearn/metrics/pairwise.py,sklearn/_config.py,213,1,0,0.0
scikit-learn__scikit-learn-10280,gold,sklearn/metrics/pairwise.py,sklearn/metrics/__init__.py,213,69,11,0.04059
scikit-learn__scikit-learn-10280,gold,sklearn/metrics/pairwise.py,sklearn/neighbors/classification.py,213,85,9,0.031142
scikit-learn__scikit-learn-10280,gold,sklearn/metrics/pairwise.py,sklearn/utils/__init__.py,213,111,14,0.045161
scikit-learn__scikit-learn-10280,random,sklearn/metrics/pairwise.py,sklearn/metrics/cluster/unsupervised.py,213,35,6,0.024793
scikit-learn__scikit-learn-10280,random,sklearn/metrics/pairwise.py,doc/tutorial/text_analytics/data/languages/fetch_data.py,213,7,0,0.0
scikit-learn__scikit-learn-10280,random,sklearn/metrics/pairwise.py,sklearn/pipeline.py,213,95,8,0.026667
scikit-learn__scikit-learn-10280,random,sklearn/metrics/pairwise.py,sklearn/random_projection.py,213,83,5,0.017182
scikit-learn__scikit-learn-10280,random,sklearn/metrics/pairwise.py,examples/cluster/plot_cluster_iris.py,213,15,1,0.004405
scikit-learn__scikit-learn-10280,random,sklearn/metrics/pairwise.py,examples/linear_model/plot_lasso_coordinate_descent_path.py,213,22,4,0.017316
scikit-learn__scikit-learn-10280,random,sklearn/metrics/pairwise.py,sklearn/neighbors/setup.py,213,8,1,0.004545
scikit-learn__scikit-learn-10280,random,sklearn/metrics/pairwise.py,examples/ensemble/plot_random_forest_embedding.py,213,15,1,0.004405
scikit-learn__scikit-learn-10280,random,sklearn/metrics/pairwise.py,sklearn/ensemble/partial_dependence.py,213,37,6,0.02459
scikit-learn__scikit-learn-10280,random,sklearn/metrics/pairwise.py,sklearn/linear_model/coordinate_descent.py,213,261,15,0.03268
scikit-learn__scikit-learn-10280,gold-other,sklearn/_config.py,sklearn/metrics/__init__.py,1,69,0,0.0
scikit-learn__scikit-learn-10280,gold-other,sklearn/_config.py,sklearn/metrics/pairwise.py,1,213,0,0.0
scikit-learn__scikit-learn-10280,gold-other,sklearn/_config.py,sklearn/neighbors/classification.py,1,85,0,0.0
scikit-learn__scikit-learn-10280,gold-other,sklearn/_config.py,sklearn/utils/__init__.py,1,111,0,0.0
scikit-learn__scikit-learn-10280,gold-other,sklearn/metrics/__init__.py,sklearn/_config.py,69,1,0,0.0
scikit-learn__scikit-learn-10280,gold-other,sklearn/metrics/__init__.py,sklearn/metrics/pairwise.py,69,213,11,0.04059
scikit-learn__scikit-learn-10280,gold-other,sklearn/metrics/__init__.py,sklearn/neighbors/classification.py,69,85,0,0.0
scikit-learn__scikit-learn-10280,gold-other,sklearn/metrics/__init__.py,sklearn/utils/__init__.py,69,111,4,0.022727
scikit-learn__scikit-learn-10280,gold-other,sklearn/neighbors/classification.py,sklearn/_config.py,85,1,0,0.0
scikit-learn__scikit-learn-10280,gold-other,sklearn/neighbors/classification.py,sklearn/metrics/__init__.py,85,69,0,0.0
scikit-learn__scikit-learn-10280,gold-other,sklearn/neighbors/classification.py,sklearn/metrics/pairwise.py,85,213,9,0.031142
scikit-learn__scikit-learn-10280,gold-other,sklearn/neighbors/classification.py,sklearn/utils/__init__.py,85,111,6,0.031579
scikit-learn__scikit-learn-10280,gold-other,sklearn/utils/__init__.py,sklearn/_config.py,111,1,0,0.0
scikit-learn__scikit-learn-10280,gold-other,sklearn/utils/__init__.py,sklearn/metrics/__init__.py,111,69,4,0.022727
scikit-learn__scikit-learn-10280,gold-other,sklearn/utils/__init__.py,sklearn/metrics/pairwise.py,111,213,14,0.045161
scikit-learn__scikit-learn-10280,gold-other,sklearn/utils/__init__.py,sklearn/neighbors/classification.py,111,85,6,0.031579
pandas-dev__pandas-22762,gold,pandas/core/arrays/categorical.py,pandas/core/arrays/base.py,44,27,9,0.145161
pandas-dev__pandas-22762,gold,pandas/core/arrays/categorical.py,pandas/core/arrays/integer.py,44,7,1,0.02
pandas-dev__pandas-22762,random,pandas/core/arrays/categorical.py,asv_bench/benchmarks/algorithms.py,44,15,0,0.0
pandas-dev__pandas-22762,random,pandas/core/arrays/categorical.py,pandas/plotting/_tools.py,44,8,0,0.0
pandas-dev__pandas-22762,random,pandas/core/arrays/categorical.py,pandas/core/reshape/reshape.py,44,34,2,0.026316
pandas-dev__pandas-22762,random,pandas/core/arrays/categorical.py,pandas/io/excel.py,44,116,0,0.0
pandas-dev__pandas-22762,random,pandas/core/arrays/categorical.py,pandas/core/api.py,44,89,1,0.007576
pandas-dev__pandas-22762,random,pandas/core/arrays/categorical.py,asv_bench/benchmarks/__init__.py,44,1,0,0.0
pandas-dev__pandas-22762,random,pandas/core/arrays/categorical.py,asv_bench/benchmarks/join_merge.py,44,17,0,0.0
pandas-dev__pandas-22762,random,pandas/core/arrays/categorical.py,asv_bench/benchmarks/categoricals.py,44,23,4,0.063492
pandas-dev__pandas-22762,random,pandas/core/arrays/categorical.py,doc/sphinxext/numpydoc/numpydoc.py,44,11,0,0.0
pandas-dev__pandas-22762,random,pandas/core/arrays/categorical.py,pandas/core/internals/blocks.py,44,11,1,0.018519
pandas-dev__pandas-22762,gold,pandas/core/series.py,pandas/core/arrays/base.py,1154,27,6,0.005106
pandas-dev__pandas-22762,gold,pandas/core/series.py,pandas/core/arrays/integer.py,1154,7,3,0.002591
pandas-dev__pandas-22762,random,pandas/core/series.py,pandas/core/nanops.py,1154,135,48,0.038678
pandas-dev__pandas-22762,random,pandas/core/series.py,pandas/plotting/_timeseries.py,1154,7,4,0.003457
pandas-dev__pandas-22762,random,pandas/core/series.py,pandas/io/clipboard/__init__.py,1154,3,1,0.000865
pandas-dev__pandas-22762,random,pandas/core/series.py,pandas/core/sparse/scipy_sparse.py,1154,3,2,0.001732
pandas-dev__pandas-22762,random,pandas/core/series.py,pandas/core/dtypes/generic.py,1154,6,2,0.001727
pandas-dev__pandas-22762,random,pandas/core/series.py,pandas/core/api.py,1154,89,28,0.023045
pandas-dev__pandas-22762,random,pandas/core/series.py,asv_bench/benchmarks/io/msgpack.py,1154,2,0,0.0
pandas-dev__pandas-22762,random,pandas/core/series.py,pandas/core/sparse/array.py,1154,24,9,0.007699
pandas-dev__pandas-22762,random,pandas/core/series.py,pandas/core/indexes/frozen.py,1154,3,0,0.0
pandas-dev__pandas-22762,random,pandas/core/series.py,pandas/core/algorithms.py,1154,171,60,0.047431
pandas-dev__pandas-22762,gold-other,pandas/core/arrays/base.py,pandas/core/arrays/categorical.py,27,44,9,0.145161
pandas-dev__pandas-22762,gold-other,pandas/core/arrays/base.py,pandas/core/arrays/integer.py,27,7,1,0.030303
pandas-dev__pandas-22762,gold-other,pandas/core/arrays/base.py,pandas/core/series.py,27,1154,6,0.005106
pandas-dev__pandas-22762,gold-other,pandas/core/arrays/categorical.py,pandas/core/series.py,44,1154,13,0.01097
pandas-dev__pandas-22762,gold-other,pandas/core/arrays/integer.py,pandas/core/arrays/base.py,7,27,1,0.030303
pandas-dev__pandas-22762,gold-other,pandas/core/arrays/integer.py,pandas/core/arrays/categorical.py,7,44,1,0.02
pandas-dev__pandas-22762,gold-other,pandas/core/arrays/integer.py,pandas/core/series.py,7,1154,3,0.002591
pandas-dev__pandas-22762,gold-other,pandas/core/series.py,pandas/core/arrays/categorical.py,1154,44,13,0.01097
scikit-learn__scikit-learn-23197,gold,sklearn/utils/validation.py,sklearn/utils/setup.py,256,57,1,0.003205
scikit-learn__scikit-learn-23197,random,sklearn/utils/validation.py,examples/svm/plot_separating_hyperplane_unbalanced.py,256,22,0,0.0
scikit-learn__scikit-learn-23197,random,sklearn/utils/validation.py,examples/linear_model/plot_sgd_early_stopping.py,256,11,0,0.0
scikit-learn__scikit-learn-23197,random,sklearn/utils/validation.py,sklearn/utils/_arpack.py,256,1,0,0.0
scikit-learn__scikit-learn-23197,random,sklearn/utils/validation.py,sklearn/covariance/_robust_covariance.py,256,18,3,0.01107
scikit-learn__scikit-learn-23197,random,sklearn/utils/validation.py,sklearn/externals/_packaging/version.py,256,1,0,0.0
scikit-learn__scikit-learn-23197,random,sklearn/utils/validation.py,sklearn/utils/fixes.py,256,138,14,0.036842
scikit-learn__scikit-learn-23197,random,sklearn/utils/validation.py,sklearn/linear_model/_huber.py,256,18,4,0.014815
scikit-learn__scikit-learn-23197,random,sklearn/utils/validation.py,examples/linear_model/plot_sgd_loss_functions.py,256,19,0,0.0
scikit-learn__scikit-learn-23197,random,sklearn/utils/validation.py,sklearn/neighbors/_base.py,256,44,6,0.020408
scikit-learn__scikit-learn-23197,random,sklearn/utils/validation.py,benchmarks/bench_multilabel_metrics.py,256,11,2,0.007547
scikit-learn__scikit-learn-23197,gold-other,sklearn/utils/setup.py,sklearn/utils/validation.py,57,256,1,0.003205
pandas-dev__pandas-18330,random,pandas/core/generic.py,asv_bench/benchmarks/join_merge.py,695,11,0,0.0
pandas-dev__pandas-18330,random,pandas/core/generic.py,pandas/io/formats/printing.py,695,3,2,0.002874
pandas-dev__pandas-18330,random,pandas/core/generic.py,pandas/core/computation/align.py,695,3,2,0.002874
pandas-dev__pandas-18330,random,pandas/core/generic.py,pandas/core/groupby.py,695,668,93,0.073228
pandas-dev__pandas-18330,random,pandas/core/generic.py,pandas/core/tools/timedeltas.py,695,5,3,0.004304
pandas-dev__pandas-18330,random,pandas/core/generic.py,asv_bench/benchmarks/rolling.py,695,2,0,0.0
pandas-dev__pandas-18330,random,pandas/core/generic.py,pandas/util/_decorators.py,695,9,4,0.005714
pandas-dev__pandas-18330,random,pandas/core/generic.py,pandas/core/accessor.py,695,3,2,0.002874
pandas-dev__pandas-18330,random,pandas/core/generic.py,pandas/io/__init__.py,695,3,0,0.0
pandas-dev__pandas-18330,random,pandas/core/generic.py,pandas/core/indexes/timedeltas.py,695,19,5,0.007052
pandas-dev__pandas-18330,random,pandas/core/reshape/reshape.py,pandas/core/indexes/numeric.py,16,8,2,0.090909
pandas-dev__pandas-18330,random,pandas/core/reshape/reshape.py,pandas/core/index.py,16,774,0,0.0
pandas-dev__pandas-18330,random,pandas/core/reshape/reshape.py,pandas/core/config_init.py,16,86,1,0.009901
pandas-dev__pandas-18330,random,pandas/core/reshape/reshape.py,asv_bench/benchmarks/timedelta.py,16,6,0,0.0
pandas-dev__pandas-18330,random,pandas/core/reshape/reshape.py,pandas/core/dtypes/concat.py,16,10,0,0.0
pandas-dev__pandas-18330,random,pandas/core/reshape/reshape.py,doc/sphinxext/numpydoc/docscrape.py,16,4,0,0.0
pandas-dev__pandas-18330,random,pandas/core/reshape/reshape.py,pandas/core/indexes/frozen.py,16,1,0,0.0
pandas-dev__pandas-18330,random,pandas/core/reshape/reshape.py,pandas/core/tools/numeric.py,16,2,0,0.0
pandas-dev__pandas-18330,random,pandas/core/reshape/reshape.py,asv_bench/benchmarks/attrs_caching.py,16,5,1,0.05
pandas-dev__pandas-18330,random,pandas/core/reshape/reshape.py,scripts/api_rst_coverage.py,16,3,0,0.0
pandas-dev__pandas-18330,gold-other,pandas/core/generic.py,pandas/core/reshape/reshape.py,695,16,3,0.004237
pandas-dev__pandas-18330,gold-other,pandas/core/reshape/reshape.py,pandas/core/generic.py,16,695,3,0.004237
scikit-learn__scikit-learn-11179,random,sklearn/metrics/__init__.py,sklearn/decomposition/fastica_.py,73,111,3,0.016575
scikit-learn__scikit-learn-11179,random,sklearn/metrics/__init__.py,sklearn/model_selection/_validation.py,73,54,0,0.0
scikit-learn__scikit-learn-11179,random,sklearn/metrics/__init__.py,examples/text/plot_document_classification_20newsgroups.py,73,2,0,0.0
scikit-learn__scikit-learn-11179,random,sklearn/metrics/__init__.py,sklearn/externals/joblib/externals/loky/backend/compat.py,73,2,0,0.0
scikit-learn__scikit-learn-11179,random,sklearn/metrics/__init__.py,examples/ensemble/plot_bias_variance.py,73,4,0,0.0
scikit-learn__scikit-learn-11179,random,sklearn/metrics/__init__.py,examples/neighbors/plot_digits_kde_sampling.py,73,6,0,0.0
scikit-learn__scikit-learn-11179,random,sklearn/metrics/__init__.py,examples/linear_model/plot_sparse_logistic_regression_20newsgroups.py,73,1,0,0.0
scikit-learn__scikit-learn-11179,random,sklearn/metrics/__init__.py,examples/covariance/plot_mahalanobis_distances.py,73,17,0,0.0
scikit-learn__scikit-learn-11179,random,sklearn/metrics/__init__.py,examples/gaussian_process/plot_gpc_xor.py,73,9,0,0.0
scikit-learn__scikit-learn-11179,random,sklearn/metrics/__init__.py,examples/neural_networks/plot_rbm_logistic_classification.py,73,4,0,0.0
scikit-learn__scikit-learn-11179,random,sklearn/metrics/classification.py,sklearn/discriminant_analysis.py,106,32,3,0.022222
scikit-learn__scikit-learn-11179,random,sklearn/metrics/classification.py,sklearn/utils/linear_assignment_.py,106,9,2,0.017699
scikit-learn__scikit-learn-11179,random,sklearn/metrics/classification.py,sklearn/utils/setup.py,106,41,0,0.0
scikit-learn__scikit-learn-11179,random,sklearn/metrics/classification.py,examples/ensemble/plot_gradient_boosting_regression.py,106,21,0,0.0
scikit-learn__scikit-learn-11179,random,sklearn/metrics/classification.py,examples/covariance/plot_mahalanobis_distances.py,106,17,0,0.0
scikit-learn__scikit-learn-11179,random,sklearn/metrics/classification.py,examples/datasets/plot_random_multilabel_dataset.py,106,3,1,0.009259
scikit-learn__scikit-learn-11179,random,sklearn/metrics/classification.py,sklearn/datasets/lfw.py,106,44,3,0.020408
scikit-learn__scikit-learn-11179,random,sklearn/metrics/classification.py,sklearn/metrics/scorer.py,106,70,6,0.035294
scikit-learn__scikit-learn-11179,random,sklearn/metrics/classification.py,sklearn/tree/setup.py,106,14,0,0.0
scikit-learn__scikit-learn-11179,random,sklearn/metrics/classification.py,examples/classification/plot_classifier_comparison.py,106,10,0,0.0
scikit-learn__scikit-learn-11179,gold-other,sklearn/metrics/__init__.py,sklearn/metrics/classification.py,73,106,6,0.034682
scikit-learn__scikit-learn-11179,gold-other,sklearn/metrics/classification.py,sklearn/metrics/__init__.py,106,73,6,0.034682
django__django-6478,gold-other,django/db/backends/oracle/compiler.py,django/db/models/__init__.py,15,57,1,0.014085
django__django-6478,gold-other,django/db/backends/oracle/compiler.py,django/db/models/expressions.py,15,66,4,0.051948
django__django-6478,gold-other,django/db/models/__init__.py,django/db/backends/oracle/compiler.py,57,15,1,0.014085
django__django-6478,gold-other,django/db/models/__init__.py,django/db/models/expressions.py,57,66,6,0.051282
django__django-6478,gold-other,django/db/models/expressions.py,django/db/backends/oracle/compiler.py,66,15,4,0.051948
django__django-6478,gold-other,django/db/models/expressions.py,django/db/models/__init__.py,66,57,6,0.051282
oppia__oppia-14784,gold-other,core/domain/opportunity_services.py,core/domain/suggestion_services.py,38,71,12,0.123711
oppia__oppia-14784,gold-other,core/domain/opportunity_services.py,core/storage/suggestion/gae_models.py,38,74,15,0.154639
oppia__oppia-14784,gold-other,core/domain/suggestion_services.py,core/domain/opportunity_services.py,71,38,12,0.123711
oppia__oppia-14784,gold-other,core/domain/suggestion_services.py,core/storage/suggestion/gae_models.py,71,74,38,0.35514
oppia__oppia-14784,gold-other,core/storage/suggestion/gae_models.py,core/domain/opportunity_services.py,74,38,15,0.154639
oppia__oppia-14784,gold-other,core/storage/suggestion/gae_models.py,core/domain/suggestion_services.py,74,71,38,0.35514
freedomofpress__securedrop-client-944,random,securedrop_client/gui/widgets.py,securedrop_client/app.py,409,44,14,0.031891
freedomofpress__securedrop-client-944,random,securedrop_client/gui/widgets.py,alembic/versions/2f363b3d680e_init.py,409,8,0,0.0
freedomofpress__securedrop-client-944,random,securedrop_client/gui/widgets.py,securedrop_client/crypto.py,409,27,4,0.009259
freedomofpress__securedrop-client-944,random,securedrop_client/gui/widgets.py,alembic/versions/fecf1191b6f0_remove_decryption_vs_content_contraint.py,409,2,0,0.0
freedomofpress__securedrop-client-944,random,securedrop_client/gui/widgets.py,securedrop_client/resources/__init__.py,409,11,7,0.016949
freedomofpress__securedrop-client-944,random,securedrop_client/gui/widgets.py,securedrop_client/api_jobs/sources.py,409,3,1,0.002433
freedomofpress__securedrop-client-944,random,securedrop_client/gui/widgets.py,securedrop_client/api_jobs/uploads.py,409,19,3,0.007059
freedomofpress__securedrop-client-944,random,securedrop_client/gui/widgets.py,securedrop_client/gui/main.py,409,70,46,0.106236
freedomofpress__securedrop-client-944,random,securedrop_client/gui/widgets.py,securedrop_client/api_jobs/__init__.py,409,1,0,0.0
freedomofpress__securedrop-client-944,random,securedrop_client/gui/widgets.py,setup.py,409,18,0,0.0
freedomofpress__securedrop-client-944,random,securedrop_client/logic.py,create_dev_data.py,262,6,4,0.015152
freedomofpress__securedrop-client-944,random,securedrop_client/logic.py,securedrop_client/api_jobs/uploads.py,262,19,9,0.033088
freedomofpress__securedrop-client-944,random,securedrop_client/logic.py,securedrop_client/app.py,262,44,18,0.0625
freedomofpress__securedrop-client-944,random,securedrop_client/logic.py,securedrop_client/api_jobs/sources.py,262,3,3,0.01145
freedomofpress__securedrop-client-944,random,securedrop_client/logic.py,securedrop_client/sync.py,262,7,4,0.015094
freedomofpress__securedrop-client-944,random,securedrop_client/logic.py,alembic/versions/fecf1191b6f0_remove_decryption_vs_content_contraint.py,262,2,0,0.0
freedomofpress__securedrop-client-944,random,securedrop_client/logic.py,securedrop_client/gui/__init__.py,262,26,0,0.0
freedomofpress__securedrop-client-944,random,securedrop_client/logic.py,securedrop_client/api_jobs/downloads.py,262,38,17,0.060071
freedomofpress__securedrop-client-944,random,securedrop_client/logic.py,securedrop_client/api_jobs/sync.py,262,4,2,0.007576
freedomofpress__securedrop-client-944,random,securedrop_client/logic.py,setup.py,262,18,0,0.0
freedomofpress__securedrop-client-944,random,securedrop_client/storage.py,alembic/versions/36a79ffcfbfb_add_first_name_last_name_fullname_.py,71,3,0,0.0
freedomofpress__securedrop-client-944,random,securedrop_client/storage.py,securedrop_client/api_jobs/sources.py,71,3,0,0.0
freedomofpress__securedrop-client-944,random,securedrop_client/storage.py,securedrop_client/__main__.py,71,1,0,0.0
freedomofpress__securedrop-client-944,random,securedrop_client/storage.py,securedrop_client/export.py,71,12,0,0.0
freedomofpress__securedrop-client-944,random,securedrop_client/storage.py,securedrop_client/api_jobs/downloads.py,71,38,10,0.10101
freedomofpress__securedrop-client-944,random,securedrop_client/storage.py,securedrop_client/app.py,71,44,5,0.045455
freedomofpress__securedrop-client-944,random,securedrop_client/storage.py,alembic/versions/2f363b3d680e_init.py,71,8,0,0.0
freedomofpress__securedrop-client-944,random,securedrop_client/storage.py,securedrop_client/api_jobs/updatestar.py,71,9,0,0.0
freedomofpress__securedrop-client-944,random,securedrop_client/storage.py,alembic/versions/fecf1191b6f0_remove_decryption_vs_content_contraint.py,71,2,0,0.0
freedomofpress__securedrop-client-944,random,securedrop_client/storage.py,securedrop_client/crypto.py,71,27,4,0.042553
freedomofpress__securedrop-client-944,gold-other,securedrop_client/gui/widgets.py,securedrop_client/logic.py,409,262,82,0.139219
freedomofpress__securedrop-client-944,gold-other,securedrop_client/gui/widgets.py,securedrop_client/storage.py,409,71,15,0.032258
freedomofpress__securedrop-client-944,gold-other,securedrop_client/logic.py,securedrop_client/gui/widgets.py,262,409,82,0.139219
freedomofpress__securedrop-client-944,gold-other,securedrop_client/logic.py,securedrop_client/storage.py,262,71,36,0.121212
freedomofpress__securedrop-client-944,gold-other,securedrop_client/storage.py,securedrop_client/gui/widgets.py,71,409,15,0.032258
freedomofpress__securedrop-client-944,gold-other,securedrop_client/storage.py,securedrop_client/logic.py,71,262,36,0.121212
modin-project__modin-4391,gold-other,modin/core/dataframe/pandas/dataframe/dataframe.py,modin/core/dataframe/pandas/partitioning/partition_manager.py,25,15,6,0.176471
modin-project__modin-4391,gold-other,modin/core/dataframe/pandas/dataframe/dataframe.py,modin/core/execution/ray/implementations/pandas_on_ray/partitioning/partition_manager.py,25,12,5,0.15625
modin-project__modin-4391,gold-other,modin/core/dataframe/pandas/partitioning/partition_manager.py,modin/core/dataframe/pandas/dataframe/dataframe.py,15,25,6,0.176471
modin-project__modin-4391,gold-other,modin/core/dataframe/pandas/partitioning/partition_manager.py,modin/core/execution/ray/implementations/pandas_on_ray/partitioning/partition_manager.py,15,12,8,0.421053
modin-project__modin-4391,gold-other,modin/core/execution/ray/implementations/pandas_on_ray/partitioning/partition_manager.py,modin/core/dataframe/pandas/dataframe/dataframe.py,12,25,5,0.15625
modin-project__modin-4391,gold-other,modin/core/execution/ray/implementations/pandas_on_ray/partitioning/partition_manager.py,modin/core/dataframe/pandas/partitioning/partition_manager.py,12,15,8,0.421053
pandas-dev__pandas-20796,gold,pandas/core/frame.py,asv_bench/benchmarks/frame_methods.py,1927,28,6,0.003079
pandas-dev__pandas-20796,gold,pandas/core/frame.py,pandas/core/base.py,1927,170,51,0.024927
pandas-dev__pandas-20796,random,pandas/core/frame.py,asv_bench/benchmarks/index_object.py,1927,13,1,0.000516
pandas-dev__pandas-20796,random,pandas/core/frame.py,scripts/generate_pip_deps_from_conda.py,1927,3,1,0.000518
pandas-dev__pandas-20796,random,pandas/core/frame.py,pandas/core/arrays/datetimelike.py,1927,48,2,0.001014
pandas-dev__pandas-20796,random,pandas/core/frame.py,pandas/plotting/_misc.py,1927,19,9,0.004646
pandas-dev__pandas-20796,random,pandas/core/frame.py,pandas/io/pickle.py,1927,31,13,0.006684
pandas-dev__pandas-20796,random,pandas/core/frame.py,pandas/core/dtypes/inference.py,1927,16,4,0.002063
pandas-dev__pandas-20796,random,pandas/core/frame.py,pandas/io/formats/excel.py,1927,16,5,0.00258
pandas-dev__pandas-20796,random,pandas/core/frame.py,asv_bench/benchmarks/multiindex_object.py,1927,4,1,0.000518
pandas-dev__pandas-20796,random,pandas/core/frame.py,asv_bench/benchmarks/algorithms.py,1927,17,1,0.000515
pandas-dev__pandas-20796,random,pandas/core/frame.py,pandas/io/parsers.py,1927,556,76,0.031575
pandas-dev__pandas-20796,gold-other,asv_bench/benchmarks/frame_methods.py,pandas/core/base.py,28,170,0,0.0
pandas-dev__pandas-20796,gold-other,asv_bench/benchmarks/frame_methods.py,pandas/core/frame.py,28,1927,6,0.003079
pandas-dev__pandas-20796,gold-other,pandas/core/base.py,asv_bench/benchmarks/frame_methods.py,170,28,0,0.0
pandas-dev__pandas-20796,gold-other,pandas/core/base.py,pandas/core/frame.py,170,1927,51,0.024927
azavea__raster-vision-676,gold,rastervision/data/vector_source/vector_tile_vector_source.py,rastervision/data/vector_source/geojson_vector_source.py,4,1,0,0.0
azavea__raster-vision-676,gold,rastervision/data/vector_source/vector_tile_vector_source.py,rastervision/data/vector_source/vector_source.py,4,1,0,0.0
azavea__raster-vision-676,random,rastervision/data/vector_source/vector_tile_vector_source.py,rastervision/protos/evaluator_pb2.py,4,2,0,0.0
azavea__raster-vision-676,random,rastervision/data/vector_source/vector_tile_vector_source.py,rastervision/task/task.py,4,6,0,0.0
azavea__raster-vision-676,random,rastervision/data/vector_source/vector_tile_vector_source.py,rastervision/command/utils.py,4,3,0,0.0
azavea__raster-vision-676,random,rastervision/data/vector_source/vector_tile_vector_source.py,integration_tests/util/__init__.py,4,1,0,0.0
azavea__raster-vision-676,random,rastervision/data/vector_source/vector_tile_vector_source.py,rastervision/core/box.py,4,3,0,0.0
azavea__raster-vision-676,random,rastervision/data/vector_source/vector_tile_vector_source.py,rastervision/protos/tf_object_detection/__init__.py,4,1,0,0.0
azavea__raster-vision-676,random,rastervision/data/vector_source/vector_tile_vector_source.py,rastervision/evaluation/chip_classification_evaluator.py,4,1,0,0.0
azavea__raster-vision-676,random,rastervision/data/vector_source/vector_tile_vector_source.py,rastervision/augmentor/nodata_augmentor_config.py,4,1,0,0.0
azavea__raster-vision-676,random,rastervision/data/vector_source/vector_tile_vector_source.py,rastervision/runner/command_dag.py,4,3,0,0.0
azavea__raster-vision-676,random,rastervision/data/vector_source/vector_tile_vector_source.py,rastervision/protos/command_pb2.py,4,1,0,0.0
azavea__raster-vision-676,gold-other,rastervision/data/vector_source/geojson_vector_source.py,rastervision/data/vector_source/vector_source.py,1,1,0,0.0
azavea__raster-vision-676,gold-other,rastervision/data/vector_source/geojson_vector_source.py,rastervision/data/vector_source/vector_tile_vector_source.py,1,4,0,0.0
azavea__raster-vision-676,gold-other,rastervision/data/vector_source/vector_source.py,rastervision/data/vector_source/geojson_vector_source.py,1,1,0,0.0
azavea__raster-vision-676,gold-other,rastervision/data/vector_source/vector_source.py,rastervision/data/vector_source/vector_tile_vector_source.py,1,4,0,0.0
zarr-developers__zarr-python-738,random,zarr/core.py,zarr/hierarchy.py,201,94,31,0.117424
zarr-developers__zarr-python-738,random,zarr/core.py,zarr/_storage/absstore.py,201,1,0,0.0
zarr-developers__zarr-python-738,random,zarr/core.py,zarr/convenience.py,201,56,7,0.028
zarr-developers__zarr-python-738,random,zarr/core.py,zarr/meta_v1.py,201,6,3,0.014706
zarr-developers__zarr-python-738,random,zarr/core.py,zarr/codecs.py,201,16,6,0.028436
zarr-developers__zarr-python-738,random,zarr/core.py,bench/compress_normal.py,201,3,1,0.004926
zarr-developers__zarr-python-738,random,zarr/core.py,zarr/attrs.py,201,30,16,0.074419
zarr-developers__zarr-python-738,random,zarr/core.py,docs/conf.py,201,16,3,0.014019
zarr-developers__zarr-python-738,random,zarr/core.py,zarr/_storage/__init__.py,201,1,0,0.0
zarr-developers__zarr-python-738,random,zarr/core.py,zarr/__init__.py,201,68,21,0.084677
zarr-developers__zarr-python-738,random,zarr/creation.py,zarr/_storage/absstore.py,80,1,0,0.0
zarr-developers__zarr-python-738,random,zarr/creation.py,zarr/_storage/__init__.py,80,1,0,0.0
zarr-developers__zarr-python-738,random,zarr/creation.py,zarr/meta_v1.py,80,6,3,0.036145
zarr-developers__zarr-python-738,random,zarr/creation.py,zarr/errors.py,80,16,7,0.078652
zarr-developers__zarr-python-738,random,zarr/creation.py,docs/conf.py,80,16,3,0.032258
zarr-developers__zarr-python-738,random,zarr/creation.py,zarr/indexing.py,80,37,6,0.054054
zarr-developers__zarr-python-738,random,zarr/creation.py,zarr/sync.py,80,26,12,0.12766
zarr-developers__zarr-python-738,random,zarr/creation.py,bench/compress_normal.py,80,3,1,0.012195
zarr-developers__zarr-python-738,random,zarr/creation.py,zarr/hierarchy.py,80,94,42,0.318182
zarr-developers__zarr-python-738,random,zarr/creation.py,zarr/meta.py,80,59,11,0.085938
zarr-developers__zarr-python-738,random,zarr/storage.py,zarr/_storage/__init__.py,224,1,1,0.004464
zarr-developers__zarr-python-738,random,zarr/storage.py,zarr/sync.py,224,26,11,0.046025
zarr-developers__zarr-python-738,random,zarr/storage.py,zarr/hierarchy.py,224,94,41,0.148014
zarr-developers__zarr-python-738,random,zarr/storage.py,setup.py,224,56,7,0.025641
zarr-developers__zarr-python-738,random,zarr/storage.py,bench/compress_normal.py,224,3,1,0.004425
zarr-developers__zarr-python-738,random,zarr/storage.py,zarr/indexing.py,224,37,6,0.023529
zarr-developers__zarr-python-738,random,zarr/storage.py,zarr/convenience.py,224,56,15,0.056604
zarr-developers__zarr-python-738,random,zarr/storage.py,zarr/errors.py,224,16,7,0.030043
zarr-developers__zarr-python-738,random,zarr/storage.py,zarr/_storage/absstore.py,224,1,1,0.004464
zarr-developers__zarr-python-738,random,zarr/storage.py,zarr/n5.py,224,19,10,0.042918
zarr-developers__zarr-python-738,random,zarr/util.py,zarr/meta.py,112,59,18,0.117647
zarr-developers__zarr-python-738,random,zarr/util.py,zarr/codecs.py,112,16,5,0.04065
zarr-developers__zarr-python-738,random,zarr/util.py,zarr/convenience.py,112,56,4,0.02439
zarr-developers__zarr-python-738,random,zarr/util.py,zarr/meta_v1.py,112,6,4,0.035088
zarr-developers__zarr-python-738,random,zarr/util.py,docs/conf.py,112,16,2,0.015873
zarr-developers__zarr-python-738,random,zarr/util.py,zarr/__init__.py,112,68,10,0.058824
zarr-developers__zarr-python-738,random,zarr/util.py,zarr/_storage/__init__.py,112,1,0,0.0
zarr-developers__zarr-python-738,random,zarr/util.py,zarr/sync.py,112,26,8,0.061538
zarr-developers__zarr-python-738,random,zarr/util.py,zarr/attrs.py,112,30,9,0.067669
zarr-developers__zarr-python-738,random,zarr/util.py,bench/compress_normal.py,112,3,1,0.008772
zarr-developers__zarr-python-738,gold-other,zarr/core.py,zarr/creation.py,201,80,35,0.142276
zarr-developers__zarr-python-738,gold-other,zarr/core.py,zarr/storage.py,201,224,44,0.115486
zarr-developers__zarr-python-738,gold-other,zarr/core.py,zarr/util.py,201,112,33,0.117857
zarr-developers__zarr-python-738,gold-other,zarr/creation.py,zarr/core.py,80,201,35,0.142276
zarr-developers__zarr-python-738,gold-other,zarr/creation.py,zarr/storage.py,80,224,35,0.130112
zarr-developers__zarr-python-738,gold-other,zarr/creation.py,zarr/util.py,80,112,16,0.090909
zarr-developers__zarr-python-738,gold-other,zarr/storage.py,zarr/core.py,224,201,44,0.115486
zarr-developers__zarr-python-738,gold-other,zarr/storage.py,zarr/creation.py,224,80,35,0.130112
zarr-developers__zarr-python-738,gold-other,zarr/storage.py,zarr/util.py,224,112,25,0.080386
zarr-developers__zarr-python-738,gold-other,zarr/util.py,zarr/core.py,112,201,33,0.117857
zarr-developers__zarr-python-738,gold-other,zarr/util.py,zarr/creation.py,112,80,16,0.090909
zarr-developers__zarr-python-738,gold-other,zarr/util.py,zarr/storage.py,112,224,25,0.080386
paperless-ngx__paperless-ngx-1227,random,gunicorn.conf.py,src/paperless/auth.py,11,13,1,0.043478
paperless-ngx__paperless-ngx-1227,random,gunicorn.conf.py,src/documents/signals/handlers.py,11,74,0,0.0
paperless-ngx__paperless-ngx-1227,random,gunicorn.conf.py,docs/conf.py,11,12,1,0.045455
paperless-ngx__paperless-ngx-1227,random,gunicorn.conf.py,src/documents/views.py,11,175,2,0.01087
paperless-ngx__paperless-ngx-1227,random,gunicorn.conf.py,src/documents/migrations/0002_auto_20151226_1316.py,11,2,0,0.0
paperless-ngx__paperless-ngx-1227,random,gunicorn.conf.py,src/documents/migrations/1010_auto_20210101_2159.py,11,2,0,0.0
paperless-ngx__paperless-ngx-1227,random,gunicorn.conf.py,src/documents/migrations/0015_add_insensitive_to_match.py,11,3,0,0.0
paperless-ngx__paperless-ngx-1227,random,gunicorn.conf.py,src/paperless_mail/migrations/0012_alter_mailrule_assign_tags.py,11,1,0,0.0
paperless-ngx__paperless-ngx-1227,random,gunicorn.conf.py,src/paperless_mail/tasks.py,11,12,0,0.0
paperless-ngx__paperless-ngx-1227,random,gunicorn.conf.py,src/paperless_mail/migrations/0001_initial.py,11,2,0,0.0
paperless-ngx__paperless-ngx-1227,random,src/paperless/settings.py,src/documents/matching.py,310,16,4,0.012422
paperless-ngx__paperless-ngx-1227,random,src/paperless/settings.py,src/documents/migrations/0001_initial.py,310,3,2,0.006431
paperless-ngx__paperless-ngx-1227,random,src/paperless/settings.py,src/paperless/checks.py,310,22,10,0.031056
paperless-ngx__paperless-ngx-1227,random,src/paperless/settings.py,src/documents/models.py,310,197,36,0.076433
paperless-ngx__paperless-ngx-1227,random,src/paperless/settings.py,src/paperless_mail/migrations/0010_auto_20220311_1602.py,310,2,0,0.0
paperless-ngx__paperless-ngx-1227,random,src/paperless/settings.py,src/documents/checks.py,310,14,4,0.0125
paperless-ngx__paperless-ngx-1227,random,src/paperless/settings.py,src/paperless/workers.py,310,2,1,0.003215
paperless-ngx__paperless-ngx-1227,random,src/paperless/settings.py,src/documents/tasks.py,310,60,11,0.030641
paperless-ngx__paperless-ngx-1227,random,src/paperless/settings.py,src/paperless_mail/apps.py,310,4,3,0.009646
paperless-ngx__paperless-ngx-1227,random,src/paperless/settings.py,src/paperless_mail/tasks.py,310,12,5,0.015773
paperless-ngx__paperless-ngx-1227,gold-other,gunicorn.conf.py,src/paperless/settings.py,11,310,0,0.0
paperless-ngx__paperless-ngx-1227,gold-other,src/paperless/settings.py,gunicorn.conf.py,310,11,0,0.0
TransformerLensOrg__TransformerLens-333,random,transformer_lens/HookedEncoder.py,transformer_lens/patching.py,3,6,0,0.0
TransformerLensOrg__TransformerLens-333,random,transformer_lens/HookedEncoder.py,transformer_lens/loading_from_pretrained.py,3,22,2,0.086957
TransformerLensOrg__TransformerLens-333,random,transformer_lens/HookedEncoder.py,transformer_lens/FactoredMatrix.py,3,8,0,0.0
TransformerLensOrg__TransformerLens-333,random,transformer_lens/HookedEncoder.py,transformer_lens/past_key_value_caching.py,3,6,0,0.0
TransformerLensOrg__TransformerLens-333,random,transformer_lens/HookedEncoder.py,transformer_lens/utilities/__init__.py,3,1,0,0.0
TransformerLensOrg__TransformerLens-333,random,transformer_lens/HookedEncoder.py,transformer_lens/ActivationCache.py,3,14,0,0.0
TransformerLensOrg__TransformerLens-333,random,transformer_lens/HookedEncoder.py,docs/source/conf.py,3,4,0,0.0
TransformerLensOrg__TransformerLens-333,random,transformer_lens/HookedEncoder.py,transformer_lens/head_detector.py,3,5,0,0.0
TransformerLensOrg__TransformerLens-333,random,transformer_lens/HookedEncoder.py,transformer_lens/train.py,3,3,0,0.0
TransformerLensOrg__TransformerLens-333,random,transformer_lens/HookedEncoder.py,typing_demo.py,3,5,0,0.0
TransformerLensOrg__TransformerLens-333,random,transformer_lens/HookedTransformer.py,transformer_lens/utilities/devices.py,37,5,4,0.105263
TransformerLensOrg__TransformerLens-333,random,transformer_lens/HookedTransformer.py,transformer_lens/SVDInterpreter.py,37,1,0,0.0
TransformerLensOrg__TransformerLens-333,random,transformer_lens/HookedTransformer.py,docs/source/conf.py,37,4,1,0.025
TransformerLensOrg__TransformerLens-333,random,transformer_lens/HookedTransformer.py,transformer_lens/patching.py,37,6,2,0.04878
TransformerLensOrg__TransformerLens-333,random,transformer_lens/HookedTransformer.py,transformer_lens/hook_points.py,37,12,6,0.139535
TransformerLensOrg__TransformerLens-333,random,transformer_lens/HookedTransformer.py,transformer_lens/loading_from_pretrained.py,37,22,10,0.204082
TransformerLensOrg__TransformerLens-333,random,transformer_lens/HookedTransformer.py,transformer_lens/HookedTransformerConfig.py,37,10,8,0.205128
TransformerLensOrg__TransformerLens-333,random,transformer_lens/HookedTransformer.py,transformer_lens/train.py,37,3,2,0.052632
TransformerLensOrg__TransformerLens-333,random,transformer_lens/HookedTransformer.py,easy_transformer/__init__.py,37,16,2,0.039216
TransformerLensOrg__TransformerLens-333,random,transformer_lens/HookedTransformer.py,transformer_lens/__init__.py,37,8,3,0.071429
TransformerLensOrg__TransformerLens-333,random,transformer_lens/utils.py,transformer_lens/evals.py,21,5,3,0.130435
TransformerLensOrg__TransformerLens-333,random,transformer_lens/utils.py,transformer_lens/SVDInterpreter.py,21,1,1,0.047619
TransformerLensOrg__TransformerLens-333,random,transformer_lens/utils.py,typing_demo.py,21,5,3,0.130435
TransformerLensOrg__TransformerLens-333,random,transformer_lens/utils.py,transformer_lens/hook_points.py,21,12,3,0.1
TransformerLensOrg__TransformerLens-333,random,transformer_lens/utils.py,setup.py,21,17,3,0.085714
TransformerLensOrg__TransformerLens-333,random,transformer_lens/utils.py,transformer_lens/utilities/__init__.py,21,1,0,0.0
TransformerLensOrg__TransformerLens-333,random,transformer_lens/utils.py,transformer_lens/train.py,21,3,3,0.142857
TransformerLensOrg__TransformerLens-333,random,transformer_lens/utils.py,transformer_lens/utilities/devices.py,21,5,2,0.083333
TransformerLensOrg__TransformerLens-333,random,transformer_lens/utils.py,transformer_lens/loading_from_pretrained.py,21,22,5,0.131579
TransformerLensOrg__TransformerLens-333,random,transformer_lens/utils.py,transformer_lens/patching.py,21,6,2,0.08
TransformerLensOrg__TransformerLens-333,gold-other,transformer_lens/HookedEncoder.py,transformer_lens/HookedTransformer.py,3,37,2,0.052632
TransformerLensOrg__TransformerLens-333,gold-other,transformer_lens/HookedEncoder.py,transformer_lens/utils.py,3,21,1,0.043478
TransformerLensOrg__TransformerLens-333,gold-other,transformer_lens/HookedTransformer.py,transformer_lens/HookedEncoder.py,37,3,2,0.052632
TransformerLensOrg__TransformerLens-333,gold-other,transformer_lens/HookedTransformer.py,transformer_lens/utils.py,37,21,10,0.208333
TransformerLensOrg__TransformerLens-333,gold-other,transformer_lens/utils.py,transformer_lens/HookedEncoder.py,21,3,1,0.043478
TransformerLensOrg__TransformerLens-333,gold-other,transformer_lens/utils.py,transformer_lens/HookedTransformer.py,21,37,10,0.208333
NatLibFi__Annif-610,random,annif/project.py,annif/default_config.py,182,7,0,0.0
NatLibFi__Annif-610,random,annif/project.py,annif/lexical/__init__.py,182,1,0,0.0
NatLibFi__Annif-610,random,annif/project.py,annif/backend/dummy.py,182,33,14,0.069652
NatLibFi__Annif-610,random,annif/project.py,annif/transform/langfilter.py,182,8,0,0.0
NatLibFi__Annif-610,random,annif/project.py,annif/backend/omikuji.py,182,27,5,0.02451
NatLibFi__Annif-610,random,annif/project.py,annif/parallel.py,182,4,2,0.01087
NatLibFi__Annif-610,random,annif/project.py,annif/analyzer/spacy.py,182,8,0,0.0
NatLibFi__Annif-610,random,annif/project.py,annif/corpus/document.py,182,42,4,0.018182
NatLibFi__Annif-610,random,annif/project.py,annif/corpus/skos.py,182,36,1,0.004608
NatLibFi__Annif-610,random,annif/project.py,annif/lexical/tokenset.py,182,6,0,0.0
NatLibFi__Annif-610,random,annif/registry.py,annif/backend/http.py,6,30,0,0.0
NatLibFi__Annif-610,random,annif/registry.py,annif/corpus/subject.py,6,72,0,0.0
NatLibFi__Annif-610,random,annif/registry.py,annif/corpus/types.py,6,16,0,0.0
NatLibFi__Annif-610,random,annif/registry.py,annif/backend/mixins.py,6,17,0,0.0
NatLibFi__Annif-610,random,annif/registry.py,annif/backend/omikuji.py,6,27,0,0.0
NatLibFi__Annif-610,random,annif/registry.py,annif/default_config.py,6,7,2,0.181818
NatLibFi__Annif-610,random,annif/registry.py,annif/backend/yake.py,6,44,0,0.0
NatLibFi__Annif-610,random,annif/registry.py,annif/util.py,6,28,0,0.0
NatLibFi__Annif-610,random,annif/registry.py,annif/analyzer/simple.py,6,3,0,0.0
NatLibFi__Annif-610,random,annif/registry.py,annif/analyzer/spacy.py,6,8,0,0.0
NatLibFi__Annif-610,random,annif/vocab.py,docs/conf.py,36,10,0,0.0
NatLibFi__Annif-610,random,annif/vocab.py,annif/transform/__init__.py,36,3,0,0.0
NatLibFi__Annif-610,random,annif/vocab.py,annif/backend/hyperopt.py,36,16,0,0.0
NatLibFi__Annif-610,random,annif/vocab.py,annif/backend/dummy.py,36,33,0,0.0
NatLibFi__Annif-610,random,annif/vocab.py,annif/util.py,36,28,0,0.0
NatLibFi__Annif-610,random,annif/vocab.py,annif/backend/stwfsa.py,36,13,0,0.0
NatLibFi__Annif-610,random,annif/vocab.py,annif/analyzer/simplemma.py,36,4,0,0.0
NatLibFi__Annif-610,random,annif/vocab.py,annif/datadir.py,36,2,1,0.027027
NatLibFi__Annif-610,random,annif/vocab.py,annif/config.py,36,12,0,0.0
NatLibFi__Annif-610,random,annif/vocab.py,annif/analyzer/analyzer.py,36,14,0,0.0
NatLibFi__Annif-610,gold-other,annif/project.py,annif/registry.py,182,6,1,0.005348
NatLibFi__Annif-610,gold-other,annif/project.py,annif/vocab.py,182,36,6,0.028302
NatLibFi__Annif-610,gold-other,annif/registry.py,annif/project.py,6,182,1,0.005348
NatLibFi__Annif-610,gold-other,annif/registry.py,annif/vocab.py,6,36,0,0.0
NatLibFi__Annif-610,gold-other,annif/vocab.py,annif/project.py,36,182,6,0.028302
NatLibFi__Annif-610,gold-other,annif/vocab.py,annif/registry.py,36,6,0,0.0
alexa-pi__AlexaPi-188,random,src/alexapi/capture.py,src/alexapi/playback_handlers/soxhandler.py,3,5,1,0.142857
alexa-pi__AlexaPi-188,random,src/alexapi/capture.py,src/alexapi/playback_handlers/vlchandler.py,3,8,0,0.0
alexa-pi__AlexaPi-188,random,src/alexapi/capture.py,src/alexapi/triggers/platformtrigger.py,3,4,0,0.0
alexa-pi__AlexaPi-188,random,src/alexapi/capture.py,src/alexapi/device_platforms/hyperionplatform.py,3,2,0,0.0
alexa-pi__AlexaPi-188,random,src/alexapi/capture.py,src/alexapi/triggers/pocketsphinxtrigger.py,3,3,0,0.0
alexa-pi__AlexaPi-188,random,src/alexapi/capture.py,src/alexapi/device_platforms/dummyplatform.py,3,2,0,0.0
alexa-pi__AlexaPi-188,random,src/alexapi/capture.py,src/alexapi/playback_handlers/__init__.py,3,1,0,0.0
alexa-pi__AlexaPi-188,random,src/alexapi/capture.py,src/alexapi/device_platforms/desktopplatform.py,3,4,0,0.0
alexa-pi__AlexaPi-188,random,src/alexapi/capture.py,src/alexapi/__init__.py,3,1,0,0.0
alexa-pi__AlexaPi-188,random,src/alexapi/capture.py,src/alexapi/exceptions.py,3,1,0,0.0
alexa-pi__AlexaPi-188,random,src/main.py,src/alexapi/device_platforms/baseplatform.py,31,5,4,0.125
alexa-pi__AlexaPi-188,random,src/main.py,src/alexapi/device_platforms/rpilikeplatform.py,31,3,1,0.030303
alexa-pi__AlexaPi-188,random,src/main.py,src/auth_web.py,31,7,5,0.151515
alexa-pi__AlexaPi-188,random,src/main.py,src/alexapi/triggers/__init__.py,31,1,1,0.032258
alexa-pi__AlexaPi-188,random,src/main.py,src/alexapi/device_platforms/dummyplatform.py,31,2,1,0.03125
alexa-pi__AlexaPi-188,random,src/main.py,src/alexapi/device_platforms/__init__.py,31,1,1,0.032258
alexa-pi__AlexaPi-188,random,src/main.py,src/alexapi/device_platforms/serialplatform.py,31,1,0,0.0
alexa-pi__AlexaPi-188,random,src/main.py,src/alexapi/triggers/pocketsphinxtrigger.py,31,3,2,0.0625
alexa-pi__AlexaPi-188,random,src/main.py,src/alexapi/playback_handlers/__init__.py,31,1,1,0.032258
alexa-pi__AlexaPi-188,random,src/main.py,src/alexapi/playback_handlers/basehandler.py,31,5,3,0.090909
alexa-pi__AlexaPi-188,gold-other,src/alexapi/capture.py,src/main.py,3,31,3,0.096774
alexa-pi__AlexaPi-188,gold-other,src/main.py,src/alexapi/capture.py,31,3,3,0.096774
cisagov__manage.get.gov-1669,gold,src/registrar/management/commands/utility/extra_transition_domain_helper.py,src/registrar/models/domain.py,62,345,0,0.0
cisagov__manage.get.gov-1669,gold,src/registrar/management/commands/utility/extra_transition_domain_helper.py,src/registrar/utility/csv_export.py,62,41,0,0.0
cisagov__manage.get.gov-1669,random,src/registrar/management/commands/utility/extra_transition_domain_helper.py,src/registrar/migrations/0008_remove_userprofile_created_at_and_more.py,62,3,0,0.0
cisagov__manage.get.gov-1669,random,src/registrar/management/commands/utility/extra_transition_domain_helper.py,src/registrar/management/commands/load.py,62,7,0,0.0
cisagov__manage.get.gov-1669,random,src/registrar/management/commands/utility/extra_transition_domain_helper.py,src/registrar/models/utility/contact_error.py,62,9,0,0.0
cisagov__manage.get.gov-1669,random,src/registrar/management/commands/utility/extra_transition_domain_helper.py,src/registrar/migrations/0006_alter_contact_phone.py,62,2,0,0.0
cisagov__manage.get.gov-1669,random,src/registrar/management/commands/utility/extra_transition_domain_helper.py,src/registrar/migrations/0054_alter_domainapplication_federal_agency_and_more.py,62,1,0,0.0
cisagov__manage.get.gov-1669,random,src/registrar/management/commands/utility/extra_transition_domain_helper.py,src/registrar/utility/errors.py,62,34,0,0.0
cisagov__manage.get.gov-1669,random,src/registrar/management/commands/utility/extra_transition_domain_helper.py,src/registrar/__init__.py,62,1,0,0.0
cisagov__manage.get.gov-1669,random,src/registrar/management/commands/utility/extra_transition_domain_helper.py,src/registrar/migrations/0046_transitiondomain_email_transitiondomain_first_name_and_more.py,62,1,1,0.016129
cisagov__manage.get.gov-1669,random,src/registrar/management/commands/utility/extra_transition_domain_helper.py,src/epplibwrapper/utility/pool_error.py,62,7,0,0.0
cisagov__manage.get.gov-1669,random,src/registrar/management/commands/utility/extra_transition_domain_helper.py,src/registrar/migrations/0047_transitiondomain_address_line_transitiondomain_city_and_more.py,62,2,2,0.032258
cisagov__manage.get.gov-1669,gold-other,src/registrar/models/domain.py,src/registrar/management/commands/utility/extra_transition_domain_helper.py,345,62,0,0.0
cisagov__manage.get.gov-1669,gold-other,src/registrar/models/domain.py,src/registrar/utility/csv_export.py,345,41,5,0.013123
cisagov__manage.get.gov-1669,gold-other,src/registrar/utility/csv_export.py,src/registrar/management/commands/utility/extra_transition_domain_helper.py,41,62,0,0.0
cisagov__manage.get.gov-1669,gold-other,src/registrar/utility/csv_export.py,src/registrar/models/domain.py,41,345,5,0.013123
Agenta-AI__agenta-1639,gold,agenta-backend/agenta_backend/routers/configs_router.py,agenta-backend/agenta_backend/models/converters.py,34,162,9,0.048128
Agenta-AI__agenta-1639,random,agenta-backend/agenta_backend/routers/configs_router.py,agenta-cli/agenta/client/exceptions.py,34,1,0,0.0
Agenta-AI__agenta-1639,random,agenta-backend/agenta_backend/routers/configs_router.py,agenta-backend/agenta_backend/services/evaluation_service.py,34,161,12,0.065574
Agenta-AI__agenta-1639,random,agenta-backend/agenta_backend/routers/configs_router.py,agenta-cli/agenta/client/backend/types/aggregated_result.py,34,8,0,0.0
Agenta-AI__agenta-1639,random,agenta-backend/agenta_backend/routers/configs_router.py,agenta-backend/agenta_backend/services/docker_utils.py,34,45,0,0.0
Agenta-AI__agenta-1639,random,agenta-backend/agenta_backend/routers/configs_router.py,agenta-backend/agenta_backend/migrations/v0_9_0_to_v10_0_0/20240124225808_evaluation_scenario_error_handling.py,34,2,0,0.0
Agenta-AI__agenta-1639,random,agenta-backend/agenta_backend/routers/configs_router.py,examples/qa_generator_chain_of_prompts/app.py,34,2,0,0.0
Agenta-AI__agenta-1639,random,agenta-backend/agenta_backend/routers/configs_router.py,agenta-cli/agenta/client/backend/__init__.py,34,12,0,0.0
Agenta-AI__agenta-1639,random,agenta-backend/agenta_backend/routers/configs_router.py,agenta-cli/agenta/client/api_models.py,34,10,1,0.023256
Agenta-AI__agenta-1639,random,agenta-backend/agenta_backend/routers/configs_router.py,examples/chat_json_format/app.py,34,3,0,0.0
Agenta-AI__agenta-1639,random,agenta-backend/agenta_backend/routers/configs_router.py,agenta-cli/agenta/client/client.py,34,76,3,0.028037
Agenta-AI__agenta-1639,gold,agenta-backend/agenta_backend/services/db_manager.py,agenta-backend/agenta_backend/models/converters.py,349,162,49,0.106061
Agenta-AI__agenta-1639,random,agenta-backend/agenta_backend/services/db_manager.py,agenta-cli/agenta/client/backend/core/remove_none_from_dict.py,349,3,0,0.0
Agenta-AI__agenta-1639,random,agenta-backend/agenta_backend/services/db_manager.py,agenta-cli/agenta/client/backend/types/human_evaluation_scenario_input.py,349,2,0,0.0
Agenta-AI__agenta-1639,random,agenta-backend/agenta_backend/services/db_manager.py,agenta-cli/agenta/client/backend/types/workspace_member_response.py,349,6,0,0.0
Agenta-AI__agenta-1639,random,agenta-backend/agenta_backend/services/db_manager.py,agenta-backend/agenta_backend/migrations/v0_8_0_to_v0_9_0/20240130140202_connection_evaluation.py,349,2,1,0.002857
Agenta-AI__agenta-1639,random,agenta-backend/agenta_backend/services/db_manager.py,agenta-cli/agenta/client/backend/core/client_wrapper.py,349,5,0,0.0
Agenta-AI__agenta-1639,random,agenta-backend/agenta_backend/services/db_manager.py,agenta-cli/agenta/client/backend/types/workspace_response.py,349,6,0,0.0
Agenta-AI__agenta-1639,random,agenta-backend/agenta_backend/services/db_manager.py,agenta-cli/agenta/client/backend/types/body_import_testset.py,349,5,0,0.0
Agenta-AI__agenta-1639,random,agenta-backend/agenta_backend/services/db_manager.py,agenta-cli/agenta/templates/simple_prompt/app.py,349,10,1,0.002793
Agenta-AI__agenta-1639,random,agenta-backend/agenta_backend/services/db_manager.py,agenta-cli/agenta/client/backend/types/span_detail.py,349,11,0,0.0
Agenta-AI__agenta-1639,random,agenta-backend/agenta_backend/services/db_manager.py,agenta-backend/agenta_backend/models/api/api_models.py,349,101,31,0.073986
Agenta-AI__agenta-1639,gold-other,agenta-backend/agenta_backend/models/converters.py,agenta-backend/agenta_backend/routers/configs_router.py,162,34,9,0.048128
Agenta-AI__agenta-1639,gold-other,agenta-backend/agenta_backend/models/converters.py,agenta-backend/agenta_backend/services/db_manager.py,162,349,49,0.106061
Agenta-AI__agenta-1639,gold-other,agenta-backend/agenta_backend/routers/configs_router.py,agenta-backend/agenta_backend/services/db_manager.py,34,349,15,0.040761
Agenta-AI__agenta-1639,gold-other,agenta-backend/agenta_backend/services/db_manager.py,agenta-backend/agenta_backend/routers/configs_router.py,349,34,15,0.040761
matrix-org__synapse-8744,gold,synapse/handlers/appservice.py,synapse/handlers/receipts.py,105,51,6,0.04
matrix-org__synapse-8744,gold,synapse/handlers/appservice.py,synapse/storage/databases/main/receipts.py,105,13,1,0.008547
matrix-org__synapse-8744,random,synapse/handlers/appservice.py,synapse/replication/slave/storage/keys.py,105,8,1,0.008929
matrix-org__synapse-8744,random,synapse/handlers/appservice.py,synapse/handlers/federation.py,105,672,10,0.013038
matrix-org__synapse-8744,random,synapse/handlers/appservice.py,synapse/rest/media/v1/thumbnailer.py,105,18,4,0.033613
matrix-org__synapse-8744,random,synapse/handlers/appservice.py,synapse/handlers/identity.py,105,75,4,0.022727
matrix-org__synapse-8744,random,synapse/handlers/appservice.py,synapse/storage/databases/state/schema/delta/47/state_group_seq.py,105,1,0,0.0
matrix-org__synapse-8744,random,synapse/handlers/appservice.py,synapse/util/httpresourcetree.py,105,6,2,0.018349
matrix-org__synapse-8744,random,synapse/handlers/appservice.py,synapse/storage/databases/main/room.py,105,16,0,0.0
matrix-org__synapse-8744,random,synapse/handlers/appservice.py,synapse/replication/tcp/commands.py,105,31,1,0.007407
matrix-org__synapse-8744,random,synapse/handlers/appservice.py,synapse/handlers/device.py,105,107,6,0.029126
matrix-org__synapse-8744,random,synapse/handlers/appservice.py,synapse/api/filtering.py,105,79,6,0.033708
matrix-org__synapse-8744,gold-other,synapse/handlers/receipts.py,synapse/handlers/appservice.py,51,105,6,0.04
matrix-org__synapse-8744,gold-other,synapse/handlers/receipts.py,synapse/storage/databases/main/receipts.py,51,13,2,0.032258
matrix-org__synapse-8744,gold-other,synapse/storage/databases/main/receipts.py,synapse/handlers/appservice.py,13,105,1,0.008547
matrix-org__synapse-8744,gold-other,synapse/storage/databases/main/receipts.py,synapse/handlers/receipts.py,13,51,2,0.032258
NVIDIA__NeMo-9100,gold,nemo/collections/asr/parts/submodules/ctc_decoding.py,nemo/collections/asr/parts/submodules/ctc_greedy_decoding.py,3,7,0,0.0
NVIDIA__NeMo-9100,random,nemo/collections/asr/parts/submodules/ctc_decoding.py,nemo/collections/common/data/lhotse/cutset.py,3,7,0,0.0
NVIDIA__NeMo-9100,random,nemo/collections/asr/parts/submodules/ctc_decoding.py,nemo/collections/multimodal/models/nerf/base.py,3,1,0,0.0
NVIDIA__NeMo-9100,random,nemo/collections/asr/parts/submodules/ctc_decoding.py,nemo/collections/multimodal/modules/stable_diffusion/diffusionmodules/loss.py,3,1,0,0.0
NVIDIA__NeMo-9100,random,nemo/collections/asr/parts/submodules/ctc_decoding.py,examples/nlp/question_answering/convert_msmarco_to_squad_format.py,3,1,0,0.0
NVIDIA__NeMo-9100,random,nemo/collections/asr/parts/submodules/ctc_decoding.py,nemo/collections/asr/losses/audio_losses.py,3,4,0,0.0
NVIDIA__NeMo-9100,random,nemo/collections/asr/parts/submodules/ctc_decoding.py,scripts/dataset_processing/tts/libritts/get_data.py,3,3,0,0.0
NVIDIA__NeMo-9100,random,nemo/collections/asr/parts/submodules/ctc_decoding.py,nemo/collections/multimodal/modules/nerf/geometry/layers.py,3,1,0,0.0
NVIDIA__NeMo-9100,random,nemo/collections/asr/parts/submodules/ctc_decoding.py,nemo/deploy/__init__.py,3,1,0,0.0
NVIDIA__NeMo-9100,random,nemo/collections/asr/parts/submodules/ctc_decoding.py,nemo/collections/multimodal/parts/__init__.py,3,1,0,0.0
NVIDIA__NeMo-9100,random,nemo/collections/asr/parts/submodules/ctc_decoding.py,scripts/nlp_language_modeling/build_retrieval_index.py,3,7,0,0.0
NVIDIA__NeMo-9100,gold-other,nemo/collections/asr/parts/submodules/ctc_greedy_decoding.py,nemo/collections/asr/parts/submodules/ctc_decoding.py,7,3,0,0.0
scikit-learn__scikit-learn-30327,random,sklearn/base.py,examples/gaussian_process/plot_gpc_isoprobability.py,214,21,3,0.012931
scikit-learn__scikit-learn-30327,random,sklearn/base.py,examples/feature_selection/plot_f_test_vs_mi.py,214,9,1,0.004505
scikit-learn__scikit-learn-30327,random,sklearn/base.py,sklearn/manifold/__init__.py,214,21,6,0.026201
scikit-learn__scikit-learn-30327,random,sklearn/base.py,sklearn/inspection/_partial_dependence.py,214,51,8,0.031128
scikit-learn__scikit-learn-30327,random,sklearn/base.py,sklearn/inspection/__init__.py,214,14,4,0.017857
scikit-learn__scikit-learn-30327,random,sklearn/base.py,sklearn/gaussian_process/_gpr.py,214,47,13,0.052419
scikit-learn__scikit-learn-30327,random,sklearn/base.py,sklearn/compose/__init__.py,214,7,3,0.013761
scikit-learn__scikit-learn-30327,random,sklearn/base.py,sklearn/ensemble/_hist_gradient_boosting/binning.py,214,27,5,0.021186
scikit-learn__scikit-learn-30327,random,sklearn/base.py,examples/cluster/plot_ward_structured_vs_unstructured.py,214,28,7,0.029787
scikit-learn__scikit-learn-30327,random,sklearn/base.py,examples/linear_model/plot_sgdocsvm_vs_ocsvm.py,214,6,1,0.004566
scikit-learn__scikit-learn-30327,random,sklearn/utils/_tags.py,sklearn/_build_utils/tempita.py,11,2,1,0.083333
scikit-learn__scikit-learn-30327,random,sklearn/utils/_tags.py,examples/linear_model/plot_multi_task_lasso_support.py,11,19,0,0.0
scikit-learn__scikit-learn-30327,random,sklearn/utils/_tags.py,examples/cluster/plot_linkage_comparison.py,11,8,1,0.055556
scikit-learn__scikit-learn-30327,random,sklearn/utils/_tags.py,sklearn/utils/metadata_routing.py,11,7,0,0.0
scikit-learn__scikit-learn-30327,random,sklearn/utils/_tags.py,sklearn/datasets/_covtype.py,11,25,1,0.028571
scikit-learn__scikit-learn-30327,random,sklearn/utils/_tags.py,benchmarks/bench_plot_polynomial_kernel_approximation.py,11,7,1,0.058824
scikit-learn__scikit-learn-30327,random,sklearn/utils/_tags.py,sklearn/utils/_plotting.py,11,7,1,0.058824
scikit-learn__scikit-learn-30327,random,sklearn/utils/_tags.py,examples/model_selection/plot_grid_search_digits.py,11,11,1,0.047619
scikit-learn__scikit-learn-30327,random,sklearn/utils/_tags.py,examples/feature_selection/plot_feature_selection_pipeline.py,11,13,1,0.043478
scikit-learn__scikit-learn-30327,random,sklearn/utils/_tags.py,examples/model_selection/plot_likelihood_ratios.py,11,5,1,0.066667
scikit-learn__scikit-learn-30327,gold-other,sklearn/base.py,sklearn/utils/_tags.py,214,11,5,0.022727
scikit-learn__scikit-learn-30327,gold-other,sklearn/utils/_tags.py,sklearn/base.py,11,214,5,0.022727
django__django-18854,random,django/contrib/postgres/fields/array.py,django/conf/locale/km/__init__.py,63,1,0,0.0
django__django-18854,random,django/contrib/postgres/fields/array.py,django/contrib/gis/geos/linestring.py,63,33,3,0.032258
django__django-18854,random,django/contrib/postgres/fields/array.py,django/contrib/gis/gdal/raster/const.py,63,14,1,0.013158
django__django-18854,random,django/contrib/postgres/fields/array.py,scripts/manage_translations.py,63,28,2,0.022472
django__django-18854,random,django/contrib/postgres/fields/array.py,django/conf/locale/el/__init__.py,63,1,0,0.0
django__django-18854,random,django/contrib/postgres/fields/array.py,django/contrib/messages/middleware.py,63,5,1,0.014925
django__django-18854,random,django/contrib/postgres/fields/array.py,django/db/backends/sqlite3/client.py,63,16,1,0.012821
django__django-18854,random,django/contrib/postgres/fields/array.py,django/core/mail/message.py,63,98,5,0.032051
django__django-18854,random,django/contrib/postgres/fields/array.py,django/contrib/gis/gdal/prototypes/__init__.py,63,1,0,0.0
django__django-18854,random,django/contrib/postgres/fields/array.py,django/contrib/gis/db/models/functions.py,63,67,5,0.04
django__django-18854,random,django/contrib/postgres/fields/hstore.py,django/contrib/gis/db/backends/base/operations.py,24,35,3,0.053571
django__django-18854,random,django/contrib/postgres/fields/hstore.py,django/contrib/gis/feeds.py,24,20,3,0.073171
django__django-18854,random,django/contrib/postgres/fields/hstore.py,django/contrib/gis/sitemaps/kml.py,24,19,2,0.04878
django__django-18854,random,django/contrib/postgres/fields/hstore.py,django/conf/locale/lv/__init__.py,24,1,0,0.0
django__django-18854,random,django/contrib/postgres/fields/hstore.py,django/conf/locale/th/__init__.py,24,1,0,0.0
django__django-18854,random,django/contrib/postgres/fields/hstore.py,django/contrib/gis/db/models/fields.py,24,82,10,0.104167
django__django-18854,random,django/contrib/postgres/fields/hstore.py,django/db/models/sql/compiler.py,24,347,6,0.016438
django__django-18854,random,django/contrib/postgres/fields/hstore.py,django/core/checks/registry.py,24,32,2,0.037037
django__django-18854,random,django/contrib/postgres/fields/hstore.py,django/contrib/staticfiles/testing.py,24,4,1,0.037037
django__django-18854,random,django/contrib/postgres/fields/hstore.py,django/core/management/base.py,24,164,4,0.021739
django__django-18854,gold-other,django/contrib/postgres/fields/array.py,django/contrib/postgres/fields/hstore.py,63,24,12,0.16
django__django-18854,gold-other,django/contrib/postgres/fields/hstore.py,django/contrib/postgres/fields/array.py,24,63,12,0.16
tobymao__sqlglot-4434,random,sqlglot/dialects/snowflake.py,sqlglot/optimizer/eliminate_joins.py,320,11,1,0.00303
tobymao__sqlglot-4434,random,sqlglot/dialects/snowflake.py,sqlglot/executor/__init__.py,320,20,2,0.005917
tobymao__sqlglot-4434,random,sqlglot/dialects/snowflake.py,sqlglot/optimizer/normalize_identifiers.py,320,19,4,0.01194
tobymao__sqlglot-4434,random,sqlglot/dialects/snowflake.py,sqlglot/optimizer/pushdown_projections.py,320,31,4,0.011527
tobymao__sqlglot-4434,random,sqlglot/dialects/snowflake.py,sqlglot/executor/python.py,320,66,12,0.032086
tobymao__sqlglot-4434,random,sqlglot/dialects/snowflake.py,sqlglot/optimizer/normalize.py,320,34,5,0.014327
tobymao__sqlglot-4434,random,sqlglot/dialects/snowflake.py,sqlglot/dialects/starrocks.py,320,31,10,0.029326
tobymao__sqlglot-4434,random,sqlglot/dialects/snowflake.py,sqlglot/dialects/doris.py,320,21,4,0.011869
tobymao__sqlglot-4434,random,sqlglot/dialects/snowflake.py,sqlglot/tokens.py,320,443,45,0.062674
tobymao__sqlglot-4434,random,sqlglot/dialects/snowflake.py,sqlglot/dialects/duckdb.py,320,234,80,0.168776
tobymao__sqlglot-4434,random,sqlglot/expressions.py,sqlglot/optimizer/simplify.py,1270,116,48,0.035874
tobymao__sqlglot-4434,random,sqlglot/expressions.py,sqlglot/dialects/oracle.py,1270,114,42,0.031297
tobymao__sqlglot-4434,random,sqlglot/expressions.py,sqlglot/dialects/trino.py,1270,19,10,0.007819
tobymao__sqlglot-4434,random,sqlglot/expressions.py,sqlglot/optimizer/normalize.py,1270,34,16,0.012422
tobymao__sqlglot-4434,random,sqlglot/expressions.py,sqlglot/optimizer/qualify_tables.py,1270,36,19,0.014763
tobymao__sqlglot-4434,random,sqlglot/expressions.py,sqlglot/dialects/databricks.py,1270,36,16,0.012403
tobymao__sqlglot-4434,random,sqlglot/expressions.py,sqlglot/dialects/mysql.py,1270,201,96,0.069818
tobymao__sqlglot-4434,random,sqlglot/expressions.py,sqlglot/tokens.py,1270,443,248,0.169283
tobymao__sqlglot-4434,random,sqlglot/expressions.py,sqlglot/schema.py,1270,78,17,0.012772
tobymao__sqlglot-4434,random,sqlglot/expressions.py,sqlglot/helper.py,1270,87,47,0.035878
tobymao__sqlglot-4434,random,sqlglot/generator.py,sqlglot/optimizer/qualify.py,914,10,1,0.001083
tobymao__sqlglot-4434,random,sqlglot/generator.py,sqlglot/dialects/presto.py,914,194,83,0.080976
tobymao__sqlglot-4434,random,sqlglot/generator.py,setup.py,914,28,5,0.005336
tobymao__sqlglot-4434,random,sqlglot/generator.py,sqlglot/errors.py,914,11,5,0.005435
tobymao__sqlglot-4434,random,sqlglot/generator.py,sqlglot/diff.py,914,40,10,0.010593
tobymao__sqlglot-4434,random,sqlglot/generator.py,sqlglot/dialects/oracle.py,914,114,50,0.051125
tobymao__sqlglot-4434,random,sqlglot/generator.py,sqlglot/dialects/materialize.py,914,2,0,0.0
tobymao__sqlglot-4434,random,sqlglot/generator.py,sqlglot/jsonpath.py,914,8,7,0.00765
tobymao__sqlglot-4434,random,sqlglot/generator.py,sqlglot/optimizer/pushdown_projections.py,914,31,7,0.007463
tobymao__sqlglot-4434,random,sqlglot/generator.py,sqlglot/optimizer/qualify_tables.py,914,36,9,0.009564
tobymao__sqlglot-4434,random,sqlglot/parser.py,sqlglot/tokens.py,1312,443,284,0.193066
tobymao__sqlglot-4434,random,sqlglot/parser.py,benchmarks/helpers.py,1312,1,0,0.0
tobymao__sqlglot-4434,random,sqlglot/parser.py,sqlglot/dialects/doris.py,1312,21,2,0.001503
tobymao__sqlglot-4434,random,sqlglot/parser.py,sqlglot/dialects/redshift.py,1312,129,54,0.038933
tobymao__sqlglot-4434,random,sqlglot/parser.py,sqlglot/dialects/oracle.py,1312,114,43,0.031092
tobymao__sqlglot-4434,random,sqlglot/parser.py,sqlglot/dialects/prql.py,1312,15,2,0.001509
tobymao__sqlglot-4434,random,sqlglot/parser.py,sqlglot/optimizer/qualify.py,1312,10,1,0.000757
tobymao__sqlglot-4434,random,sqlglot/parser.py,sqlglot/optimizer/pushdown_predicates.py,1312,37,6,0.004468
tobymao__sqlglot-4434,random,sqlglot/parser.py,sqlglot/dialects/sqlite.py,1312,84,32,0.02346
tobymao__sqlglot-4434,random,sqlglot/parser.py,sqlglot/optimizer/unnest_subqueries.py,1312,23,7,0.005271
tobymao__sqlglot-4434,gold-other,sqlglot/dialects/snowflake.py,sqlglot/expressions.py,320,1270,131,0.089788
tobymao__sqlglot-4434,gold-other,sqlglot/dialects/snowflake.py,sqlglot/generator.py,320,914,109,0.096889
tobymao__sqlglot-4434,gold-other,sqlglot/dialects/snowflake.py,sqlglot/parser.py,320,1312,116,0.076517
tobymao__sqlglot-4434,gold-other,sqlglot/expressions.py,sqlglot/dialects/snowflake.py,1270,320,131,0.089788
tobymao__sqlglot-4434,gold-other,sqlglot/expressions.py,sqlglot/generator.py,1270,914,585,0.365854
tobymao__sqlglot-4434,gold-other,sqlglot/expressions.py,sqlglot/parser.py,1270,1312,652,0.337824
tobymao__sqlglot-4434,gold-other,sqlglot/generator.py,sqlglot/dialects/snowflake.py,914,320,109,0.096889
tobymao__sqlglot-4434,gold-other,sqlglot/generator.py,sqlglot/expressions.py,914,1270,585,0.365854
tobymao__sqlglot-4434,gold-other,sqlglot/generator.py,sqlglot/parser.py,914,1312,616,0.382609
tobymao__sqlglot-4434,gold-other,sqlglot/parser.py,sqlglot/dialects/snowflake.py,1312,320,116,0.076517
tobymao__sqlglot-4434,gold-other,sqlglot/parser.py,sqlglot/expressions.py,1312,1270,652,0.337824
tobymao__sqlglot-4434,gold-other,sqlglot/parser.py,sqlglot/generator.py,1312,914,616,0.382609
