instance_id,path,n_gold,category,fan_in,fan_out,is_init,parser,in_bundle,is_test,rank_bm25,rank_search_v01,rank_search_v02,rank_ctxcat_v01,rank_ctxcat_v02,rank_ctxbug_v02,rank_fusion_v02,rank_fusion_search_v02,rank_bm25graph,entry_v01_cat,entry_v02_cat,in_band_v02_cat,ppr_rank_v02_cat,ppr_candidates_v02_cat,ppr_mass_v02_cat,ppr_used_v02_cat,walk_dist_v01_cat,bm25graph_walk_dist,reason_v02_cat,reason_v01_cat,dist_entry_und,dist_entry_dep,dist_entry_caller,dist_found_und,dist_found_dep,dist_found_caller,degree_und
UXARRAY__uxarray-1117,uxarray/grid/connectivity.py,2,Performance Issue,8,2,0,ast,1,0,13,4,12,23,20,20,15,13,8,0,0,0,12,60,0.01512795,1,,1,graph neighbour of the entry points (PPR 0.015),,1,1,inf,2,inf,inf,10
UXARRAY__uxarray-1117,uxarray/grid/coordinates.py,2,Performance Issue,14,3,0,ast,1,0,1,1,1,1,1,1,1,1,1,1,1,1,,60,0.06557659,0,,0,entry point (lexical score 28.0),entry point (lexical score 54.2),0,0,0,0,0,0,17
ultralytics__ultralytics-17810,ultralytics/utils/ops.py,1,Bug Report,33,3,0,ast,1,0,41,9,37,9,16,16,24,39,20,0,0,0,5,139,0.01956134,1,1,1,graph neighbour of the entry points (PPR 0.020),dependency at distance 1 from an entry point,1,1,1,inf,inf,inf,35
Chainlit__chainlit-1575,backend/chainlit/config.py,3,Security Vulnerability,19,9,0,ast,1,0,2,11,2,39,3,2,2,2,2,0,0,0,1,93,0.0670083,1,,0,graph neighbour of the entry points (PPR 0.067),,1,1,inf,0,0,0,27
Chainlit__chainlit-1575,backend/chainlit/server.py,3,Security Vulnerability,4,16,0,ast,1,0,1,1,1,1,1,1,1,1,1,1,1,1,,93,0.17094199,0,,0,entry point (lexical score 13.8),entry point (lexical score 8.4),0,0,0,0,0,0,19
Chainlit__chainlit-1575,backend/chainlit/socket.py,3,Security Vulnerability,2,13,0,ast,1,0,8,14,8,5,4,5,5,8,17,0,0,0,2,93,0.07160998,1,1,1,graph neighbour of the entry points (PPR 0.072),caller at distance 1 (exposure path),1,1,1,0,0,0,14
huggingface__transformers-22496,src/transformers/models/whisper/modeling_whisper.py,4,Feature Request,6,9,0,ast,1,0,8,11,8,27,8,8,8,8,38,0,0,1,2,1570,0.02692255,1,,,strong text match (lexical score 123.4),,1,3,1,0,0,0,15
huggingface__transformers-22496,src/transformers/models/whisper/processing_whisper.py,4,Feature Request,7,1,0,ast,1,0,6,1,5,1,5,5,6,6,36,1,0,1,59,1570,0.00103907,0,,,strong text match (lexical score 135.7),entry point (lexical score 300.6),2,3,4,0,0,0,8
huggingface__transformers-22496,src/transformers/models/whisper/tokenization_whisper.py,4,Feature Request,6,3,0,ast,1,0,1,3,1,3,1,1,1,1,1,1,1,1,,1570,0.09366565,0,,0,entry point (lexical score 176.0),entry point (lexical score 250.0),0,0,0,0,0,0,9
huggingface__transformers-22496,src/transformers/models/whisper/tokenization_whisper_fast.py,4,Feature Request,3,5,0,ast,1,0,2,2,2,2,2,2,2,2,2,1,1,1,,1570,0.0856638,0,,0,entry point (lexical score 162.9),entry point (lexical score 272.7),0,0,0,0,0,0,8
scikit-learn__scikit-learn-24145,sklearn/preprocessing/_polynomial.py,1,Feature Request,11,6,0,ast,1,0,1,1,1,1,1,1,1,1,1,1,1,1,,584,0.08507168,0,,0,entry point (lexical score 71.2),entry point (lexical score 95.1),0,0,0,0,0,0,17
avantifellows__quiz-backend-84,app/models.py,3,Performance Issue,0,0,0,ast,1,0,4,7,3,7,3,3,4,4,4,0,1,1,,0,0.33333333,0,,0,entry point (lexical score 5.4),,0,0,0,0,0,0,0
avantifellows__quiz-backend-84,app/routers/session_answers.py,3,Performance Issue,2,0,0,ast,1,0,6,5,7,8,6,6,6,6,6,0,0,0,,0,0.0,0,,,,,inf,inf,inf,0,0,0,2
avantifellows__quiz-backend-84,app/routers/sessions.py,3,Performance Issue,1,0,0,ast,1,0,3,8,4,6,4,4,3,3,3,0,0,0,,0,0.0,0,,0,,,inf,inf,inf,0,0,0,1
internetarchive__openlibrary-7929,openlibrary/core/lending.py,4,Performance Issue,19,9,0,ast,1,0,1,2,1,2,1,1,1,1,1,1,1,1,,187,0.06958033,0,,0,entry point (lexical score 46.2),entry point (lexical score 57.0),0,0,0,0,0,0,26
internetarchive__openlibrary-7929,openlibrary/core/models.py,4,Performance Issue,15,17,0,ast,1,0,2,33,3,20,3,3,2,2,2,0,1,1,,187,0.05736247,0,1,0,entry point (lexical score 41.7),dependency at distance 1 from an entry point,0,0,0,0,0,0,29
internetarchive__openlibrary-7929,openlibrary/core/waitinglist.py,4,Performance Issue,5,5,0,ast,1,0,29,17,37,9,27,27,25,32,15,0,0,0,13,187,0.01478156,1,1,1,graph neighbour of the entry points (PPR 0.015),dependency at distance 1 from an entry point,1,1,1,1,1,1,10
internetarchive__openlibrary-7929,openlibrary/plugins/upstream/borrow.py,4,Performance Issue,7,7,0,ast,1,0,3,1,2,1,2,2,3,3,3,1,1,1,,187,0.05260488,0,,0,entry point (lexical score 43.3),entry point (lexical score 61.8),0,0,0,0,0,0,14
rwth-i6__sisyphus-191,sisyphus/aws_batch_engine.py,4,Performance Issue,0,2,0,ast,1,0,22,25,19,30,24,24,25,20,25,0,0,0,19,35,0.00958122,1,,,graph neighbour of the entry points (PPR 0.010),,1,inf,1,inf,inf,inf,2
rwth-i6__sisyphus-191,sisyphus/load_sharing_facility_engine.py,4,Performance Issue,0,2,0,ast,1,0,28,16,28,32,26,26,29,28,29,0,0,0,21,35,0.00958122,1,,,graph neighbour of the entry points (PPR 0.010),,1,inf,1,inf,inf,inf,2
rwth-i6__sisyphus-191,sisyphus/simple_linux_utility_for_resource_management_engine.py,4,Performance Issue,0,2,0,ast,1,0,17,19,16,27,21,21,18,17,21,0,0,0,16,35,0.01069608,1,,,graph neighbour of the entry points (PPR 0.011),,1,inf,1,inf,inf,inf,2
rwth-i6__sisyphus-191,sisyphus/son_of_grid_engine.py,4,Performance Issue,0,2,0,ast,1,0,26,13,24,31,19,19,23,25,27,0,0,0,14,35,0.01292579,1,,,graph neighbour of the entry points (PPR 0.013),,1,inf,1,inf,inf,inf,2
sympy__sympy-27223,sympy/utilities/lambdify.py,1,Bug Report,49,20,0,ast,1,0,8,42,5,64,5,5,5,5,199,0,0,1,174,813,0.00064432,0,1,2,strong text match (lexical score 279.0),dependency at distance 1 from an entry point,2,2,4,0,0,0,68
modin-project__modin-6836,modin/core/dataframe/algebra/binary.py,4,Feature Request,3,2,0,ast,1,0,14,2,14,2,14,14,14,14,46,1,0,1,93,240,0.00148996,0,,,strong text match (lexical score 10.7),entry point (lexical score 22.6),3,4,inf,2,4,inf,5
modin-project__modin-6836,modin/core/dataframe/pandas/dataframe/dataframe.py,4,Feature Request,11,19,0,ast,1,0,44,127,37,79,37,37,42,42,38,0,0,1,28,240,0.00773714,0,,2,strong text match (lexical score 8.7),,2,4,6,2,2,7,26
modin-project__modin-6836,modin/core/dataframe/pandas/partitioning/partition_manager.py,4,Feature Request,5,7,0,ast,1,0,4,169,5,47,5,5,4,4,4,0,0,1,29,240,0.0064212,0,,0,strong text match (lexical score 12.6),,2,2,8,0,0,0,12
modin-project__modin-6836,modin/core/execution/ray/common/engine_wrapper.py,4,Feature Request,18,0,0,ast,1,0,20,9,31,8,31,31,25,25,6,0,0,1,1,240,0.0349857,1,,1,strong text match (lexical score 9.2),central member of subsystem /subsystems/modin-io.md,1,1,inf,2,7,inf,18
Open-MSS__MSS-1967,mslib/msui/mscolab.py,3,Performance Issue,6,16,0,ast,1,0,17,15,20,36,20,20,18,18,21,0,0,1,10,136,0.01506477,1,,1,strong text match (lexical score 45.2),,2,inf,inf,inf,inf,inf,22
Open-MSS__MSS-1967,mslib/msui/socket_control.py,3,Performance Issue,1,2,0,ast,1,0,80,7,91,89,87,87,87,84,54,0,0,0,83,136,0.00126628,0,,2,,,2,inf,inf,inf,inf,inf,3
Open-MSS__MSS-1967,mslib/utils/airdata.py,3,Performance Issue,3,1,0,ast,1,0,22,17,22,40,22,22,23,23,88,0,0,1,68,136,0.00178655,0,,,strong text match (lexical score 41.7),,2,inf,inf,inf,inf,inf,4
vllm-project__vllm-5473,vllm/config.py,5,Feature Request,89,7,0,ast,1,0,7,54,7,22,13,9,2,7,23,0,0,0,10,250,0.01167983,1,,,graph neighbour of the entry points (PPR 0.012),,3,3,inf,0,0,0,94
vllm-project__vllm-5473,vllm/distributed/device_communicators/custom_all_reduce.py,5,Feature Request,1,5,0,ast,1,0,3,20,4,20,28,28,6,4,3,0,0,0,71,250,0.00162554,0,,0,,,3,7,inf,0,0,0,5
vllm-project__vllm-5473,vllm/distributed/device_communicators/custom_all_reduce_utils.py,5,Feature Request,1,3,0,ast,1,0,19,7,18,33,40,40,24,18,8,0,0,0,161,250,0.00095006,0,,1,,,4,8,inf,1,1,2,4
vllm-project__vllm-5473,vllm/executor/multiproc_gpu_executor.py,5,Feature Request,2,5,0,ast,1,0,58,19,65,67,73,73,71,60,65,0,0,0,93,250,0.00158437,0,,,,,3,3,inf,1,4,1,7
vllm-project__vllm-5473,vllm/utils.py,5,Feature Request,79,3,0,ast,1,0,4,3,2,3,18,13,3,3,4,1,0,0,17,250,0.00748964,1,,0,graph neighbour of the entry points (PPR 0.007),entry point (lexical score 476.0),3,3,inf,0,0,0,82
tardis-sn__tardis-2782,benchmarks/opacities_opacity.py,2,Performance Issue,0,2,0,ast,1,0,34,20,64,48,49,49,42,48,58,0,0,0,71,152,0.00282409,0,,,,,2,inf,2,2,inf,inf,2
tardis-sn__tardis-2782,benchmarks/transport_montecarlo_packet_trackers.py,2,Performance Issue,0,2,0,ast,1,0,1,2,2,2,2,2,1,1,1,1,1,1,,152,0.089805,0,,0,entry point (lexical score 27.9),entry point (lexical score 54.1),0,0,0,0,0,0,2
sopel-irc__sopel-2285,sopel/builtins/url.py,1,Security Vulnerability,1,8,0,ast,1,0,1,1,1,1,1,1,1,1,1,1,1,1,,72,0.06299045,0,,0,entry point (lexical score 216.9),entry point (lexical score 147.5),0,0,0,0,0,0,9
mesonbuild__meson-11366,mesonbuild/minstall.py,1,Security Vulnerability,2,7,0,ast,1,0,1,15,1,6,1,1,1,1,1,0,1,1,,229,0.05451436,0,1,0,entry point (lexical score 184.7),caller at distance 1 (exposure path),0,0,0,0,0,0,9
dmlc__dgl-5240,python/dgl/frame.py,1,Performance Issue,10,5,0,ast,1,0,2,1,2,1,2,2,2,2,2,1,1,1,,850,0.06363089,0,,0,entry point (lexical score 87.4),entry point (lexical score 129.6),0,0,0,0,0,0,15
pypa__pip-13085,src/pip/_internal/commands/install.py,1,Security Vulnerability,4,21,0,ast,1,0,1,28,2,16,4,2,1,1,1,0,1,1,,379,0.04950449,0,1,0,entry point (lexical score 280.6),caller at distance 1 (exposure path),0,0,0,0,0,0,25
gammasim__simtools-1183,simtools/applications/db_get_parameter_from_db.py,3,Performance Issue,0,3,0,ast,1,0,29,21,36,44,43,43,40,31,47,0,0,0,66,80,0.00263887,0,,,,,2,inf,inf,1,inf,1,3
gammasim__simtools-1183,simtools/db/db_array_elements.py,3,Performance Issue,3,0,0,ast,1,0,64,7,52,7,69,69,69,59,71,0,0,0,76,80,0.00162882,0,1,,,dependency at distance 1 from an entry point,3,4,inf,1,1,inf,3
gammasim__simtools-1183,simtools/db/db_handler.py,3,Performance Issue,11,5,0,ast,1,0,8,4,9,8,17,17,4,8,32,0,0,0,14,80,0.01152095,1,1,,graph neighbour of the entry points (PPR 0.012),dependency at distance 1 from an entry point,2,3,inf,0,0,0,16
matplotlib__matplotlib-25887,lib/matplotlib/cbook.py,1,Performance Issue,105,4,0,ast,1,0,10,18,9,6,9,9,10,10,24,0,0,1,8,738,0.00889341,1,1,2,strong text match (lexical score 91.7),dependency at distance 1 from an entry point,2,2,inf,0,0,0,107
vllm-project__vllm-9390,benchmarks/benchmark_serving.py,1,Feature Request,0,3,0,ast,1,0,1,12,1,54,1,1,1,1,1,0,1,1,,453,0.15491955,0,,0,entry point (lexical score 136.5),,0,0,0,0,0,0,3
ctc-oss__fapolicy-analyzer-809,fapolicy_analyzer/ui/features/profiler_feature.py,3,Performance Issue,3,9,0,ast,1,0,4,12,4,20,4,4,4,4,4,0,1,1,,91,0.05375298,0,2,0,entry point (lexical score 52.9),dependency at distance 2 from an entry point,0,0,0,0,0,0,12
ctc-oss__fapolicy-analyzer-809,fapolicy_analyzer/ui/profiler_page.py,3,Performance Issue,2,6,0,ast,1,0,5,2,5,2,5,5,5,5,20,1,0,1,5,91,0.02089436,1,,,strong text match (lexical score 52.7),entry point (lexical score 57.8),1,inf,1,0,0,0,8
ctc-oss__fapolicy-analyzer-809,fapolicy_analyzer/ui/reducers/profiler_reducer.py,3,Performance Issue,6,4,0,ast,1,0,3,1,3,1,3,3,3,3,3,1,1,1,,91,0.05104309,0,,0,entry point (lexical score 55.7),entry point (lexical score 60.9),0,0,0,0,0,0,10
django__django-16421,django/utils/text.py,1,Feature Request,23,4,0,ast,1,0,1,1,1,1,1,1,1,1,1,1,1,1,,637,0.04630803,0,,0,entry point (lexical score 88.2),entry point (lexical score 90.6),0,0,0,0,0,0,27
scikit-learn__scikit-learn-25186,sklearn/ensemble/_iforest.py,1,Performance Issue,6,7,0,ast,1,0,3,2,2,2,2,2,3,3,3,1,1,1,,582,0.04131857,0,,0,entry point (lexical score 96.3),entry point (lexical score 183.6),0,0,0,0,0,0,13
okta__okta-jwt-verifier-python-59,okta_jwt_verifier/jwt_utils.py,1,Security Vulnerability,3,2,0,ast,1,0,1,4,1,4,1,1,1,1,1,1,1,1,,7,0.21042997,0,,0,entry point (lexical score 17.5),entry point (lexical score 1.6),0,0,0,0,0,0,5
ray-project__ray-26818,dashboard/datacenter.py,3,Performance Issue,0,1,0,ast,1,0,167,107,189,264,179,179,179,176,196,0,0,0,315,1220,0.00039111,0,,,,,2,inf,inf,inf,inf,inf,1
ray-project__ray-26818,dashboard/modules/actor/actor_head.py,3,Performance Issue,0,5,0,ast,1,0,224,228,210,313,233,233,233,219,252,0,0,0,30,1220,0.0032594,0,,,,,2,inf,inf,inf,inf,inf,5
ray-project__ray-26818,dashboard/modules/node/node_head.py,3,Performance Issue,0,4,0,ast,1,0,176,130,162,272,188,188,188,167,205,0,0,0,42,1220,0.00260792,0,,,,,2,inf,inf,inf,inf,inf,4
gitpython-developers__GitPython-1636,git/cmd.py,1,Security Vulnerability,19,6,0,ast,1,0,3,20,2,13,1,2,2,3,3,0,1,1,,32,0.0642851,0,1,0,entry point (lexical score 14.7),caller at distance 1 (exposure path),0,0,0,0,0,0,22
huggingface__optimum-benchmark-266,optimum_benchmark/trackers/latency.py,1,Performance Issue,5,1,0,ast,1,0,30,9,21,6,22,22,23,26,32,0,0,0,10,74,0.01670527,1,1,,graph neighbour of the entry points (PPR 0.017),dependency at distance 1 from an entry point,2,inf,inf,inf,inf,inf,6
vllm-project__vllm-6050,vllm/config.py,2,Feature Request,103,9,0,ast,1,0,2,41,2,25,2,2,2,2,2,0,1,1,,284,0.07230141,0,,0,entry point (lexical score 62.9),,0,0,0,0,0,0,110
vllm-project__vllm-6050,vllm/spec_decode/spec_decode_worker.py,2,Feature Request,2,19,0,ast,1,0,1,8,1,14,1,1,1,1,1,0,1,1,,284,0.0619559,0,,0,entry point (lexical score 84.7),central member of subsystem /subsystems/sequence.md,0,0,0,0,0,0,21
PrefectHQ__prefect-12019,src/prefect/_internal/concurrency/calls.py,2,Performance Issue,7,3,0,ast,1,0,17,102,18,39,18,18,18,18,58,0,0,1,33,433,0.00458239,0,2,2,strong text match (lexical score 147.6),dependency at distance 2 from an entry point,2,2,5,inf,inf,inf,10
PrefectHQ__prefect-12019,src/prefect/_internal/concurrency/cancellation.py,2,Performance Issue,8,2,0,ast,1,0,66,125,56,129,74,74,70,60,50,0,0,0,59,433,0.00241823,0,2,2,,dependency at distance 2 from an entry point,2,2,5,inf,inf,inf,10
streamlit__streamlit-6617,lib/streamlit/runtime/app_session.py,3,Performance Issue,9,23,0,ast,1,0,6,4,5,74,5,5,5,5,49,0,0,1,2,325,0.0164132,1,2,,strong text match (lexical score 131.3),dependency at distance 2 from an entry point,1,3,1,0,0,0,32
streamlit__streamlit-6617,lib/streamlit/runtime/forward_msg_cache.py,3,Performance Issue,5,5,0,ast,1,0,91,71,104,143,95,95,94,98,113,0,0,0,69,325,0.00274032,0,,,,,1,3,1,1,1,1,10
streamlit__streamlit-6617,lib/streamlit/runtime/runtime.py,3,Performance Issue,15,24,0,ast,1,0,5,29,8,14,8,8,6,6,32,0,0,1,22,325,0.0056895,1,2,2,strong text match (lexical score 124.9),dependency at distance 2 from an entry point,1,2,1,0,0,0,39
JoinMarket-Org__joinmarket-clientserver-1180,jmclient/jmclient/blockchaininterface.py,2,Performance Issue,10,6,0,ast,1,0,6,1,2,1,2,2,3,3,8,1,1,1,,71,0.05416731,0,,1,entry point (lexical score 65.9),entry point (lexical score 97.0),0,0,0,0,0,0,15
JoinMarket-Org__joinmarket-clientserver-1180,jmclient/jmclient/wallet_service.py,2,Performance Issue,25,8,0,ast,1,0,1,2,1,2,1,1,1,1,1,1,1,1,,71,0.04922266,0,,0,entry point (lexical score 77.4),entry point (lexical score 70.9),0,0,0,0,0,0,33
TagStudioDev__TagStudio-735,tagstudio/src/qt/modals/tag_search.py,2,Performance Issue,0,0,0,ast,1,0,8,4,9,16,18,18,9,9,16,0,0,0,,11,0.0,0,,,,,inf,inf,inf,0,0,0,0
TagStudioDev__TagStudio-735,tagstudio/src/qt/widgets/tag.py,2,Performance Issue,0,0,0,ast,1,0,25,24,26,31,33,33,31,25,31,0,0,0,,11,0.0,0,,,,,inf,inf,inf,inf,inf,inf,0
micropython__micropython-lib-947,python-ecosys/requests/requests/__init__.py,1,Security Vulnerability,4,3,1,ast,1,0,1,9,1,16,3,1,2,1,1,0,1,1,,235,0.06998882,0,,0,entry point (lexical score 162.9),,0,0,0,0,0,0,7
pm4-graders__3ES-72,backend/app/core/cv_result.py,3,Performance Issue,1,0,0,ast,1,0,10,5,8,13,10,10,8,8,7,0,0,0,6,8,0.03593487,1,,1,graph neighbour of the entry points (PPR 0.036),,1,1,inf,0,0,0,1
pm4-graders__3ES-72,cv/DigitRecognizer.py,3,Performance Issue,2,3,0,ast,1,0,2,11,4,7,4,4,3,3,2,0,1,1,,8,0.34539435,0,,0,entry point (lexical score 1.4),,0,0,0,0,0,0,5
pm4-graders__3ES-72,cv/app.py,3,Performance Issue,0,1,0,ast,1,0,1,8,1,6,1,1,1,1,1,0,1,1,,8,0.12217281,0,,0,entry point (lexical score 1.8),,0,0,0,0,0,0,1
fortra__impacket-1636,examples/ntlmrelayx.py,2,Security Vulnerability,0,12,0,ast,1,0,1,11,1,73,5,1,2,1,1,0,0,1,23,194,0.00722987,1,2,0,strong text match (lexical score 39.2),caller at distance 2 (exposure path),2,inf,2,0,0,0,12
fortra__impacket-1636,impacket/examples/ntlmrelayx/servers/socksserver.py,2,Security Vulnerability,12,5,0,ast,1,0,23,3,14,87,26,14,23,16,14,0,0,1,76,194,0.00269523,0,,1,strong text match (lexical score 25.1),,2,inf,inf,1,1,inf,17
AzureAD__microsoft-authentication-library-for-python-454,msal/application.py,4,Performance Issue,3,11,0,ast,1,0,1,22,1,6,1,1,1,1,1,0,1,1,,21,0.15466145,0,2,0,entry point (lexical score 14.5),dependency at distance 2 from an entry point,0,0,0,0,0,0,14
AzureAD__microsoft-authentication-library-for-python-454,msal/authority.py,4,Performance Issue,3,1,0,ast,1,0,12,11,15,17,15,15,15,16,7,0,0,1,5,21,0.03685039,1,,1,strong text match (lexical score 7.9),,1,1,inf,1,1,inf,4
AzureAD__microsoft-authentication-library-for-python-454,msal/oauth2cli/assertion.py,4,Performance Issue,4,0,0,ast,1,0,18,3,14,3,14,14,17,17,9,1,0,1,16,21,0.00988983,1,,1,strong text match (lexical score 8.1),entry point (lexical score 16.3),1,1,inf,1,1,inf,4
AzureAD__microsoft-authentication-library-for-python-454,msal/oauth2cli/oauth2.py,4,Performance Issue,2,1,0,ast,1,0,16,9,10,19,10,10,13,13,18,0,0,1,2,21,0.07916068,1,,2,strong text match (lexical score 9.3),,1,1,1,2,2,inf,2
Chainlit__chainlit-1441,backend/chainlit/server.py,1,Security Vulnerability,4,16,0,ast,1,0,3,2,3,3,2,3,3,3,3,1,1,1,,90,0.11450594,0,,0,entry point (lexical score 10.6),entry point (lexical score 10.1),0,0,0,0,0,0,19
scikit-learn__scikit-learn-29130,build_tools/update_environments_and_lock_files.py,1,Feature Request,0,0,0,ast,1,0,1,25,2,41,2,2,1,1,1,0,1,1,,605,0.10344828,0,,0,entry point (lexical score 52.4),,0,0,0,0,0,0,0
django__django-18616,django/http/response.py,2,Feature Request,129,12,0,ast,1,0,5,1,3,1,3,3,4,4,5,1,1,1,,639,0.0573176,0,,1,entry point (lexical score 96.5),entry point (lexical score 167.7),0,0,0,0,0,0,141
django__django-18616,django/shortcuts.py,2,Feature Request,17,7,0,ast,1,0,1,2,1,2,1,1,1,1,1,1,1,1,,639,0.0432293,0,,0,entry point (lexical score 109.3),entry point (lexical score 159.6),0,0,0,0,0,0,24
Bears-R-Us__arkouda-1969,arkouda/dataframe.py,2,Performance Issue,4,19,0,ast,1,0,2,3,2,3,2,2,2,2,2,1,1,1,,68,0.0811567,0,,0,entry point (lexical score 86.0),entry point (lexical score 82.5),0,0,0,0,0,0,19
Bears-R-Us__arkouda-1969,arkouda/io.py,2,Performance Issue,11,6,0,ast,1,0,1,1,1,1,1,1,1,1,1,1,1,1,,68,0.06097944,0,,0,entry point (lexical score 106.3),entry point (lexical score 106.3),0,0,0,0,0,0,13
django__django-18435,django/core/management/commands/runserver.py,1,Feature Request,2,6,0,ast,1,0,13,14,7,47,7,7,9,9,53,0,0,1,4,639,0.0211603,1,,,strong text match (lexical score 82.0),,1,inf,1,inf,inf,inf,8
sqlfluff__sqlfluff-6399,src/sqlfluff/core/config/loader.py,1,Feature Request,5,5,0,ast,1,0,1,1,1,1,1,1,1,1,1,1,1,1,,237,0.06613164,0,,0,entry point (lexical score 46.8),entry point (lexical score 37.5),0,0,0,0,0,0,10
aiortc__aiortc-795,src/aiortc/rtcsctptransport.py,1,Performance Issue,5,4,0,ast,1,0,1,3,1,3,1,1,1,1,1,1,1,1,,36,0.09231838,0,,0,entry point (lexical score 142.4),entry point (lexical score 97.9),0,0,0,0,0,0,9
mathesar-foundation__mathesar-3117,db/install.py,1,Security Vulnerability,2,3,0,ast,1,0,41,58,48,44,52,52,44,45,79,0,0,0,127,203,0.00062962,0,,,,,4,inf,inf,inf,inf,inf,5
huggingface__transformers-22498,src/transformers/modeling_utils.py,3,Feature Request,202,20,0,ast,1,0,2,1,2,1,2,2,2,2,2,1,1,1,,1515,0.04258095,0,,0,entry point (lexical score 100.5),entry point (lexical score 118.1),0,0,0,0,0,0,222
huggingface__transformers-22498,src/transformers/trainer.py,3,Feature Request,44,23,0,ast,1,0,1,35,1,35,1,1,1,1,1,0,1,1,,1515,0.04854,0,,0,entry point (lexical score 105.1),,0,0,0,0,0,0,65
huggingface__transformers-22498,src/transformers/training_args.py,3,Feature Request,60,9,0,ast,1,0,3,50,3,36,3,3,3,3,3,0,1,1,,1515,0.04625057,0,,0,entry point (lexical score 93.4),,0,0,0,0,0,0,68
JackPlowman__repo_standards_validator-137,validator/__main__.py,2,Security Vulnerability,1,7,0,ast,1,0,5,5,5,2,4,4,4,5,6,0,0,0,1,6,0.26682569,1,1,,graph neighbour of the entry points (PPR 0.267),caller at distance 1 (exposure path),1,inf,1,0,0,0,8
JackPlowman__repo_standards_validator-137,validator/repository_checks.py,2,Security Vulnerability,2,2,0,ast,1,0,2,3,2,5,2,2,2,2,2,0,1,1,,6,0.24154814,0,,0,entry point (lexical score 2.3),,0,0,0,0,0,0,4
huggingface__transformers-35453,src/transformers/optimization.py,1,Feature Request,41,4,0,ast,1,0,20,1,14,1,14,14,16,16,523,1,0,1,47,2266,0.00236859,0,,2,strong text match (lexical score 28.1),entry point (lexical score 71.3),2,2,3,inf,inf,inf,45
una-auxme__paf-565,code/perception/src/lidar_distance.py,1,Performance Issue,0,0,0,ast,1,0,1,1,1,1,1,1,1,1,1,1,1,1,,12,0.10344828,0,,0,entry point (lexical score 27.7),entry point (lexical score 61.2),0,0,0,0,0,0,0
django__django-19043,django/forms/fields.py,3,Feature Request,7,14,0,ast,1,0,18,36,14,22,14,14,17,17,18,0,0,1,1,642,0.05325933,1,,1,strong text match (lexical score 172.0),dependency of /files/django/forms/forms.py.md,1,1,1,1,1,8,21
django__django-19043,django/forms/forms.py,3,Feature Request,5,8,0,ast,1,0,3,3,3,3,3,3,3,3,3,1,1,1,,642,0.04910187,0,,0,entry point (lexical score 228.3),entry point (lexical score 272.9),0,0,0,0,0,0,13
django__django-19043,django/forms/renderers.py,3,Feature Request,12,7,0,ast,1,0,19,2,28,2,35,34,25,23,16,1,0,0,10,642,0.00925337,1,,1,graph neighbour of the entry points (PPR 0.009),entry point (lexical score 298.6),1,1,6,1,1,6,19
python__cpython-7926,Lib/idlelib/macosx.py,1,Performance Issue,10,9,0,ast,1,0,25,2,17,137,17,17,18,18,13,0,0,1,43,840,0.00278188,0,,1,strong text match (lexical score 57.3),,1,1,3,inf,inf,inf,18
numpy__numpy-10615,numpy/core/function_base.py,1,Feature Request,4,4,0,ast,1,0,30,113,35,39,35,35,31,31,46,0,0,1,53,252,0.0032244,0,,,strong text match (lexical score 44.2),,2,3,3,inf,inf,inf,8
pandas-dev__pandas-29944,pandas/plotting/_core.py,2,Feature Request,5,9,0,ast,1,0,1,6,1,39,1,1,1,1,1,0,1,1,,336,0.04965008,0,,0,entry point (lexical score 54.8),dependency of /files/pandas/core/groupby/generic.py.md,0,0,0,0,0,0,14
pandas-dev__pandas-29944,pandas/plotting/_matplotlib/core.py,2,Feature Request,3,16,0,ast,1,0,2,1,2,1,2,2,2,2,2,1,1,1,,336,0.08407561,0,,0,entry point (lexical score 47.1),entry point (lexical score 50.3),0,0,0,0,0,0,19
scikit-learn__scikit-learn-16948,examples/applications/plot_topics_extraction_with_nmf_lda.py,4,Feature Request,0,6,0,ast,1,0,5,2,4,2,4,4,5,5,83,1,1,1,,566,0.061952,0,,,entry point (lexical score 177.9),entry point (lexical score 190.9),0,0,0,0,0,0,6
scikit-learn__scikit-learn-16948,sklearn/decomposition/__init__.py,4,Feature Request,60,11,1,ast,1,0,50,50,48,16,48,48,48,48,115,0,0,1,18,566,0.00733068,1,,,strong text match (lexical score 105.5),dependency of /files/examples/applications/plot_topics_extraction_with_nmf_lda.py.md,1,1,1,1,1,inf,71
scikit-learn__scikit-learn-16948,sklearn/decomposition/_nmf.py,4,Feature Request,6,6,0,ast,1,0,18,12,11,14,11,11,15,15,92,0,0,1,2,566,0.02245497,1,,,strong text match (lexical score 143.6),dependency of /files/examples/applications/plot_topics_extraction_with_nmf_lda.py.md,1,1,10,1,1,inf,12
scikit-learn__scikit-learn-16948,sklearn/utils/estimator_checks.py,4,Feature Request,11,30,0,ast,1,0,32,53,26,46,26,26,29,29,101,0,0,1,30,566,0.00358399,0,,,strong text match (lexical score 125.1),,2,inf,6,2,inf,inf,41
sympy__sympy-27051,sympy/ntheory/generate.py,1,Performance Issue,34,9,0,ast,1,0,4,4,4,4,4,4,4,4,4,1,1,1,,813,0.04659159,0,,0,entry point (lexical score 392.8),entry point (lexical score 188.1),0,0,0,0,0,0,41
numba__numba-9757,numba/core/dispatcher.py,1,Performance Issue,15,19,0,ast,1,0,3,9,3,80,3,3,3,3,3,0,1,1,,337,0.04439925,0,,0,entry point (lexical score 188.7),,0,0,0,0,0,0,33
jobatabs__textec-53,src/repositories/reference_repository.py,1,Security Vulnerability,1,2,0,ast,1,0,2,2,2,2,2,2,2,2,2,0,1,1,,4,0.21136774,0,,0,entry point (lexical score 0.9),,0,0,0,0,0,0,3
django__django-19009,django/contrib/gis/db/backends/base/models.py,1,Performance Issue,3,1,0,ast,1,0,1,6,1,61,1,1,1,1,1,0,1,1,,640,0.04491434,0,,0,entry point (lexical score 673.1),,0,0,0,0,0,0,4
internetarchive__openlibrary-3196,openlibrary/plugins/upstream/utils.py,1,Security Vulnerability,6,8,0,ast,1,0,1,78,1,51,1,1,1,1,1,0,1,1,,205,0.07586863,0,,0,entry point (lexical score 38.1),,0,0,0,0,0,0,14
pandas-dev__pandas-21401,pandas/core/generic.py,2,Feature Request,14,41,0,ast,1,0,2,48,2,11,2,2,2,2,2,0,1,1,,217,0.05952461,0,,0,entry point (lexical score 153.7),central member of subsystem /subsystems/common.md,0,0,0,0,0,0,51
pandas-dev__pandas-21401,pandas/io/sql.py,2,Feature Request,3,8,0,ast,1,0,1,1,1,1,1,1,1,1,1,1,1,1,,217,0.04239325,0,,0,entry point (lexical score 227.9),entry point (lexical score 314.9),0,0,0,0,0,0,11
django__django-13134,django/contrib/admin/sites.py,1,Security Vulnerability,12,26,0,ast,1,0,1,3,1,6,3,1,1,1,1,0,1,1,,629,0.05374376,0,1,0,entry point (lexical score 111.0),caller at distance 1 (exposure path),0,0,0,0,0,0,37
webcompat__webcompat.com-2731,webcompat/api/endpoints.py,2,Performance Issue,0,2,0,ast,1,0,2,4,3,9,3,3,2,2,2,0,1,1,,12,0.16753987,0,,0,entry point (lexical score 96.7),,0,0,0,0,0,0,2
webcompat__webcompat.com-2731,webcompat/helpers.py,2,Performance Issue,6,2,0,ast,1,0,1,2,1,2,1,1,1,1,1,1,1,1,,12,0.2154618,0,,0,entry point (lexical score 120.0),entry point (lexical score 119.4),0,0,0,0,0,0,8
scikit-learn__scikit-learn-14012,sklearn/ensemble/_hist_gradient_boosting/gradient_boosting.py,1,Feature Request,1,13,0,ast,1,0,1,1,1,1,1,1,1,1,1,1,1,1,,473,0.0636317,0,,0,entry point (lexical score 96.1),entry point (lexical score 127.9),0,0,0,0,0,0,14
airbnb__knowledge-repo-558,knowledge_repo/app/routes/comment.py,1,Security Vulnerability,1,4,0,ast,1,0,22,3,23,4,22,21,22,22,36,1,0,0,16,76,0.01138282,1,,,graph neighbour of the entry points (PPR 0.011),entry point (lexical score 42.2),2,6,6,inf,inf,inf,5
pulp__pulp_rpm-3224,pulp_rpm/app/tasks/publishing.py,2,Performance Issue,1,11,0,ast,1,0,5,1,5,1,5,5,5,5,24,1,0,1,9,48,0.02153675,1,,2,strong text match (lexical score 42.2),entry point (lexical score 41.9),1,2,1,0,0,0,12
pulp__pulp_rpm-3224,pulp_rpm/app/tasks/synchronizing.py,2,Performance Issue,2,16,0,ast,1,0,1,3,1,20,1,1,1,1,1,0,1,1,,48,0.09981099,0,,0,entry point (lexical score 60.6),,0,0,0,0,0,0,18
sancus-tee__sancus-compiler-36,src/drivers/linker.py,2,Security Vulnerability,0,4,0,ast,1,0,1,3,1,3,2,1,1,1,1,1,1,1,,3,0.35411821,0,,0,entry point (lexical score 1.5),entry point (lexical score 1.3),0,0,0,0,0,0,4
sancus-tee__sancus-compiler-36,src/drivers/sancus/sancus_config.py,2,Security Vulnerability,1,0,0,ast,1,0,4,1,4,1,4,4,4,4,4,1,1,1,,3,0.07777796,0,,0,entry point (lexical score 1.2),entry point (lexical score 3.7),0,0,0,0,0,0,1
scikit-learn__scikit-learn-6116,sklearn/ensemble/gradient_boosting.py,1,Feature Request,12,13,0,ast,1,0,1,2,1,2,1,1,1,1,1,1,1,1,,461,0.05526229,0,,0,entry point (lexical score 63.0),entry point (lexical score 93.0),0,0,0,0,0,0,25
duncanscanga__VDRS-Solutions-73,app/models.py,1,Security Vulnerability,7,1,0,ast,1,0,2,2,2,2,2,2,2,2,2,1,1,1,,3,0.35588391,0,,0,entry point (lexical score 3.3),entry point (lexical score 6.8),0,0,0,0,0,0,8
scipy__scipy-5647,benchmarks/benchmarks/spatial.py,1,Performance Issue,0,4,0,ast,1,0,3,2,3,2,3,3,3,3,3,1,1,1,,283,0.07600298,0,,0,entry point (lexical score 71.3),entry point (lexical score 75.6),0,0,0,0,0,0,4
plone__plone.restapi-859,src/plone/restapi/deserializer/local_roles.py,1,Security Vulnerability,0,2,0,ast,1,0,1,2,1,2,1,1,1,1,1,1,1,1,,98,0.04053112,0,,0,entry point (lexical score 109.2),entry point (lexical score 170.3),0,0,0,0,0,0,2
openwisp__openwisp-users-286,openwisp_users/admin.py,1,Security Vulnerability,2,3,0,ast,1,0,1,1,1,3,2,1,1,1,1,1,1,1,,8,0.34968358,0,,0,entry point (lexical score 116.0),entry point (lexical score 90.6),0,0,0,0,0,0,5
rucio__rucio-4930,lib/rucio/web/ui/flask/common/utils.py,1,Security Vulnerability,2,8,0,ast,1,0,1,1,1,1,1,1,1,1,1,1,1,1,,300,0.08564426,0,,0,entry point (lexical score 155.3),entry point (lexical score 167.3),0,0,0,0,0,0,10
AzureAD__microsoft-authentication-library-for-python-407,msal/application.py,1,Performance Issue,3,11,0,ast,1,0,2,12,2,5,2,2,2,2,2,0,1,1,,21,0.19016177,0,2,0,entry point (lexical score 115.5),dependency at distance 2 from an entry point,0,0,0,0,0,0,14
home-assistant__core-15182,homeassistant/components/http/__init__.py,2,Security Vulnerability,66,12,1,ast,1,0,1,4,1,6,2,1,1,1,1,0,1,1,,1291,0.05199117,0,1,0,entry point (lexical score 241.3),caller at distance 1 (exposure path),0,0,0,0,0,0,78
home-assistant__core-15182,homeassistant/components/http/real_ip.py,2,Security Vulnerability,3,2,0,ast,1,0,7,7,7,150,66,7,11,7,12,0,0,0,61,1291,0.00163191,0,,1,,,1,1,2,0,0,0,5
jazzband__django-two-factor-auth-390,two_factor/views/profile.py,1,Security Vulnerability,2,4,0,ast,1,0,1,1,2,3,3,2,2,1,1,1,1,1,,23,0.07716219,0,,0,entry point (lexical score 251.7),entry point (lexical score 334.2),0,0,0,0,0,0,6
netbox-community__netbox-7676,netbox/netbox/authentication.py,1,Performance Issue,1,3,0,ast,1,0,1,1,1,1,1,1,1,1,1,1,1,1,,268,0.05773581,0,,0,entry point (lexical score 356.7),entry point (lexical score 559.0),0,0,0,0,0,0,4
Innopoints__backend-124,innopoints/blueprints.py,5,Security Vulnerability,10,0,0,ast,1,0,5,5,5,5,16,15,4,5,5,0,0,0,15,38,0.01839277,1,,1,graph neighbour of the entry points (PPR 0.018),,2,inf,inf,0,0,0,10
Innopoints__backend-124,innopoints/core/helpers.py,5,Security Vulnerability,9,0,0,ast,1,0,9,9,9,9,3,3,2,9,9,0,0,0,2,38,0.05897391,1,,,graph neighbour of the entry points (PPR 0.059),,2,inf,inf,0,0,0,9
Innopoints__backend-124,innopoints/schemas/account.py,5,Security Vulnerability,1,2,0,ast,1,0,27,27,27,27,25,21,35,27,27,0,0,0,24,38,0.00936307,1,,,graph neighbour of the entry points (PPR 0.009),,1,inf,1,3,inf,inf,3
Innopoints__backend-124,innopoints/views/account.py,5,Security Vulnerability,1,8,0,ast,1,0,35,35,35,35,4,4,14,35,35,0,0,0,3,38,0.04504471,1,,,graph neighbour of the entry points (PPR 0.045),,1,inf,1,1,inf,1,9
Innopoints__backend-124,innopoints/views/authentication.py,5,Security Vulnerability,1,4,0,ast,1,0,38,38,38,38,42,42,42,38,38,0,0,0,27,38,0.00787649,0,,,,,1,inf,1,1,inf,1,5
zulip__zulip-14091,zerver/lib/rate_limiter.py,1,Performance Issue,15,4,0,ast,1,0,1,1,2,1,2,2,1,1,1,1,1,1,,434,0.06141968,0,,0,entry point (lexical score 227.4),entry point (lexical score 294.3),0,0,0,0,0,0,19
modin-project__modin-3404,modin/experimental/xgboost/xgboost.py,2,Feature Request,1,5,0,ast,1,0,8,5,9,17,9,9,8,8,21,0,0,1,19,187,0.0071517,1,,,strong text match (lexical score 10.6),,2,inf,2,0,0,0,6
modin-project__modin-3404,modin/experimental/xgboost/xgboost_ray.py,2,Feature Request,1,3,0,ast,1,0,5,74,5,14,5,5,5,5,18,0,0,1,29,187,0.00382658,0,,,strong text match (lexical score 13.0),,3,inf,4,0,0,0,4
pandas-dev__pandas-35029,pandas/io/excel/_base.py,1,Feature Request,17,13,0,ast,1,0,1,123,1,17,1,1,1,1,1,0,1,1,,283,0.05018027,0,,0,entry point (lexical score 52.7),dependency of /files/pandas/io/excel/_xlrd.py.md,0,0,0,0,0,0,26
pyca__pyopenssl-578,src/OpenSSL/SSL.py,2,Performance Issue,15,2,0,ast,1,0,1,4,1,4,1,1,1,1,1,0,1,1,,19,0.25677121,0,1,0,entry point (lexical score 109.0),dependency at distance 1 from an entry point,0,0,0,0,0,0,17
pyca__pyopenssl-578,src/OpenSSL/_util.py,2,Performance Issue,8,0,0,ast,1,0,6,5,6,5,11,11,6,6,5,0,0,0,9,19,0.01985509,1,1,1,graph neighbour of the entry points (PPR 0.020),dependency at distance 1 from an entry point,1,1,inf,0,0,0,8
matchms__matchms-backup-187,matchms/filtering/derive_inchi_from_smiles.py,4,Security Vulnerability,2,2,0,ast,1,0,22,24,27,5,22,22,22,31,24,0,0,0,,0,0.0,0,1,,,caller at distance 1 (exposure path),inf,inf,inf,1,inf,1,4
matchms__matchms-backup-187,matchms/filtering/derive_inchikey_from_inchi.py,4,Security Vulnerability,2,2,0,ast,1,0,23,26,29,6,23,23,23,33,25,0,0,0,,0,0.0,0,1,,,caller at distance 1 (exposure path),inf,inf,inf,1,inf,1,4
matchms__matchms-backup-187,matchms/filtering/derive_smiles_from_inchi.py,4,Security Vulnerability,2,2,0,ast,1,0,25,25,28,7,25,25,25,35,27,0,0,0,,0,0.0,0,1,,,caller at distance 1 (exposure path),inf,inf,inf,1,inf,1,4
matchms__matchms-backup-187,matchms/utils.py,4,Security Vulnerability,4,0,0,ast,1,0,2,1,2,1,2,2,2,2,2,1,0,0,,0,0.0,0,,0,,entry point (lexical score 5.9),inf,inf,inf,0,0,0,4
latchset__jwcrypto-195,jwcrypto/jwe.py,2,Security Vulnerability,3,2,0,ast,1,0,8,8,8,8,5,6,7,8,6,0,0,0,3,6,0.08499675,1,1,1,graph neighbour of the entry points (PPR 0.085),caller at distance 1 (exposure path),1,1,2,0,0,0,5
latchset__jwcrypto-195,jwcrypto/jwt.py,2,Security Vulnerability,1,4,0,ast,1,0,10,6,10,7,6,7,9,10,7,0,0,0,4,6,0.08137001,1,1,1,graph neighbour of the entry points (PPR 0.081),caller at distance 1 (exposure path),1,1,1,0,0,0,5
django__django-5605,django/middleware/csrf.py,1,Security Vulnerability,9,8,0,ast,1,0,1,1,1,1,1,1,1,1,1,1,1,1,,625,0.04426872,0,,0,entry point (lexical score 159.9),entry point (lexical score 209.6),0,0,0,0,0,0,17
jax-ml__jax-25114,jax/_src/compiler.py,2,Feature Request,7,11,0,ast,1,0,1,2,1,2,1,1,1,1,1,1,1,1,,450,0.06128494,0,,0,entry point (lexical score 46.9),entry point (lexical score 33.1),0,0,0,0,0,0,18
jax-ml__jax-25114,jax/_src/config.py,2,Feature Request,147,2,0,ast,1,0,5,48,4,6,4,4,5,5,6,0,1,1,,450,0.05424232,0,,1,entry point (lexical score 30.3),central member of subsystem /subsystems/config.md,0,0,0,0,0,0,149
justin13601__ACES-145,src/aces/config.py,3,Performance Issue,3,2,0,ast,1,0,5,2,5,2,6,6,5,5,6,1,0,0,3,8,0.0880221,1,,1,graph neighbour of the entry points (PPR 0.088),entry point (lexical score 23.7),1,1,inf,0,0,0,5
justin13601__ACES-145,src/aces/predicates.py,3,Performance Issue,1,2,0,ast,1,0,4,4,4,5,5,5,4,4,4,0,0,0,2,8,0.12839331,1,1,0,graph neighbour of the entry points (PPR 0.128),dependency at distance 1 from an entry point,1,1,inf,0,0,0,3
justin13601__ACES-145,src/aces/query.py,3,Performance Issue,1,4,0,ast,1,0,9,6,8,4,7,7,8,9,5,0,0,0,4,8,0.08264781,1,1,1,graph neighbour of the entry points (PPR 0.083),dependency at distance 1 from an entry point,1,1,inf,0,0,0,5
aio-libs__aiohttp-7829,aiohttp/web_urldispatcher.py,1,Performance Issue,9,11,0,ast,1,0,1,1,1,1,1,1,1,1,1,1,1,1,,58,0.07310212,0,,0,entry point (lexical score 325.5),entry point (lexical score 715.5),0,0,0,0,0,0,17
jupyterhub__oauthenticator-764,oauthenticator/google.py,2,Performance Issue,2,1,0,ast,1,0,4,1,4,1,4,4,4,4,4,1,1,1,,15,0.06544582,0,,0,entry point (lexical score 3.5),entry point (lexical score 8.8),0,0,0,0,0,0,3
jupyterhub__oauthenticator-764,setup.py,2,Performance Issue,0,0,0,ast,1,0,9,15,7,9,20,20,14,8,9,0,0,0,,15,0.0,0,,,,,inf,inf,inf,0,0,0,0
PlasmaPy__PlasmaPy-2542,plasmapy/formulary/lengths.py,1,Performance Issue,6,8,0,ast,1,0,1,1,1,1,1,1,1,1,1,1,1,1,,98,0.04434186,0,,0,entry point (lexical score 52.7),entry point (lexical score 58.1),0,0,0,0,0,0,13
scikit-learn__scikit-learn-24076,setup.py,5,Performance Issue,0,5,0,ast,1,0,41,615,60,114,60,60,51,51,174,0,0,1,290,580,0.00054575,0,,,strong text match (lexical score 101.7),,3,inf,9,3,inf,9,5
scikit-learn__scikit-learn-24076,sklearn/metrics/_pairwise_distances_reduction/__init__.py,5,Performance Issue,3,1,1,ast,1,0,94,405,107,26,107,107,101,101,19,0,0,1,101,580,0.00210285,0,1,1,strong text match (lexical score 87.2),dependency at distance 1 from an entry point,1,1,10,1,1,10,4
scikit-learn__scikit-learn-24076,sklearn/metrics/_pairwise_distances_reduction/_dispatcher.py,5,Performance Issue,4,2,0,ast,1,0,24,9,36,23,36,36,31,31,16,0,0,1,12,580,0.00746367,1,1,1,strong text match (lexical score 112.7),dependency at distance 1 from an entry point,1,1,9,1,1,9,6
scikit-learn__scikit-learn-24076,sklearn/neighbors/_base.py,5,Performance Issue,10,12,0,ast,1,0,3,2,3,2,3,3,3,3,3,1,1,1,,580,0.05247963,0,,0,entry point (lexical score 153.5),entry point (lexical score 181.0),0,0,0,0,0,0,22
scikit-learn__scikit-learn-24076,sklearn/neighbors/_classification.py,5,Performance Issue,20,6,0,ast,1,0,1,1,2,1,2,2,1,1,1,1,1,1,,580,0.04431827,0,,0,entry point (lexical score 157.4),entry point (lexical score 228.2),0,0,0,0,0,0,26
fractal-analytics-platform__fractal-tasks-core-889,fractal_tasks_core/tasks/cellpose_segmentation.py,1,Performance Issue,8,12,0,ast,1,0,1,18,1,7,1,1,1,1,1,0,1,1,,63,0.08810661,0,1,0,entry point (lexical score 27.0),dependency at distance 1 from an entry point,0,0,0,0,0,0,20
OpenEnergyPlatform__open-MaStR-598,open_mastr/xml_download/utils_write_to_database.py,1,Performance Issue,2,4,0,ast,1,0,1,1,1,1,1,1,1,1,1,1,1,1,,18,0.06278739,0,,0,entry point (lexical score 33.9),entry point (lexical score 46.3),0,0,0,0,0,0,6
kedro-org__kedro-4367,kedro/config/omegaconf_config.py,1,Performance Issue,5,1,0,ast,1,0,1,1,1,1,1,1,1,1,1,1,1,1,,68,0.13943502,0,,0,entry point (lexical score 127.3),entry point (lexical score 223.8),0,0,0,0,0,0,6
UCL__TLOmodel-1524,src/tlo/methods/contraception.py,1,Performance Issue,41,7,0,ast,1,0,1,1,1,1,1,1,1,1,1,1,1,1,,216,0.0459626,0,,0,entry point (lexical score 224.8),entry point (lexical score 281.6),0,0,0,0,0,0,48
Deltares__imod-python-1159,imod/mf6/simulation.py,3,Performance Issue,12,28,0,ast,1,0,6,91,9,65,9,9,8,8,60,0,0,1,8,245,0.00836002,1,,,strong text match (lexical score 58.8),,1,3,1,0,0,0,40
Deltares__imod-python-1159,imod/schemata.py,3,Performance Issue,60,1,0,ast,1,0,9,2,10,2,10,10,10,10,18,1,0,1,2,245,0.04779446,1,,1,strong text match (lexical score 57.9),entry point (lexical score 87.3),1,1,inf,0,0,0,61
Deltares__imod-python-1159,imod/typing/grid.py,3,Performance Issue,47,3,0,ast,1,0,36,12,45,4,45,45,39,39,5,0,0,1,5,245,0.01695269,1,1,1,strong text match (lexical score 38.6),dependency at distance 1 from an entry point,1,1,inf,1,1,inf,50
Project-MONAI__MONAI-8123,monai/networks/nets/segresnet_ds.py,2,Performance Issue,4,6,0,ast,1,0,67,42,71,10,35,35,47,70,111,0,0,0,20,375,0.0065189,1,1,,graph neighbour of the entry points (PPR 0.007),dependency at distance 1 from an entry point,1,1,inf,1,1,inf,10
Project-MONAI__MONAI-8123,monai/networks/nets/vista3d.py,2,Performance Issue,4,10,0,ast,1,0,5,1,3,1,3,3,4,4,65,1,1,1,,375,0.03998541,0,,,entry point (lexical score 54.7),entry point (lexical score 93.3),0,0,0,0,0,0,13
Qiskit__qiskit-13052,qiskit/__init__.py,2,Feature Request,202,16,1,ast,1,0,248,248,249,255,260,254,260,248,26,0,0,0,168,795,0.00107743,0,,2,,,2,2,2,2,2,3,217
Qiskit__qiskit-13052,qiskit/transpiler/passes/utils/filter_op_nodes.py,2,Feature Request,4,5,0,ast,1,0,2,1,2,1,2,2,2,2,2,1,1,1,,795,0.03923631,0,,0,entry point (lexical score 11.9),entry point (lexical score 36.8),0,0,0,0,0,0,9
ivadomed__ivadomed-1081,ivadomed/evaluation.py,3,Performance Issue,1,4,0,ast,1,0,16,2,17,2,17,17,16,16,29,1,0,1,24,47,0.00370562,1,,2,strong text match (lexical score 30.6),entry point (lexical score 54.5),1,inf,1,1,1,inf,5
ivadomed__ivadomed-1081,ivadomed/main.py,3,Performance Issue,5,13,0,ast,1,0,7,17,8,17,8,8,8,8,21,0,0,1,6,47,0.02831064,1,2,1,strong text match (lexical score 46.0),dependency at distance 2 from an entry point,1,inf,1,0,0,0,18
ivadomed__ivadomed-1081,ivadomed/metrics.py,3,Performance Issue,9,0,0,ast,1,0,41,21,32,5,46,46,46,36,27,0,0,0,31,47,0.003393,0,1,2,,dependency at distance 1 from an entry point,2,2,inf,1,1,inf,9
zulip__zulip-31168,zerver/lib/users.py,2,Performance Issue,48,18,0,ast,1,0,89,141,67,40,48,48,63,80,10,0,0,0,18,602,0.00689006,1,2,1,graph neighbour of the entry points (PPR 0.007),dependency at distance 2 from an entry point,1,1,4,inf,inf,inf,64
zulip__zulip-31168,zerver/views/streams.py,2,Performance Issue,3,27,0,ast,1,0,105,15,62,31,114,114,112,82,212,0,0,0,55,602,0.00322321,0,1,,,dependency at distance 1 from an entry point,2,8,4,inf,inf,inf,30
vllm-project__vllm-7209,vllm/core/evictor.py,1,Performance Issue,1,0,0,ast,1,0,417,19,400,430,419,419,419,412,436,0,0,0,448,554,0.00026695,0,,,,,3,7,inf,inf,inf,inf,1
xCDAT__xcdat-689,xcdat/temporal.py,1,Performance Issue,3,4,0,ast,1,0,1,3,1,3,1,1,1,1,1,1,1,1,,12,0.10345183,0,,0,entry point (lexical score 101.5),entry point (lexical score 63.4),0,0,0,0,0,0,6
ansys__pymapdl-3705,src/ansys/mapdl/core/misc.py,1,Performance Issue,21,4,0,ast,1,0,18,3,17,3,19,19,17,18,14,0,0,0,8,229,0.02329056,1,1,2,graph neighbour of the entry points (PPR 0.023),dependency at distance 1 from an entry point,2,2,2,inf,inf,inf,23
CrossGL__crosstl-229,crosstl/translator/lexer.py,1,Performance Issue,11,0,0,ast,1,0,4,1,3,14,3,3,4,4,4,0,1,1,,37,0.04413201,0,,0,entry point (lexical score 42.7),,0,0,0,0,0,0,11
kiasambrook__tfl-live-tracker-7,app/api/tfl_api.py,2,Performance Issue,1,0,0,ast,1,0,2,1,2,1,2,2,2,2,2,1,1,1,,0,0.5,0,,0,entry point (lexical score 2.3),entry point (lexical score 2.2),0,0,0,0,0,0,1
kiasambrook__tfl-live-tracker-7,app/ui/main_window.py,2,Performance Issue,0,0,0,ast,1,0,3,8,6,5,3,3,3,4,3,0,0,0,,0,0.0,0,,0,,,inf,inf,inf,0,0,0,0
ckan__ckan-8226,ckan/config/middleware/flask_app.py,3,Performance Issue,5,16,0,ast,1,0,29,45,26,55,25,25,23,27,13,0,0,0,13,353,0.01358114,1,2,1,graph neighbour of the entry points (PPR 0.014),dependency at distance 2 from an entry point,1,1,1,1,2,1,18
ckan__ckan-8226,ckan/lib/helpers.py,3,Performance Issue,60,21,0,ast,1,0,4,8,1,6,1,1,3,3,4,0,1,1,,353,0.06368733,0,1,0,entry point (lexical score 116.7),dependency at distance 1 from an entry point,0,0,0,0,0,0,77
ckan__ckan-8226,ckan/lib/jinja_extensions.py,3,Performance Issue,3,3,0,ast,1,0,1,2,3,2,3,3,1,1,1,1,1,1,,353,0.05028967,0,,0,entry point (lexical score 108.8),entry point (lexical score 153.8),0,0,0,0,0,0,6
fulcrumgenomics__prymer-99,prymer/offtarget/offtarget_detector.py,1,Performance Issue,2,4,0,ast,1,0,1,4,1,19,1,1,1,1,1,0,1,1,,22,0.09921877,0,,0,entry point (lexical score 89.4),,0,0,0,0,0,0,6
nautobot__nautobot-6364,nautobot/core/models/tree_queries.py,4,Performance Issue,12,3,0,ast,1,0,143,275,138,56,147,147,147,142,207,0,0,0,202,536,0.00073626,0,2,,,dependency at distance 2 from an entry point,2,3,5,2,2,inf,15
nautobot__nautobot-6364,nautobot/core/signals.py,4,Performance Issue,6,1,0,ast,1,0,61,32,74,128,70,70,64,66,147,0,0,0,140,536,0.00131073,0,,,,,2,inf,6,3,inf,inf,7
nautobot__nautobot-6364,nautobot/extras/models/groups.py,4,Performance Issue,33,14,0,ast,1,0,37,21,37,6,37,37,38,38,39,0,0,1,30,536,0.0052581,0,1,1,strong text match (lexical score 178.2),dependency at distance 1 from an entry point,1,1,2,1,1,inf,47
nautobot__nautobot-6364,nautobot/extras/views.py,4,Performance Issue,8,54,0,ast,1,0,9,10,9,96,9,9,9,9,122,0,0,1,5,536,0.01179152,1,,,strong text match (lexical score 246.8),,1,inf,1,0,0,0,62
intelowlproject__GreedyBear-397,api/serializers.py,3,Performance Issue,2,2,0,ast,1,0,3,2,2,2,2,2,3,3,3,1,1,1,,22,0.1056403,0,,0,entry point (lexical score 13.3),entry point (lexical score 23.7),0,0,0,0,0,0,4
intelowlproject__GreedyBear-397,api/views.py,3,Performance Issue,1,3,0,ast,1,0,1,1,1,1,1,1,1,1,1,1,1,1,,22,0.23636529,0,,0,entry point (lexical score 18.0),entry point (lexical score 24.0),0,0,0,0,0,0,4
intelowlproject__GreedyBear-397,greedybear/settings.py,3,Performance Issue,1,0,0,ast,1,0,10,13,13,10,24,24,16,10,10,0,0,0,21,22,0.00245793,1,,,graph neighbour of the entry points (PPR 0.002),,3,inf,inf,0,0,0,1
UXARRAY__uxarray-1144,uxarray/formatting_html.py,2,Performance Issue,3,2,0,ast,1,0,40,17,38,47,46,46,46,40,26,0,0,0,38,60,0.00457597,0,,1,,,1,1,inf,1,1,inf,5
UXARRAY__uxarray-1144,uxarray/grid/grid.py,2,Performance Issue,13,34,0,ast,1,0,1,4,1,11,1,1,1,1,1,0,1,1,,60,0.09189242,0,2,0,entry point (lexical score 8.9),dependency at distance 2 from an entry point,0,0,0,0,0,0,43
UXARRAY__uxarray-1151,uxarray/grid/slice.py,3,Performance Issue,1,3,0,ast,1,0,6,11,7,22,7,7,6,6,32,0,0,1,20,60,0.00849749,1,,2,strong text match (lexical score 10.3),,2,2,2,0,0,0,3
UXARRAY__uxarray-1151,uxarray/subset/dataarray_accessor.py,3,Performance Issue,2,0,0,ast,1,0,13,42,13,27,31,31,19,13,14,0,0,0,46,60,0.00467547,0,,1,,,1,1,inf,2,3,inf,2
UXARRAY__uxarray-1151,uxarray/subset/grid_accessor.py,3,Performance Issue,2,2,0,ast,1,0,10,31,10,25,10,10,10,10,46,0,0,1,48,60,0.00393294,0,,2,strong text match (lexical score 9.4),,2,2,2,0,0,0,3
nautobot__nautobot-6837,nautobot/core/views/utils.py,4,Performance Issue,11,11,0,ast,1,0,8,16,8,29,8,8,9,9,90,0,0,1,103,577,0.00115038,0,2,,strong text match (lexical score 81.9),dependency at distance 2 from an entry point,2,inf,3,0,0,0,22
nautobot__nautobot-6837,nautobot/dcim/views.py,4,Performance Issue,3,45,0,ast,1,0,47,112,52,106,35,35,36,49,116,0,0,0,18,577,0.00576926,1,,,graph neighbour of the entry points (PPR 0.006),,2,inf,3,2,inf,2,48
nautobot__nautobot-6837,nautobot/extras/models/customfields.py,4,Performance Issue,46,20,0,ast,1,0,27,17,27,96,46,46,31,26,52,0,0,0,64,577,0.00224127,0,,2,,,2,2,3,1,1,inf,63
nautobot__nautobot-6837,nautobot/extras/signals.py,4,Performance Issue,8,20,0,ast,1,0,16,15,13,87,13,13,15,15,96,0,0,1,93,577,0.00151679,0,,,strong text match (lexical score 77.7),,2,3,3,2,2,inf,24
spacetelescope__stcal-337,src/stcal/jump/jump.py,2,Performance Issue,1,2,0,ast,1,0,1,1,2,1,2,2,1,1,1,1,1,1,,6,0.31746032,0,,0,entry point (lexical score 67.5),entry point (lexical score 103.5),0,0,0,0,0,0,3
spacetelescope__stcal-337,src/stcal/jump/twopoint_difference.py,2,Performance Issue,2,0,0,ast,1,0,2,3,1,3,1,1,2,2,2,1,1,1,,6,0.12419759,0,,0,entry point (lexical score 67.7),entry point (lexical score 66.7),0,0,0,0,0,0,2
CWorthy-ocean__roms-tools-227,roms_tools/setup/datasets.py,3,Performance Issue,10,4,0,ast,1,0,1,1,1,1,1,1,1,1,1,1,1,1,,15,0.14385592,0,,0,entry point (lexical score 132.7),entry point (lexical score 180.2),0,0,0,0,0,0,14
CWorthy-ocean__roms-tools-227,roms_tools/setup/surface_forcing.py,3,Performance Issue,3,6,0,ast,1,0,3,5,3,6,3,3,3,3,3,0,1,1,,15,0.0825373,0,1,0,entry point (lexical score 114.7),dependency at distance 1 from an entry point,0,0,0,0,0,0,8
CWorthy-ocean__roms-tools-227,roms_tools/setup/utils.py,3,Performance Issue,12,1,0,ast,1,0,4,2,4,2,4,4,4,4,4,1,1,1,,15,0.2017556,0,,0,entry point (lexical score 114.7),entry point (lexical score 151.3),0,0,0,0,0,0,13
twisted__klein-773,src/klein/_resource.py,1,Performance Issue,4,3,0,ast,1,0,2,9,2,16,2,2,2,2,2,0,1,1,,27,0.09876136,0,2,0,entry point (lexical score 9.7),dependency at distance 2 from an entry point,0,0,0,0,0,0,6
traceloop__openllmetry-2577,packages/opentelemetry-instrumentation-groq/opentelemetry/instrumentation/groq/utils.py,3,Performance Issue,0,0,0,ast,1,0,74,187,80,74,83,83,83,78,74,0,0,0,,24,0.0,0,,,,,inf,inf,inf,inf,inf,inf,0
traceloop__openllmetry-2577,packages/opentelemetry-instrumentation-openai/opentelemetry/instrumentation/openai/shared/__init__.py,3,Performance Issue,0,1,1,ast,1,0,35,16,39,35,8,8,13,39,36,0,0,0,3,24,0.06820906,1,,,graph neighbour of the entry points (PPR 0.068),,2,inf,inf,inf,inf,inf,1
traceloop__openllmetry-2577,packages/opentelemetry-instrumentation-openai/opentelemetry/instrumentation/openai/utils.py,3,Performance Issue,0,1,0,ast,1,0,44,34,43,44,12,12,22,44,45,0,0,0,7,24,0.01364181,1,,,graph neighbour of the entry points (PPR 0.014),,2,inf,inf,inf,inf,inf,1
hyeneung__tech-blog-hub-site-49,serverless/apis/recommend/lambda_function.py,3,Performance Issue,0,1,0,ast,1,0,6,5,5,9,5,5,6,6,6,0,0,1,,4,0.0,0,,,strong text match (lexical score 15.6),,inf,inf,inf,0,0,0,1
hyeneung__tech-blog-hub-site-49,serverless/apis/recommend/opensearch/article_analyze.py,3,Performance Issue,0,0,0,ast,1,0,7,20,7,10,7,7,7,7,7,0,0,1,,4,0.0,0,,,strong text match (lexical score 14.4),,inf,inf,inf,0,0,0,0
hyeneung__tech-blog-hub-site-49,serverless/apis/recommend/recommend.py,3,Performance Issue,1,0,0,ast,1,0,14,23,14,15,15,15,14,14,14,0,0,0,,4,0.0,0,,,,,inf,inf,inf,1,1,inf,1
aio-libs__aiohttp-9692,aiohttp/client_reqrep.py,1,Performance Issue,17,15,0,ast,1,0,1,1,1,1,1,1,1,1,1,1,1,1,,61,0.08815727,0,,0,entry point (lexical score 139.0),entry point (lexical score 239.0),0,0,0,0,0,0,27
home-assistant__core-136739,homeassistant/components/fritzbox/climate.py,4,Performance Issue,1,11,0,ast,1,0,34,17,19,111,19,19,24,24,108,0,0,1,18,7556,0.00609315,1,,,strong text match (lexical score 38.1),,2,inf,inf,2,inf,inf,12
home-assistant__core-136739,homeassistant/components/fritzbox/cover.py,4,Performance Issue,0,5,0,ast,1,0,16,10,15,95,15,15,16,16,93,0,0,1,30,7556,0.00318729,0,,,strong text match (lexical score 39.8),,2,inf,inf,2,inf,inf,5
home-assistant__core-136739,homeassistant/components/fritzbox/light.py,4,Performance Issue,0,7,0,ast,1,0,2,8,2,85,2,2,3,3,2,0,1,1,,7556,0.04325551,0,,0,entry point (lexical score 51.3),,0,0,0,0,0,0,7
home-assistant__core-136739,homeassistant/components/fritzbox/switch.py,4,Performance Issue,0,7,0,ast,1,0,4,2,4,2,4,4,4,4,4,1,1,1,,7556,0.04183872,0,,0,entry point (lexical score 45.7),entry point (lexical score 88.0),0,0,0,0,0,0,7
vllm-project__vllm-9338,benchmarks/benchmark_serving.py,1,Feature Request,0,3,0,ast,1,0,12,9,10,41,10,10,11,11,69,0,0,1,129,461,0.00083256,0,,,strong text match (lexical score 38.3),,2,inf,6,inf,inf,inf,3
celery__django-celery-beat-835,django_celery_beat/schedulers.py,1,Performance Issue,2,4,0,ast,1,0,1,4,1,5,1,1,1,1,1,0,1,1,,16,0.11076563,0,1,0,entry point (lexical score 109.0),dependency at distance 1 from an entry point,0,0,0,0,0,0,5
Standard-Labs__real-intent-27,bigdbm/validate/email.py,2,Performance Issue,0,2,0,ast,1,0,1,1,1,1,1,1,1,1,1,1,1,1,,17,0.17178271,0,,0,entry point (lexical score 14.8),entry point (lexical score 31.4),0,0,0,0,0,0,2
Standard-Labs__real-intent-27,bigdbm/validate/phone.py,2,Performance Issue,0,2,0,ast,1,0,5,2,4,2,4,4,3,5,8,1,0,0,3,17,0.0637173,1,,,graph neighbour of the entry points (PPR 0.064),entry point (lexical score 8.1),2,inf,inf,0,0,0,2
Standard-Labs__real-intent-102,real_intent/deliver/followupboss/vanilla.py,2,Performance Issue,3,3,0,ast,1,0,21,21,21,21,21,21,21,21,21,0,0,0,,0,0.0,0,,,,,inf,inf,inf,inf,inf,inf,6
Standard-Labs__real-intent-102,real_intent/deliver/kvcore/__init__.py,2,Performance Issue,1,3,1,ast,1,0,22,22,22,22,22,22,22,22,22,0,0,0,,0,0.0,0,,,,,inf,inf,inf,inf,inf,inf,4
vllm-project__vllm-7874,vllm/core/scheduler.py,1,Performance Issue,11,7,0,ast,1,0,9,6,8,9,8,8,9,9,91,0,0,1,106,393,0.00165968,0,1,,strong text match (lexical score 683.0),dependency at distance 1 from an entry point,1,3,1,0,0,0,18
NCSU-High-Powered-Rocketry-Club__AirbrakesV2-151,airbrakes/airbrakes.py,5,Performance Issue,5,14,0,ast,1,0,3,20,5,12,5,5,4,4,3,0,0,1,4,28,0.04113239,1,1,0,strong text match (lexical score 30.6),dependency at distance 1 from an entry point,1,inf,1,0,0,0,18
NCSU-High-Powered-Rocketry-Club__AirbrakesV2-151,airbrakes/hardware/base_imu.py,5,Performance Issue,5,2,0,ast,1,0,16,18,16,19,15,15,12,15,12,0,0,0,9,28,0.02240311,1,2,1,graph neighbour of the entry points (PPR 0.022),dependency at distance 2 from an entry point,1,1,1,1,1,inf,7
NCSU-High-Powered-Rocketry-Club__AirbrakesV2-151,airbrakes/telemetry/logger.py,5,Performance Issue,7,8,0,ast,1,0,1,1,1,1,1,1,1,1,1,1,1,1,,28,0.09439845,0,,0,entry point (lexical score 47.7),entry point (lexical score 53.6),0,0,0,0,0,0,15
NCSU-High-Powered-Rocketry-Club__AirbrakesV2-151,airbrakes/telemetry/packets/logger_data_packet.py,5,Performance Issue,4,0,0,ast,1,0,10,3,13,3,13,13,9,12,5,0,0,0,7,28,0.02388867,1,1,1,graph neighbour of the entry points (PPR 0.024),dependency at distance 1 from an entry point,1,1,inf,0,0,0,4
NCSU-High-Powered-Rocketry-Club__AirbrakesV2-151,airbrakes/utils.py,5,Performance Issue,12,0,0,ast,1,0,21,13,19,8,11,11,13,21,9,0,0,0,5,28,0.03380887,1,1,1,graph neighbour of the entry points (PPR 0.034),dependency at distance 1 from an entry point,1,1,inf,1,1,inf,12
scikit-learn__scikit-learn-8478,examples/plot_missing_values.py,3,Feature Request,0,8,0,ast,1,0,69,114,77,79,84,83,81,73,85,0,0,0,135,465,0.00144271,0,,,,,2,inf,2,1,inf,1,8
scikit-learn__scikit-learn-8478,sklearn/impute.py,3,Feature Request,5,5,0,ast,1,0,8,14,5,27,5,5,7,7,33,0,0,1,95,465,0.00163992,0,,,strong text match (lexical score 15.7),,1,inf,1,0,0,0,10
scikit-learn__scikit-learn-8478,sklearn/utils/estimator_checks.py,3,Feature Request,3,27,0,ast,1,0,58,16,32,10,20,18,30,45,74,0,0,0,7,465,0.00755503,1,,,graph neighbour of the entry points (PPR 0.008),central member of subsystem /subsystems/validation.md,1,inf,1,2,inf,inf,30
cupy__cupy-3730,cupy/fft/config.py,4,Performance Issue,6,1,0,ast,1,0,20,3,27,3,15,15,11,24,7,0,0,0,7,184,0.01766569,1,1,1,graph neighbour of the entry points (PPR 0.018),dependency at distance 1 from an entry point,1,1,2,1,1,3,7
cupy__cupy-3730,cupy/fft/fft.py,4,Performance Issue,8,3,0,ast,1,0,1,2,1,2,1,1,1,1,1,0,1,1,,184,0.11771039,0,1,0,entry point (lexical score 32.1),dependency at distance 1 from an entry point,0,0,0,0,0,0,11
cupy__cupy-3730,cupy_setup_build.py,4,Performance Issue,1,1,0,ast,1,0,8,48,7,79,7,7,8,8,80,0,0,1,,184,0.0,0,,,strong text match (lexical score 16.6),,inf,inf,inf,0,0,0,2
cupy__cupy-3730,cupyx/scipy/fftpack/_fft.py,4,Performance Issue,3,4,0,ast,1,0,3,1,3,4,3,3,3,3,3,0,1,1,,184,0.06910713,0,1,0,entry point (lexical score 30.7),dependency at distance 1 from an entry point,0,0,0,0,0,0,7
scikit-learn__scikit-learn-17443,examples/calibration/plot_calibration_curve.py,4,Feature Request,0,11,0,ast,1,0,1,3,2,3,2,2,1,1,1,1,1,1,,555,0.04394899,0,,0,entry point (lexical score 69.2),entry point (lexical score 66.3),0,0,0,0,0,0,11
scikit-learn__scikit-learn-17443,examples/calibration/plot_compare_calibration.py,4,Feature Request,0,9,0,ast,1,0,3,7,3,43,3,3,3,3,3,0,1,1,,555,0.04123194,0,,0,entry point (lexical score 64.8),,0,0,0,0,0,0,9
scikit-learn__scikit-learn-17443,sklearn/calibration.py,4,Feature Request,5,14,0,ast,1,0,7,1,7,1,7,7,7,7,6,1,0,1,1,555,0.02397759,1,,1,strong text match (lexical score 50.5),entry point (lexical score 71.0),1,1,3,0,0,0,19
scikit-learn__scikit-learn-17443,sklearn/metrics/_plot/base.py,4,Feature Request,3,1,0,ast,1,0,250,47,220,267,62,53,119,235,34,0,0,0,17,555,0.00875007,1,,1,graph neighbour of the entry points (PPR 0.009),,1,1,3,2,3,inf,4
Qiskit__qiskit-13141,qiskit/__init__.py,2,Feature Request,193,16,1,ast,1,0,137,272,146,179,38,148,67,142,93,0,0,0,243,786,0.00087349,0,,2,central member of subsystem /subsystems/quantumcircuit.md,,1,2,1,2,2,3,208
Qiskit__qiskit-13141,qiskit/transpiler/passes/synthesis/unitary_synthesis.py,2,Feature Request,9,43,0,ast,1,0,5,6,5,52,5,5,5,5,26,0,0,1,4,786,0.00700588,1,,1,strong text match (lexical score 33.2),dependency of /files/qiskit/transpiler/preset_passmanagers/builtin_plugins.py.md,1,1,1,0,0,0,52
dask__dask-8040,dask/local.py,1,Performance Issue,11,5,0,ast,1,0,7,1,4,1,4,4,5,5,9,1,1,1,,108,0.04997446,0,,1,entry point (lexical score 18.8),entry point (lexical score 29.7),0,0,0,0,0,0,16
django__django-18158,django/core/management/commands/shell.py,1,Feature Request,1,3,0,ast,1,0,2,2,2,2,2,2,2,2,2,1,1,1,,642,0.04000217,0,,0,entry point (lexical score 40.6),entry point (lexical score 62.9),0,0,0,0,0,0,4
Happy-Algorithms-League__hal-cgp-180,cgp/genome.py,2,Performance Issue,10,3,0,ast,1,0,3,4,3,3,3,3,3,3,3,0,1,1,,17,0.09835568,0,1,0,entry point (lexical score 14.0),dependency at distance 1 from an entry point,0,0,0,0,0,0,12
Happy-Algorithms-League__hal-cgp-180,cgp/population.py,2,Performance Issue,3,2,0,ast,1,0,2,5,2,8,2,2,2,2,2,0,1,1,,17,0.08291323,0,2,0,entry point (lexical score 15.8),dependency at distance 2 from an entry point,0,0,0,0,0,0,5
sgkit-dev__sgkit-447,sgkit/distance/api.py,2,Performance Issue,1,2,0,ast,1,0,6,1,8,1,8,8,6,6,25,1,0,1,24,32,0.00398684,1,,,strong text match (lexical score 43.6),entry point (lexical score 77.8),2,inf,inf,0,0,0,3
sgkit-dev__sgkit-447,sgkit/distance/metrics.py,2,Performance Issue,1,1,0,ast,1,0,23,2,23,2,26,26,24,24,30,1,0,0,19,32,0.00858899,1,,,graph neighbour of the entry points (PPR 0.009),entry point (lexical score 36.2),2,inf,inf,1,1,inf,2
numpy__numpy-17394,numpy/lib/stride_tricks.py,1,Feature Request,4,2,0,ast,1,0,36,7,30,46,30,30,33,33,21,0,0,1,46,224,0.00251866,0,,1,strong text match (lexical score 123.5),,1,1,3,inf,inf,inf,6
Ouranosinc__xclim-477,xclim/sdba/adjustment.py,5,Performance Issue,3,6,0,ast,1,0,1,1,1,1,1,1,1,1,1,1,1,1,,32,0.16551255,0,,0,entry point (lexical score 49.1),entry point (lexical score 94.7),0,0,0,0,0,0,9
Ouranosinc__xclim-477,xclim/sdba/base.py,5,Performance Issue,10,1,0,ast,1,0,8,4,7,3,7,7,7,8,5,0,0,0,1,32,0.08308556,1,1,1,graph neighbour of the entry points (PPR 0.083),dependency at distance 1 from an entry point,1,1,1,0,0,0,10
Ouranosinc__xclim-477,xclim/sdba/detrending.py,5,Performance Issue,3,2,0,ast,1,0,12,8,14,6,10,10,11,12,7,0,0,0,5,32,0.05237475,1,1,1,graph neighbour of the entry points (PPR 0.052),dependency at distance 1 from an entry point,1,1,1,1,1,1,5
Ouranosinc__xclim-477,xclim/sdba/processing.py,5,Performance Issue,4,2,0,ast,1,0,6,16,6,5,6,6,6,6,6,0,0,1,4,32,0.05102669,1,1,1,strong text match (lexical score 25.9),dependency at distance 1 from an entry point,1,1,1,0,0,0,6
Ouranosinc__xclim-477,xclim/sdba/utils.py,5,Performance Issue,9,3,0,ast,1,0,3,2,2,2,2,2,3,3,3,1,1,1,,32,0.18312208,0,,0,entry point (lexical score 36.4),entry point (lexical score 44.6),0,0,0,0,0,0,11
scikit-learn__scikit-learn-10280,sklearn/_config.py,5,Feature Request,3,0,0,ast,1,0,406,252,412,408,407,406,407,409,26,0,0,0,463,464,6.065e-05,0,,2,,,2,2,inf,2,2,inf,3
scikit-learn__scikit-learn-10280,sklearn/metrics/__init__.py,5,Feature Request,97,9,1,ast,1,0,12,3,16,3,16,16,15,15,47,1,0,1,5,464,0.00934277,1,,2,strong text match (lexical score 29.3),entry point (lexical score 50.4),1,2,1,1,3,1,105
scikit-learn__scikit-learn-10280,sklearn/metrics/pairwise.py,5,Feature Request,47,8,0,ast,1,0,1,1,1,1,1,1,1,1,1,1,1,1,,464,0.05315631,0,,0,entry point (lexical score 38.7),entry point (lexical score 70.2),0,0,0,0,0,0,54
scikit-learn__scikit-learn-10280,sklearn/neighbors/classification.py,5,Feature Request,9,5,0,ast,1,0,25,31,24,51,24,24,24,24,50,0,0,1,58,464,0.0026346,0,,2,strong text match (lexical score 25.3),,2,2,2,2,inf,2,14
scikit-learn__scikit-learn-10280,sklearn/utils/__init__.py,5,Feature Request,185,6,1,ast,1,0,150,139,160,17,59,51,93,156,8,0,0,0,14,464,0.00977052,1,,1,graph neighbour of the entry points (PPR 0.010),dependency of /files/sklearn/metrics/pairwise.py.md,1,1,5,1,1,5,191
scikit-learn__scikit-learn-10471,sklearn/cluster/k_means_.py,1,Performance Issue,26,11,0,ast,1,0,82,5,71,112,73,73,74,76,129,0,0,0,17,461,0.0063242,1,,,graph neighbour of the entry points (PPR 0.006),,1,inf,1,inf,inf,inf,36
pandas-dev__pandas-22762,pandas/core/arrays/base.py,4,Feature Request,16,10,0,ast,1,0,13,36,11,30,11,11,12,12,56,0,0,1,81,227,0.00203837,0,,1,strong text match (lexical score 76.4),dependency of /files/pandas/core/dtypes/concat.py.md,1,1,3,1,1,2,26
pandas-dev__pandas-22762,pandas/core/arrays/categorical.py,4,Feature Request,23,26,0,ast,1,0,7,37,9,25,9,9,9,9,49,0,0,1,18,227,0.00805865,1,,1,strong text match (lexical score 80.7),dependency of /files/pandas/core/reshape/merge.py.md,1,1,2,0,0,0,45
pandas-dev__pandas-22762,pandas/core/arrays/integer.py,4,Feature Request,5,14,0,ast,1,0,29,16,29,51,29,29,30,30,140,0,0,1,83,227,0.00201519,0,,2,strong text match (lexical score 66.0),,2,2,3,2,2,2,18
pandas-dev__pandas-22762,pandas/core/series.py,4,Feature Request,22,40,0,ast,1,0,5,47,8,9,8,8,6,6,42,0,0,1,2,227,0.02279231,1,,1,strong text match (lexical score 81.3),central member of subsystem /subsystems/pandas-common.md,1,1,1,0,0,0,54
tarantool__ansible-cartridge-172,filter_plugins/filter_hosts.py,1,Performance Issue,0,0,0,ast,1,0,6,5,8,8,6,6,6,6,6,0,0,0,,0,0.0,0,,,,,inf,inf,inf,0,0,0,0
scikit-learn__scikit-learn-23197,sklearn/utils/setup.py,2,Performance Issue,0,1,0,ast,1,0,382,213,390,392,385,385,385,387,384,0,0,0,555,575,8.184e-05,0,,,,,3,inf,4,3,inf,4,1
scikit-learn__scikit-learn-23197,sklearn/utils/validation.py,2,Performance Issue,214,5,0,ast,1,0,3,2,3,2,3,3,2,2,3,1,1,1,,575,0.06776229,0,,0,entry point (lexical score 60.2),entry point (lexical score 77.1),0,0,0,0,0,0,218
numpy__numpy-8206,numpy/lib/function_base.py,1,Feature Request,7,14,0,ast,1,0,1,1,1,1,1,1,1,1,1,1,1,1,,196,0.07215118,0,,0,entry point (lexical score 92.6),entry point (lexical score 109.9),0,0,0,0,0,0,21
scikit-learn__scikit-learn-14800,sklearn/datasets/_openml.py,1,Feature Request,22,5,0,ast,1,0,1,1,1,1,1,1,1,1,1,1,1,1,,508,0.04798386,0,,0,entry point (lexical score 40.6),entry point (lexical score 72.2),0,0,0,0,0,0,26
pandas-dev__pandas-18330,pandas/core/generic.py,2,Feature Request,14,35,0,ast,1,0,2,38,2,14,2,2,2,2,2,0,1,1,,207,0.06078882,0,,0,entry point (lexical score 98.5),central member of subsystem /subsystems/common.md,0,0,0,0,0,0,44
pandas-dev__pandas-18330,pandas/core/reshape/reshape.py,2,Feature Request,5,14,0,ast,1,0,4,1,6,1,6,6,5,5,4,1,0,1,28,207,0.00720381,0,,0,strong text match (lexical score 90.4),entry point (lexical score 113.5),1,1,1,0,0,0,17
scikit-learn__scikit-learn-11179,sklearn/metrics/__init__.py,2,Feature Request,97,9,1,ast,1,0,3,70,4,19,4,4,3,3,3,0,1,1,,513,0.05595703,0,,0,entry point (lexical score 92.0),dependency of /files/benchmarks/bench_multilabel_metrics.py.md,0,0,0,0,0,0,105
scikit-learn__scikit-learn-11179,sklearn/metrics/classification.py,2,Feature Request,42,7,0,ast,1,0,1,1,1,1,1,1,1,1,1,1,1,1,,513,0.0711882,0,,0,entry point (lexical score 183.0),entry point (lexical score 180.1),0,0,0,0,0,0,49
pandas-dev__pandas-19074,pandas/core/indexes/multi.py,1,Feature Request,5,24,0,ast,1,0,1,23,1,28,1,1,1,1,1,0,1,1,,207,0.06111969,0,,0,entry point (lexical score 2241.5),,0,0,0,0,0,0,28
rapidsai__dask-cuda-98,dask_cuda/device_host_file.py,1,Performance Issue,4,1,0,ast,1,0,1,1,2,1,2,2,1,1,1,1,1,1,,6,0.13908066,0,,0,entry point (lexical score 42.0),entry point (lexical score 41.7),0,0,0,0,0,0,5
django__django-6478,django/db/backends/oracle/compiler.py,3,Feature Request,0,1,0,ast,1,0,219,406,244,234,223,223,223,231,296,0,0,0,67,628,0.0030263,0,,,,,2,inf,2,inf,inf,inf,1
django__django-6478,django/db/models/__init__.py,3,Feature Request,432,17,1,ast,1,0,180,208,200,14,89,89,122,190,11,0,0,0,9,628,0.0129643,1,,1,graph neighbour of the entry points (PPR 0.013),dependency of /files/django/contrib/contenttypes/fields.py.md,1,1,1,inf,inf,inf,446
django__django-6478,django/db/models/expressions.py,3,Feature Request,34,6,0,ast,1,0,110,74,69,129,69,69,89,88,22,0,0,1,31,628,0.00540089,0,,1,strong text match (lexical score 162.1),,1,1,3,inf,inf,inf,39
oppia__oppia-14784,core/domain/opportunity_services.py,3,Performance Issue,16,7,0,ast,1,0,48,7,53,24,60,60,52,49,64,0,0,0,62,344,0.00320076,0,2,,,dependency at distance 2 from an entry point,1,1,2,inf,inf,inf,23
oppia__oppia-14784,core/domain/suggestion_services.py,3,Performance Issue,29,12,0,ast,1,0,14,6,14,18,14,14,14,14,31,0,0,1,46,344,0.00387493,0,1,,strong text match (lexical score 31.1),dependency at distance 1 from an entry point,1,inf,1,inf,inf,inf,41
oppia__oppia-14784,core/storage/suggestion/gae_models.py,3,Performance Issue,3,3,0,ast,1,0,15,5,20,99,20,20,16,16,32,0,0,1,81,344,0.00234029,0,2,,strong text match (lexical score 30.2),dependency at distance 2 from an entry point,1,2,1,inf,inf,inf,4
modin-project__modin-3438,modin/backends/pandas/parsers.py,1,Feature Request,6,4,0,ast,1,0,61,15,54,72,71,71,67,59,64,0,0,0,80,193,0.00071492,0,,,,,3,6,3,inf,inf,inf,10
freedomofpress__securedrop-client-944,securedrop_client/gui/widgets.py,3,Performance Issue,6,8,0,ast,1,0,3,2,2,2,2,2,3,3,3,1,1,1,,20,0.15050509,0,,0,entry point (lexical score 20.6),entry point (lexical score 27.5),0,0,0,0,0,0,14
freedomofpress__securedrop-client-944,securedrop_client/logic.py,3,Performance Issue,6,12,0,ast,1,0,1,8,1,3,1,1,1,1,1,0,1,1,,20,0.10868876,0,1,0,entry point (lexical score 25.5),dependency at distance 1 from an entry point,0,0,0,0,0,0,18
freedomofpress__securedrop-client-944,securedrop_client/storage.py,3,Performance Issue,6,2,0,ast,1,0,6,3,4,13,4,4,5,5,6,0,1,1,,20,0.11880891,0,1,1,entry point (lexical score 16.8),dependency at distance 1 from an entry point,0,0,0,0,0,0,8
modin-project__modin-4391,modin/core/dataframe/pandas/dataframe/dataframe.py,3,Performance Issue,7,11,0,ast,1,0,24,37,21,59,21,21,22,22,59,0,0,1,47,221,0.002017,0,,,strong text match (lexical score 126.0),,2,5,2,inf,inf,inf,17
modin-project__modin-4391,modin/core/dataframe/pandas/partitioning/partition_manager.py,3,Performance Issue,4,4,0,ast,1,0,35,34,27,70,27,27,30,30,70,0,0,1,72,221,0.00106597,0,,,strong text match (lexical score 119.1),,2,5,inf,inf,inf,inf,8
modin-project__modin-4391,modin/core/execution/ray/implementations/pandas_on_ray/partitioning/partition_manager.py,3,Performance Issue,2,7,0,ast,1,0,70,67,68,99,77,77,73,69,99,0,0,0,93,221,0.00077098,0,,,,,2,5,4,inf,inf,inf,9
pandas-dev__pandas-20796,asv_bench/benchmarks/frame_methods.py,3,Performance Issue,0,3,0,ast,1,0,28,51,36,109,45,45,31,32,142,0,0,0,103,217,0.00160715,0,,,,,2,inf,2,3,inf,3,3
pandas-dev__pandas-20796,pandas/core/base.py,3,Performance Issue,30,17,0,ast,1,0,13,89,21,19,21,21,16,16,68,0,0,1,41,217,0.00498617,0,1,2,strong text match (lexical score 15.1),dependency at distance 1 from an entry point,1,2,1,2,2,3,47
pandas-dev__pandas-20796,pandas/core/frame.py,3,Performance Issue,17,49,0,ast,1,0,1,5,1,57,1,1,1,1,1,0,1,1,,217,0.0547325,0,2,0,entry point (lexical score 28.1),dependency at distance 2 from an entry point,0,0,0,0,0,0,58
azavea__raster-vision-676,rastervision/data/vector_source/geojson_vector_source.py,3,Performance Issue,2,2,0,ast,1,0,33,8,35,34,12,12,19,34,54,0,0,0,10,243,0.01788416,1,2,,graph neighbour of the entry points (PPR 0.018),dependency at distance 2 from an entry point,2,6,8,2,7,8,4
azavea__raster-vision-676,rastervision/data/vector_source/vector_source.py,3,Performance Issue,3,1,0,ast,1,0,31,7,32,4,5,5,11,33,5,0,0,0,3,243,0.05459832,1,1,1,graph neighbour of the entry points (PPR 0.055),dependency at distance 1 from an entry point,1,1,inf,1,1,inf,4
azavea__raster-vision-676,rastervision/data/vector_source/vector_tile_vector_source.py,3,Performance Issue,2,3,0,ast,1,0,1,1,1,1,1,1,1,1,1,1,1,1,,243,0.11566531,0,,0,entry point (lexical score 37.5),entry point (lexical score 48.1),0,0,0,0,0,0,5
dask__dask-7183,dask/array/routines.py,1,Feature Request,5,15,0,ast,1,0,1,6,1,9,1,1,1,1,1,0,1,1,,100,0.06876236,0,,0,entry point (lexical score 34.1),central member of subsystem /subsystems/dask-utils-2.md,0,0,0,0,0,0,17
zarr-developers__zarr-python-738,zarr/core.py,4,Performance Issue,10,7,0,ast,1,0,3,2,3,2,3,3,3,3,3,1,1,1,,14,0.13269577,0,,0,entry point (lexical score 20.2),entry point (lexical score 27.2),0,0,0,0,0,0,17
zarr-developers__zarr-python-738,zarr/creation.py,4,Performance Issue,6,5,0,ast,1,0,4,4,4,13,4,4,4,4,4,0,1,1,,14,0.09787227,0,,0,entry point (lexical score 17.0),,0,0,0,0,0,0,11
zarr-developers__zarr-python-738,zarr/storage.py,4,Performance Issue,13,6,0,ast,1,0,1,3,2,3,2,2,1,1,1,1,1,1,,14,0.18978896,0,,0,entry point (lexical score 21.4),entry point (lexical score 24.0),0,0,0,0,0,0,19
zarr-developers__zarr-python-738,zarr/util.py,4,Performance Issue,12,0,0,ast,1,0,6,1,5,1,5,5,6,6,5,1,0,1,1,14,0.10562506,1,,1,strong text match (lexical score 15.8),entry point (lexical score 29.0),1,1,inf,0,0,0,12
paperless-ngx__paperless-ngx-1227,gunicorn.conf.py,2,Performance Issue,0,0,0,ast,1,0,4,3,4,3,29,29,10,4,4,1,0,0,,58,0.0,0,,0,,entry point (lexical score 78.9),inf,inf,inf,0,0,0,0
paperless-ngx__paperless-ngx-1227,src/paperless/settings.py,2,Performance Issue,3,0,0,ast,1,0,1,1,1,1,1,1,1,1,1,1,1,1,,58,0.11538462,0,,0,entry point (lexical score 136.6),entry point (lexical score 151.4),0,0,0,0,0,0,3
scikit-learn__scikit-learn-13290,sklearn/preprocessing/data.py,1,Performance Issue,51,6,0,ast,1,0,1,3,1,14,1,1,1,1,1,0,1,1,,473,0.05127168,0,1,0,entry point (lexical score 314.2),dependency at distance 1 from an entry point,0,0,0,0,0,0,57
TransformerLensOrg__TransformerLens-333,transformer_lens/HookedEncoder.py,3,Performance Issue,4,7,0,ast,1,0,7,6,7,7,7,7,7,7,11,0,0,1,4,15,0.04738535,1,1,2,strong text match (lexical score 44.9),dependency at distance 1 from an entry point,1,2,1,0,0,0,10
TransformerLensOrg__TransformerLens-333,transformer_lens/HookedTransformer.py,3,Performance Issue,22,9,0,ast,1,0,1,3,1,3,1,1,1,1,1,1,1,1,,15,0.09509449,0,,0,entry point (lexical score 88.3),entry point (lexical score 59.8),0,0,0,0,0,0,30
TransformerLensOrg__TransformerLens-333,transformer_lens/utils.py,3,Performance Issue,12,1,0,ast,1,0,2,1,2,1,2,2,2,2,2,1,1,1,,15,0.15003325,0,,0,entry point (lexical score 80.6),entry point (lexical score 78.8),0,0,0,0,0,0,12
NatLibFi__Annif-610,annif/project.py,3,Performance Issue,5,9,0,ast,1,0,3,3,4,10,4,4,3,3,3,0,1,1,,46,0.14175076,0,1,0,entry point (lexical score 35.2),dependency at distance 1 from an entry point,0,0,0,0,0,0,14
NatLibFi__Annif-610,annif/registry.py,3,Performance Issue,3,3,0,ast,1,0,2,7,2,8,2,2,2,2,2,0,1,1,,46,0.05979693,0,1,0,entry point (lexical score 49.5),dependency at distance 1 from an entry point,0,0,0,0,0,0,6
NatLibFi__Annif-610,annif/vocab.py,3,Performance Issue,2,5,0,ast,1,0,1,1,1,1,1,1,1,1,1,1,1,1,,46,0.06873396,0,,0,entry point (lexical score 62.5),entry point (lexical score 117.5),0,0,0,0,0,0,7
alexa-pi__AlexaPi-188,src/alexapi/capture.py,2,Performance Issue,1,1,0,ast,1,0,7,13,7,8,6,6,4,7,8,0,0,0,5,13,0.05277346,1,1,1,graph neighbour of the entry points (PPR 0.053),dependency at distance 1 from an entry point,1,1,inf,0,0,0,2
alexa-pi__AlexaPi-188,src/main.py,2,Performance Issue,0,6,0,ast,1,0,1,1,1,1,1,1,1,1,1,1,1,1,,13,0.41383525,0,,0,entry point (lexical score 44.5),entry point (lexical score 20.3),0,0,0,0,0,0,6
feast-dev__feast-2371,sdk/python/feast/infra/online_stores/dynamodb.py,1,Performance Issue,2,10,0,ast,1,0,1,1,1,1,1,1,1,1,1,1,1,1,,89,0.08765349,0,,0,entry point (lexical score 31.1),entry point (lexical score 57.4),0,0,0,0,0,0,12
huggingface__transformers-29900,src/transformers/models/whisper/feature_extraction_whisper.py,1,Feature Request,8,8,0,ast,1,0,10,1,8,1,8,8,9,9,675,1,0,1,53,1877,0.00182022,0,,2,strong text match (lexical score 159.5),entry point (lexical score 281.3),2,2,2,0,0,0,15
cisagov__manage.get.gov-1669,src/registrar/management/commands/utility/extra_transition_domain_helper.py,3,Performance Issue,2,6,0,ast,1,0,10,15,9,18,9,9,9,9,49,0,0,1,9,89,0.01474932,1,,,strong text match (lexical score 41.7),,2,inf,inf,0,0,0,8
cisagov__manage.get.gov-1669,src/registrar/models/domain.py,3,Performance Issue,29,11,0,ast,1,0,16,36,12,10,12,12,12,14,7,0,0,1,2,89,0.03749004,1,2,1,strong text match (lexical score 35.2),dependency at distance 2 from an entry point,1,1,2,2,inf,inf,40
cisagov__manage.get.gov-1669,src/registrar/utility/csv_export.py,3,Performance Issue,5,3,0,ast,1,0,13,5,10,5,10,10,10,11,9,0,0,1,10,89,0.01496689,1,1,1,strong text match (lexical score 37.1),dependency at distance 1 from an entry point,1,1,3,3,inf,inf,8
Agenta-AI__agenta-1639,agenta-backend/agenta_backend/models/converters.py,3,Performance Issue,9,3,0,ast,1,0,38,28,39,7,39,39,38,38,7,0,0,1,9,197,0.02377762,1,1,1,strong text match (lexical score 18.8),dependency at distance 1 from an entry point,1,1,1,1,1,1,11
Agenta-AI__agenta-1639,agenta-backend/agenta_backend/routers/configs_router.py,3,Performance Issue,1,3,0,ast,1,0,2,31,3,13,3,3,2,2,2,0,1,1,,197,0.04722481,0,,0,entry point (lexical score 31.7),,0,0,0,0,0,0,4
Agenta-AI__agenta-1639,agenta-backend/agenta_backend/services/db_manager.py,3,Performance Issue,20,4,0,ast,1,0,1,1,1,1,1,1,1,1,1,1,1,1,,197,0.12368139,0,,0,entry point (lexical score 36.5),entry point (lexical score 75.4),0,0,0,0,0,0,23
matrix-org__synapse-8744,synapse/handlers/appservice.py,3,Performance Issue,2,12,0,ast,1,0,4,22,4,142,4,4,4,4,4,0,1,1,,437,0.04310896,0,2,0,entry point (lexical score 18.7),dependency at distance 2 from an entry point,0,0,0,0,0,0,14
matrix-org__synapse-8744,synapse/handlers/receipts.py,3,Performance Issue,2,4,0,ast,1,0,11,85,14,157,14,14,13,13,148,0,0,1,140,437,0.00110526,0,2,2,strong text match (lexical score 16.6),dependency at distance 2 from an entry point,1,2,1,2,3,4,6
matrix-org__synapse-8744,synapse/storage/databases/main/receipts.py,3,Performance Issue,3,7,0,ast,1,0,52,13,47,268,64,64,55,50,262,0,0,0,133,437,0.00137904,0,2,2,,dependency at distance 2 from an entry point,1,2,1,2,3,5,10
NVIDIA__NeMo-9100,nemo/collections/asr/parts/submodules/ctc_decoding.py,2,Performance Issue,28,7,0,ast,1,0,8,20,4,73,4,4,5,5,22,0,1,1,,1315,0.04798193,0,,1,entry point (lexical score 148.5),,0,0,0,0,0,0,35
NVIDIA__NeMo-9100,nemo/collections/asr/parts/submodules/ctc_greedy_decoding.py,2,Performance Issue,2,6,0,ast,1,0,12,7,8,77,8,8,10,10,62,0,0,1,15,1315,0.00536569,1,,2,strong text match (lexical score 147.8),,1,1,2,1,1,inf,8
streamlit__streamlit-9754,lib/streamlit/web/server/server.py,1,Security Vulnerability,14,22,0,ast,1,0,3,5,3,5,5,3,4,3,3,0,0,1,1,369,0.05983583,1,1,0,strong text match (lexical score 136.8),caller at distance 1 (exposure path),1,inf,1,0,0,0,36
streamlit__streamlit-9472,lib/streamlit/runtime/state/session_state.py,1,Performance Issue,22,12,0,ast,1,0,8,1,4,31,4,4,5,5,16,0,1,1,,353,0.04501199,0,2,1,entry point (lexical score 122.8),dependency at distance 2 from an entry point,0,0,0,0,0,0,34
streamlit__streamlit-8741,lib/streamlit/runtime/app_session.py,1,Performance Issue,8,24,0,ast,1,0,2,6,2,45,2,2,2,2,2,0,1,1,,337,0.05990735,0,,0,entry point (lexical score 73.1),,0,0,0,0,0,0,32
mesonbuild__meson-14013,mesonbuild/coredata.py,1,Bug Report,52,13,0,ast,1,0,12,4,13,4,13,13,13,13,8,1,0,1,6,247,0.01846736,1,,1,strong text match (lexical score 88.6),entry point (lexical score 109.6),1,1,2,inf,inf,inf,61
scikit-learn__scikit-learn-30327,sklearn/base.py,2,Feature Request,211,14,0,ast,1,0,3,7,4,5,4,4,3,3,3,0,1,1,,590,0.05761491,0,,0,entry point (lexical score 58.7),central member of subsystem /subsystems/base.md,0,0,0,0,0,0,223
scikit-learn__scikit-learn-30327,sklearn/utils/_tags.py,2,Feature Request,24,1,0,ast,1,0,5,1,5,1,5,5,5,5,5,1,0,1,3,590,0.01390542,1,,1,strong text match (lexical score 57.2),entry point (lexical score 160.5),1,1,5,0,0,0,25
scikit-learn__scikit-learn-30128,sklearn/metrics/_regression.py,1,Feature Request,46,5,0,ast,1,0,1,5,1,5,1,1,1,1,1,0,1,1,,590,0.05279415,0,,0,entry point (lexical score 126.0),central member of subsystem /subsystems/regression.md,0,0,0,0,0,0,51
scikit-learn__scikit-learn-28678,sklearn/metrics/_classification.py,1,Feature Request,62,10,0,ast,1,0,34,100,32,52,32,32,33,33,10,0,0,1,18,595,0.00517926,1,,1,strong text match (lexical score 23.6),,1,1,2,inf,inf,inf,72
PrefectHQ__prefect-16369,src/prefect/tasks.py,1,Bug Report,23,23,0,ast,1,0,2,6,2,50,2,2,2,2,2,0,1,1,,607,0.04905804,0,1,0,entry point (lexical score 106.2),dependency at distance 1 from an entry point,0,0,0,0,0,0,40
PrefectHQ__prefect-16328,src/prefect/task_engine.py,1,Bug Report,10,30,0,ast,1,0,22,18,17,6,17,17,19,19,100,0,0,1,37,606,0.00175119,0,1,,strong text match (lexical score 53.2),dependency at distance 1 from an entry point,2,3,inf,inf,inf,inf,40
PrefectHQ__prefect-16145,src/prefect/task_engine.py,1,Bug Report,9,28,0,ast,1,0,4,6,8,3,8,8,7,7,4,0,0,1,20,602,0.00493428,1,1,0,strong text match (lexical score 361.7),dependency at distance 1 from an entry point,1,1,2,0,0,0,37
PrefectHQ__prefect-16117,src/prefect/flows.py,1,Bug Report,119,37,0,ast,1,0,1,3,1,5,1,1,1,1,1,0,1,1,,637,0.04897776,0,1,0,entry point (lexical score 92.1),dependency at distance 1 from an entry point,0,0,0,0,0,0,148
PrefectHQ__prefect-15909,src/integrations/prefect-dask/prefect_dask/task_runners.py,1,Bug Report,3,9,0,ast,1,0,1,1,1,1,1,1,1,1,1,1,1,1,,594,0.04639183,0,,0,entry point (lexical score 293.6),entry point (lexical score 462.1),0,0,0,0,0,0,12
PrefectHQ__prefect-15468,src/prefect/cli/deploy.py,1,Feature Request,2,25,0,ast,1,0,1,1,1,1,1,1,1,1,1,1,1,1,,556,0.05308297,0,,0,entry point (lexical score 76.7),entry point (lexical score 91.7),0,0,0,0,0,0,27
PrefectHQ__prefect-14693,src/integrations/prefect-docker/prefect_docker/worker.py,1,Feature Request,3,16,0,ast,1,0,1,1,1,1,1,1,1,1,1,1,1,1,,635,0.04203547,0,,0,entry point (lexical score 54.8),entry point (lexical score 88.2),0,0,0,0,0,0,19
PrefectHQ__prefect-14608,src/prefect/futures.py,1,Feature Request,14,11,0,ast,1,0,2,1,2,1,2,2,2,2,2,1,1,1,,531,0.0574947,0,,0,entry point (lexical score 28.6),entry point (lexical score 63.1),0,0,0,0,0,0,25
PrefectHQ__prefect-14259,src/integrations/prefect-sqlalchemy/prefect_sqlalchemy/database.py,1,Feature Request,5,4,0,ast,1,0,2,1,2,1,2,2,2,2,2,1,1,1,,524,0.05142324,0,,0,entry point (lexical score 44.7),entry point (lexical score 80.6),0,0,0,0,0,0,9
PrefectHQ__prefect-13756,src/prefect/tasks.py,1,Feature Request,97,20,0,ast,1,0,1,1,1,1,1,1,1,1,1,1,1,1,,513,0.0604921,0,,0,entry point (lexical score 58.8),entry point (lexical score 86.3),0,0,0,0,0,0,109
PrefectHQ__prefect-13367,src/prefect/cli/deployment.py,1,Feature Request,1,18,0,ast,1,0,8,6,4,49,4,4,6,6,115,0,1,1,,629,0.04886209,0,,,entry point (lexical score 18.6),,0,0,0,0,0,0,19
PrefectHQ__prefect-13366,src/prefect/cli/deployment.py,1,Feature Request,1,22,0,ast,1,0,9,10,7,39,7,7,7,7,124,0,0,1,14,637,0.00606645,1,,,strong text match (lexical score 18.3),,2,inf,inf,0,0,0,23
PrefectHQ__prefect-13259,src/prefect/client/orchestration.py,1,Feature Request,96,27,0,ast,1,0,8,24,8,8,8,8,8,8,16,0,0,1,3,633,0.01877873,1,,1,strong text match (lexical score 125.5),central member of subsystem /subsystems/settings.md,1,1,2,0,0,0,120
PrefectHQ__prefect-12410,src/prefect/cli/deploy.py,1,Feature Request,2,25,0,ast,1,0,1,1,1,1,1,1,1,1,1,1,1,1,,460,0.05722366,0,,0,entry point (lexical score 56.7),entry point (lexical score 92.4),0,0,0,0,0,0,27
PrefectHQ__prefect-12045,src/prefect/utilities/dockerutils.py,1,Feature Request,18,4,0,ast,1,0,2,1,2,1,2,2,2,2,2,1,1,1,,433,0.04566265,0,,0,entry point (lexical score 583.8),entry point (lexical score 662.8),0,0,0,0,0,0,21
Delgan__loguru-1239,loguru/_better_exceptions.py,1,Feature Request,1,0,0,ast,1,0,2,15,2,15,2,2,2,2,2,0,1,1,,17,0.08074678,0,,0,entry point (lexical score 23.7),dependency of /files/loguru/_logger.py.md,0,0,0,0,0,0,1
Lightning-AI__pytorch-lightning-20403,src/lightning/pytorch/trainer/connectors/checkpoint_connector.py,1,Feature Request,1,16,0,ast,1,0,4,12,5,27,5,5,4,4,4,0,0,1,13,285,0.0079782,1,,0,strong text match (lexical score 17.0),,1,1,2,0,0,0,17
dask__dask-11609,dask/dataframe/io/io.py,1,Performance Issue,15,17,0,ast,1,0,30,39,29,13,37,37,30,30,24,0,0,0,24,122,0.00863084,1,1,1,graph neighbour of the entry points (PPR 0.009),dependency at distance 1 from an entry point,1,1,1,inf,inf,inf,30
dask__dask-11605,dask/array/overlap.py,1,Bug Report,4,12,0,ast,1,0,1,1,1,1,1,1,1,1,1,1,1,1,,122,0.04532451,0,,0,entry point (lexical score 369.3),entry point (lexical score 431.7),0,0,0,0,0,0,15
dask__dask-11541,dask/array/reshape.py,1,Bug Report,4,7,0,ast,1,0,1,1,1,1,1,1,1,1,1,1,1,1,,122,0.04148782,0,,0,entry point (lexical score 19.6),entry point (lexical score 41.8),0,0,0,0,0,0,10
dask__dask-11479,dask/array/overlap.py,1,Performance Issue,4,8,0,ast,1,0,24,1,16,1,16,16,21,21,33,1,0,1,37,122,0.00419614,0,,1,strong text match (lexical score 72.3),entry point (lexical score 123.7),1,1,1,inf,inf,inf,11
dask__dask-11450,dask/array/slicing.py,1,Performance Issue,5,8,0,ast,1,0,4,2,4,2,4,4,4,4,4,1,1,1,,122,0.04877493,0,,0,entry point (lexical score 47.3),entry point (lexical score 100.6),0,0,0,0,0,0,12
dask__dask-11434,dask/array/core.py,1,Feature Request,46,38,0,ast,1,0,1,1,1,1,1,1,1,1,1,1,1,1,,122,0.12307269,0,,0,entry point (lexical score 64.1),entry point (lexical score 90.9),0,0,0,0,0,0,64
dask__dask-11393,dask/dataframe/utils.py,1,Feature Request,50,12,0,ast,1,0,6,6,5,18,5,5,5,5,8,0,0,1,2,122,0.02695658,1,,1,strong text match (lexical score 75.3),dependency of /files/dask/dataframe/core.py.md,1,1,2,0,0,0,59
dask__dask-11354,dask/array/core.py,1,Feature Request,46,38,0,ast,1,0,1,2,1,2,1,1,1,1,1,1,1,1,,121,0.11390373,0,,0,entry point (lexical score 97.3),entry point (lexical score 131.5),0,0,0,0,0,0,64
dask__dask-11303,dask/order.py,1,Performance Issue,4,2,0,ast,1,0,55,36,55,74,34,34,42,56,73,0,0,0,21,120,0.01062609,1,2,2,graph neighbour of the entry points (PPR 0.011),dependency at distance 2 from an entry point,2,2,inf,inf,inf,inf,6
dask__dask-11183,dask/dataframe/__init__.py,1,Feature Request,38,24,1,ast,1,0,1,12,1,5,1,1,1,1,1,0,1,1,,119,0.07792672,0,,0,entry point (lexical score 83.3),central member of subsystem /subsystems/dask-utils.md,0,0,0,0,0,0,59
dask__dask-10963,dask/bag/core.py,1,Feature Request,9,14,0,ast,1,0,3,4,3,4,3,3,3,3,3,1,1,1,,120,0.06456499,0,,0,entry point (lexical score 41.5),entry point (lexical score 45.1),0,0,0,0,0,0,22
dask__dask-10796,dask/dataframe/groupby.py,1,Feature Request,4,11,0,ast,1,0,1,1,1,1,1,1,1,1,1,1,1,1,,120,0.08471985,0,,0,entry point (lexical score 18.6),entry point (lexical score 20.3),0,0,0,0,0,0,14
dask__dask-10785,dask/dataframe/core.py,1,Feature Request,26,47,0,ast,1,0,2,6,2,18,2,2,2,2,2,0,1,1,,119,0.11639073,0,,0,entry point (lexical score 22.1),,0,0,0,0,0,0,55
dask__dask-10754,dask/dataframe/core.py,1,Feature Request,26,47,0,ast,1,0,3,2,3,2,3,3,3,3,3,1,1,1,,119,0.13959601,0,,0,entry point (lexical score 8.9),entry point (lexical score 9.8),0,0,0,0,0,0,55
dask__dask-10750,dask/dataframe/shuffle.py,1,Feature Request,5,10,0,ast,1,0,1,2,2,2,2,2,1,1,1,1,1,1,,119,0.05620275,0,,0,entry point (lexical score 28.8),entry point (lexical score 34.1),0,0,0,0,0,0,13
DS4SD__docling-330,docling/backend/msword_backend.py,1,Bug Report,2,3,0,ast,1,0,2,6,2,4,2,2,2,2,2,0,1,1,,40,0.05814525,0,1,0,entry point (lexical score 34.2),dependency at distance 1 from an entry point,0,0,0,0,0,0,5
DS4SD__docling-314,docling/backend/msword_backend.py,1,Bug Report,2,3,0,ast,1,0,5,13,6,6,6,6,6,6,23,0,0,1,34,39,0.00460615,0,1,2,strong text match (lexical score 29.1),dependency at distance 1 from an entry point,2,2,4,0,0,0,5
getmoto__moto-8401,moto/dynamodb/models/utilities.py,1,Bug Report,5,0,0,ast,1,0,551,45,213,29,554,554,554,320,72,0,0,0,128,1174,0.00109908,0,2,2,,dependency at distance 2 from an entry point,2,2,inf,inf,inf,inf,5
getmoto__moto-8390,moto/athena/responses.py,1,Bug Report,1,2,0,ast,1,0,44,34,34,200,63,63,51,38,196,0,0,0,314,1171,0.00056263,0,,,,,1,inf,1,inf,inf,inf,3
getmoto__moto-8365,moto/kms/responses.py,1,Bug Report,1,6,0,ast,1,0,4,1,3,1,3,3,4,4,4,1,1,1,,1170,0.122173,0,,0,entry point (lexical score 144.1),entry point (lexical score 305.5),0,0,0,0,0,0,7
getmoto__moto-8342,moto/iotdata/models.py,1,Bug Report,5,5,0,ast,1,0,19,4,3,4,3,3,8,8,93,1,1,1,,1170,0.06704015,0,,2,entry point (lexical score 298.9),entry point (lexical score 400.5),0,0,0,inf,inf,inf,9
getmoto__moto-8316,moto/ec2/responses/fleets.py,1,Bug Report,1,1,0,ast,1,0,2,42,1,53,1,1,2,2,2,0,1,1,,1170,0.03934215,0,,0,entry point (lexical score 253.7),,0,0,0,0,0,0,2
getmoto__moto-8315,moto/s3/responses.py,1,Bug Report,18,13,0,ast,1,0,2,2,1,2,1,1,2,2,2,0,1,1,,1170,0.08887041,0,1,0,entry point (lexical score 158.5),dependency at distance 1 from an entry point,0,0,0,0,0,0,31
ray-project__ray-49236,python/ray/dag/compiled_dag_node.py,1,Bug Report,6,24,0,ast,1,0,2,2,2,79,2,2,2,2,2,0,1,1,,1588,0.0814844,0,,0,entry point (lexical score 145.9),,0,0,0,0,0,0,29
ray-project__ray-49221,python/ray/data/dataset.py,1,Bug Report,59,62,0,ast,1,0,3,7,1,11,1,1,2,2,3,0,1,1,,1587,0.06937482,0,1,0,entry point (lexical score 105.3),dependency at distance 1 from an entry point,0,0,0,0,0,0,115
ray-project__ray-49118,python/ray/dag/dag_node_operation.py,1,Bug Report,3,5,0,ast,1,0,26,11,16,5,16,16,22,22,44,0,0,1,5,1588,0.01128703,1,1,1,strong text match (lexical score 1109.0),dependency at distance 1 from an entry point,1,1,2,inf,inf,inf,8
ray-project__ray-48957,python/ray/experimental/channel/serialization_context.py,1,Feature Request,1,2,0,ast,1,0,56,28,42,92,42,42,48,48,176,0,0,1,504,1588,0.00024147,0,,,strong text match (lexical score 225.2),,2,3,2,inf,inf,inf,2
ray-project__ray-48907,python/ray/data/grouped_data.py,1,Bug Report,1,9,0,ast,1,0,1,2,1,2,1,1,1,1,1,1,1,1,,1582,0.04177547,0,,0,entry point (lexical score 258.4),entry point (lexical score 273.2),0,0,0,0,0,0,9
ray-project__ray-48782,python/ray/dag/compiled_dag_node.py,1,Bug Report,6,24,0,ast,1,0,2,4,2,70,2,2,2,2,2,0,1,1,,1583,0.07996653,0,,0,entry point (lexical score 623.7),,0,0,0,0,0,0,29
ray-project__ray-48623,python/ray/autoscaler/v2/scheduler.py,1,Bug Report,4,8,0,ast,1,0,11,11,12,7,12,12,11,11,14,0,0,1,4,1581,0.02524525,1,1,1,strong text match (lexical score 362.6),dependency at distance 1 from an entry point,1,1,1,inf,inf,inf,12
spotify__luigi-3308,luigi/lock.py,1,Security Vulnerability,2,0,0,ast,1,0,9,10,5,12,4,5,4,6,31,0,1,1,,110,0.04082338,0,,,entry point (lexical score 26.9),security-flagged file in same subsystem: shell-exec,0,0,0,0,0,0,2
bridgecrewio__checkov-6909,checkov/serverless/graph_builder/local_graph.py,1,Bug Report,2,6,0,ast,1,0,28,1,10,1,10,10,15,15,96,1,0,1,148,2060,0.00058715,0,,,strong text match (lexical score 226.6),entry point (lexical score 329.8),2,2,inf,inf,inf,inf,8
bridgecrewio__checkov-6895,checkov/terraform/checks/resource/azure/PostgreSQLFlexiServerGeoBackupEnabled.py,1,Bug Report,1,2,0,ast,1,0,1,2,1,2,1,1,1,1,1,1,1,1,,2060,0.03764835,0,,0,entry point (lexical score 128.4),entry point (lexical score 139.6),0,0,0,0,0,0,3
bridgecrewio__checkov-6828,checkov/dockerfile/parser.py,1,Bug Report,2,2,0,ast,1,0,21,8,23,30,23,23,22,22,25,0,0,1,652,2047,0.00014405,0,2,,strong text match (lexical score 154.7),dependency at distance 2 from an entry point,3,inf,inf,inf,inf,inf,4
BerriAI__litellm-6563,litellm/integrations/langfuse/langfuse.py,1,Bug Report,3,7,0,ast,1,0,5,13,3,218,3,3,3,3,150,0,1,1,,375,0.04997799,0,,,entry point (lexical score 256.5),,0,0,0,0,0,0,10
keras-team__keras-20626,keras/src/layers/preprocessing/normalization.py,1,Bug Report,3,5,0,ast,1,0,2,3,1,85,1,1,2,2,2,0,1,1,,564,0.03912653,0,2,0,entry point (lexical score 52.9),dependency at distance 2 from an entry point,0,0,0,0,0,0,8
keras-team__keras-20602,keras/src/trainers/trainer.py,1,Bug Report,5,13,0,ast,1,0,5,1,5,1,5,5,5,5,172,1,0,1,146,563,0.00040058,0,,,strong text match (lexical score 660.9),entry point (lexical score 853.5),3,3,inf,0,0,0,18
keras-team__keras-20550,keras/src/models/cloning.py,1,Bug Report,3,9,0,ast,1,0,1,1,1,1,1,1,1,1,1,1,1,1,,562,0.04500114,0,,0,entry point (lexical score 146.9),entry point (lexical score 271.2),0,0,0,0,0,0,12
keras-team__keras-20537,keras/src/legacy/saving/legacy_h5_format.py,1,Bug Report,2,10,0,ast,1,0,1,1,1,1,1,1,1,1,1,1,1,1,,562,0.05864808,0,,0,entry point (lexical score 32.5),entry point (lexical score 76.8),0,0,0,0,0,0,12
keras-team__keras-20534,keras/src/optimizers/base_optimizer.py,1,Bug Report,5,8,0,ast,1,0,1,2,1,2,1,1,1,1,1,1,1,1,,562,0.05208968,0,,0,entry point (lexical score 76.2),entry point (lexical score 104.5),0,0,0,0,0,0,13
keras-team__keras-20456,keras/src/models/functional.py,1,Feature Request,26,14,0,ast,1,0,21,3,18,3,18,18,18,18,27,1,0,1,58,562,0.00213201,0,,1,strong text match (lexical score 17.2),entry point (lexical score 21.4),1,2,1,inf,inf,inf,39
keras-team__keras-20443,keras/src/utils/io_utils.py,1,Bug Report,24,2,0,ast,1,0,179,89,160,286,191,191,191,169,21,0,0,0,36,561,0.0048377,0,,1,,,1,1,6,inf,inf,inf,26
keras-team__keras-19852,keras/src/saving/saving_lib.py,1,Performance Issue,6,12,0,ast,1,0,3,2,2,2,2,2,3,3,3,1,1,1,,535,0.05945435,0,,0,entry point (lexical score 34.4),entry point (lexical score 59.2),0,0,0,0,0,0,17
huggingface__accelerate-3248,src/accelerate/hooks.py,1,Bug Report,5,7,0,ast,1,0,2,1,2,1,2,2,2,2,2,1,1,1,,97,0.06877854,0,,0,entry point (lexical score 59.7),entry point (lexical score 58.9),0,0,0,0,0,0,11
vllm-project__vllm-10462,vllm/attention/backends/flashinfer.py,1,Feature Request,1,10,0,ast,1,0,1,3,1,3,1,1,1,1,1,1,1,1,,514,0.04140768,0,,0,entry point (lexical score 46.0),entry point (lexical score 42.7),0,0,0,0,0,0,11
vllm-project__vllm-10198,vllm/spec_decode/batch_expansion.py,1,Bug Report,4,6,0,ast,1,0,105,52,112,137,117,117,117,109,129,0,0,0,337,526,0.00033466,0,,,,,2,inf,inf,inf,inf,inf,10
vllm-project__vllm-9846,examples/offline_inference_vision_language.py,1,Performance Issue,0,6,0,ast,1,0,157,62,148,238,167,167,167,156,219,0,0,0,209,483,0.00060025,0,,,,,2,inf,inf,inf,inf,inf,6
vllm-project__vllm-7783,vllm/model_executor/models/phi3v.py,1,Feature Request,0,21,0,ast,1,0,1,1,1,1,1,1,1,1,1,1,1,1,,384,0.05022271,0,,0,entry point (lexical score 47.6),entry point (lexical score 68.6),0,0,0,0,0,0,21
pydantic__pydantic-10789,pydantic/_internal/_generate_schema.py,1,Feature Request,12,33,0,ast,1,0,6,7,8,17,8,8,7,7,12,0,0,1,1,99,0.06695874,1,,1,strong text match (lexical score 220.6),dependency of /files/pydantic/type_adapter.py.md,1,1,1,0,0,0,41
pydantic__pydantic-10601,pydantic/networks.py,1,Performance Issue,9,6,0,ast,1,0,4,1,2,1,2,2,3,3,4,1,1,1,,99,0.04384416,0,,0,entry point (lexical score 62.5),entry point (lexical score 97.5),0,0,0,0,0,0,15
pydantic__pydantic-10374,pydantic/validate_call_decorator.py,1,Feature Request,15,3,0,ast,1,0,60,1,62,1,63,64,63,62,36,1,0,0,51,98,0.00257244,0,,2,,entry point (lexical score 67.1),1,2,1,inf,inf,inf,18
pydantic__pydantic-10210,pydantic/_internal/_known_annotated_metadata.py,1,Feature Request,2,4,0,ast,1,0,36,41,39,49,34,34,34,37,53,0,0,0,21,98,0.0129822,1,,2,graph neighbour of the entry points (PPR 0.013),,2,2,2,inf,inf,inf,6
pydantic__pydantic-9478,pydantic/_internal/_decorators.py,1,Feature Request,14,6,0,ast,1,0,10,13,14,10,14,14,12,12,18,0,0,1,4,72,0.03422408,1,,1,strong text match (lexical score 112.1),dependency of /files/pydantic/functional_validators.py.md,1,1,1,0,0,0,18
pydantic__pydantic-8706,pydantic/types.py,1,Feature Request,18,13,0,ast,1,0,1,1,1,1,1,1,1,1,1,1,1,1,,70,0.06197488,0,,0,entry point (lexical score 192.3),entry point (lexical score 294.7),0,0,0,0,0,0,29
facebookresearch__xformers-1166,xformers/ops/swiglu_op.py,1,Bug Report,3,2,0,ast,1,0,2,5,3,7,3,3,2,2,2,0,1,1,,133,0.1438731,0,,0,entry point (lexical score 145.6),,0,0,0,0,0,0,5
yt-dlp__yt-dlp-11751,yt_dlp/extractor/youtube.py,1,Bug Report,32,5,0,ast,1,0,6,6,6,68,6,6,6,6,69,0,0,1,49,1094,0.00176406,0,,,strong text match (lexical score 679.6),,2,3,2,0,0,0,37
yt-dlp__yt-dlp-11750,yt_dlp/extractor/youtube.py,1,Bug Report,32,5,0,ast,1,0,2,2,2,2,2,2,2,2,2,1,1,1,,1094,0.04560061,0,,0,entry point (lexical score 286.8),entry point (lexical score 215.5),0,0,0,0,0,0,37
yt-dlp__yt-dlp-11438,yt_dlp/aes.py,1,Bug Report,11,3,0,ast,1,0,140,29,94,5,145,145,145,109,8,0,0,0,33,1092,0.00541096,0,1,1,,dependency at distance 1 from an entry point,1,1,3,inf,inf,inf,14
stanfordnlp__dspy-1741,dspy/predict/predict.py,1,Feature Request,15,8,0,ast,1,0,2,5,1,7,1,1,2,2,2,0,1,1,,171,0.04751995,0,,0,entry point (lexical score 20.0),central member of subsystem /subsystems/dsp.md,0,0,0,0,0,0,22
Qiskit__qiskit-13436,qiskit/quantum_info/states/statevector.py,1,Bug Report,50,16,0,ast,1,0,1,1,1,1,1,1,1,1,1,1,1,1,,797,0.04685317,0,,0,entry point (lexical score 35.9),entry point (lexical score 71.5),0,0,0,0,0,0,63
Qiskit__qiskit-12214,qiskit/transpiler/preset_passmanagers/__init__.py,1,Feature Request,10,8,1,ast,1,0,2,3,2,3,2,2,2,2,2,1,1,1,,784,0.0476704,0,,0,entry point (lexical score 37.2),entry point (lexical score 46.5),0,0,0,0,0,0,18
conan-io__conan-17369,conan/tools/scm/git.py,1,Bug Report,4,8,0,ast,1,0,1,1,1,1,1,1,1,1,1,1,1,1,,293,0.06853924,0,,0,entry point (lexical score 117.9),entry point (lexical score 194.8),0,0,0,0,0,0,12
python__mypy-18293,mypy/plugins/default.py,1,Bug Report,1,14,0,ast,1,0,5,1,2,1,2,2,3,3,59,1,1,1,,235,0.04916216,0,,,entry point (lexical score 27.2),entry point (lexical score 73.3),0,0,0,0,0,0,15
python__mypy-18290,mypy/semanal_typeargs.py,1,Bug Report,1,11,0,ast,1,0,7,30,8,43,8,8,7,7,58,0,0,1,26,235,0.00545462,0,,,strong text match (lexical score 45.4),,1,inf,1,0,0,0,12
python__mypy-18197,mypy/typeanal.py,1,Bug Report,6,13,0,ast,1,0,2,1,2,1,2,2,2,2,2,1,1,1,,235,0.04523088,0,,0,entry point (lexical score 111.5),entry point (lexical score 122.1),0,0,0,0,0,0,19
python__mypy-18164,mypy/subtypes.py,1,Bug Report,22,14,0,ast,1,0,8,68,9,24,9,9,8,8,29,0,0,1,8,235,0.01050121,1,1,2,strong text match (lexical score 59.0),dependency at distance 1 from an entry point,1,2,1,0,0,0,32
python__mypy-18163,mypy/checker.py,1,Feature Request,12,38,0,ast,1,0,1,5,1,8,1,1,1,1,1,0,1,1,,235,0.05563406,0,,0,entry point (lexical score 41.6),central member of subsystem /subsystems/types.md,0,0,0,0,0,0,46
python__mypy-18160,mypy/checkexpr.py,1,Bug Report,3,32,0,ast,1,0,3,18,2,58,2,2,2,2,3,0,1,1,,235,0.05626976,0,,0,entry point (lexical score 74.1),,0,0,0,0,0,0,33
python__mypy-18141,mypy/checkpattern.py,1,Bug Report,1,18,0,ast,1,0,15,2,6,2,6,6,9,9,74,1,0,1,9,235,0.00896873,1,,2,strong text match (lexical score 25.6),entry point (lexical score 34.5),1,1,1,inf,inf,inf,18
python__mypy-18119,mypy/checkpattern.py,1,Bug Report,1,18,0,ast,1,0,92,47,82,124,93,93,93,89,127,0,0,0,47,235,0.0045699,0,,,,,2,3,2,inf,inf,inf,18
python__mypy-18102,mypy/subtypes.py,1,Bug Report,22,14,0,ast,1,0,12,3,12,3,12,12,12,12,6,1,0,1,6,235,0.0163497,1,,1,strong text match (lexical score 79.8),entry point (lexical score 103.2),1,1,1,inf,inf,inf,32
python__mypy-18091,mypy/checkpattern.py,1,Bug Report,1,18,0,ast,1,0,65,1,27,1,27,27,41,41,90,1,0,1,41,235,0.00476773,0,,,strong text match (lexical score 286.2),entry point (lexical score 620.5),1,2,1,inf,inf,inf,18
scipy__scipy-21918,scipy/optimize/_minpack_py.py,1,Bug Report,3,6,0,ast,1,0,1,12,1,3,1,1,1,1,1,0,1,1,,580,0.04036686,0,1,0,entry point (lexical score 482.3),dependency at distance 1 from an entry point,0,0,0,0,0,0,8
scipy__scipy-21912,scipy/integrate/_quadrature.py,1,Bug Report,3,6,0,ast,1,0,4,21,4,43,4,4,4,4,4,0,1,1,,580,0.04213987,0,,0,entry point (lexical score 188.0),,0,0,0,0,0,0,9
scipy__scipy-21808,scipy/signal/_signaltools.py,1,Bug Report,4,14,0,ast,1,0,2,8,2,5,2,2,2,2,2,0,1,1,,577,0.0750293,0,,0,entry point (lexical score 167.9),,0,0,0,0,0,0,17
scipy__scipy-21801,scipy/special/_basic.py,1,Feature Request,2,3,0,ast,1,0,1,2,2,2,2,2,1,1,1,1,1,1,,577,0.06406676,0,,0,entry point (lexical score 270.1),entry point (lexical score 292.0),0,0,0,0,0,0,4
pandas-dev__pandas-60407,pandas/core/arrays/interval.py,1,Bug Report,24,28,0,ast,1,0,12,9,4,94,4,4,8,8,132,0,1,1,,336,0.04152904,0,2,2,entry point (lexical score 202.2),dependency at distance 2 from an entry point,0,0,0,inf,inf,inf,47
pandas-dev__pandas-59900,pandas/core/strings/accessor.py,1,Feature Request,5,20,0,ast,1,0,21,6,6,41,6,6,13,13,103,0,0,1,74,336,0.00228455,0,,2,strong text match (lexical score 32.1),,2,2,2,inf,inf,inf,25
pylint-dev__pylint-10075,pylint/checkers/variables.py,1,Bug Report,1,8,0,ast,1,0,1,9,1,1,1,1,1,1,1,0,1,1,,179,0.05368766,0,,0,entry point (lexical score 30.6),,0,0,0,0,0,0,9
secdev__scapy-4586,scapy/contrib/automotive/doip.py,1,Bug Report,0,7,0,ast,1,0,1,1,1,1,1,1,1,1,1,1,1,1,,339,0.03973947,0,,0,entry point (lexical score 184.6),entry point (lexical score 235.8),0,0,0,0,0,0,7
django__django-18986,django/core/management/commands/inspectdb.py,1,Feature Request,2,4,0,ast,1,0,5,17,1,29,1,1,2,2,103,0,1,1,,642,0.05052752,0,,,entry point (lexical score 19.8),,0,0,0,0,0,0,6
django__django-18941,django/utils/html.py,1,Bug Report,32,9,0,ast,1,0,1,1,1,1,1,1,1,1,1,1,1,1,,643,0.05921015,0,,0,entry point (lexical score 155.7),entry point (lexical score 98.9),0,0,0,0,0,0,40
django__django-18925,django/core/validators.py,1,Bug Report,19,6,0,ast,1,0,1,1,1,1,1,1,1,1,1,1,1,1,,641,0.05793857,0,,0,entry point (lexical score 153.9),entry point (lexical score 146.6),0,0,0,0,0,0,25
django__django-18911,django/db/backends/postgresql/schema.py,1,Bug Report,2,4,0,ast,1,0,26,15,29,146,29,29,27,27,128,0,0,1,21,640,0.0061474,1,,,strong text match (lexical score 176.9),,1,inf,1,inf,inf,inf,6
django__django-18906,django/forms/forms.py,1,Bug Report,5,8,0,ast,1,0,2,2,2,2,2,2,2,2,2,1,1,1,,640,0.04906065,0,,0,entry point (lexical score 346.8),entry point (lexical score 444.5),0,0,0,0,0,0,13
django__django-18905,django/forms/utils.py,1,Bug Report,14,7,0,ast,1,0,1,4,1,14,1,1,1,1,1,0,1,1,,640,0.06173769,0,1,0,entry point (lexical score 246.0),dependency at distance 1 from an entry point,0,0,0,0,0,0,21
django__django-18888,django/core/management/commands/makemessages.py,1,Bug Report,2,11,0,ast,1,0,2,1,1,1,1,1,2,2,2,1,1,1,,640,0.04278849,0,,0,entry point (lexical score 77.9),entry point (lexical score 89.8),0,0,0,0,0,0,13
django__django-18854,django/contrib/postgres/fields/array.py,2,Feature Request,4,12,0,ast,1,0,5,1,5,1,5,5,5,5,14,1,0,1,8,640,0.01136301,1,,1,strong text match (lexical score 56.1),entry point (lexical score 106.1),1,1,2,0,0,0,16
django__django-18854,django/contrib/postgres/fields/hstore.py,2,Feature Request,2,8,0,ast,1,0,2,19,4,34,4,4,3,3,2,0,1,1,,640,0.04345097,0,,0,entry point (lexical score 58.5),,0,0,0,0,0,0,10
django__django-18850,django/template/loader_tags.py,1,Bug Report,3,3,0,ast,1,0,4,1,2,1,2,2,3,3,4,1,1,1,,640,0.051187,0,,0,entry point (lexical score 157.3),entry point (lexical score 227.1),0,0,0,0,0,0,6
django__django-18846,django/core/management/commands/sqlmigrate.py,1,Bug Report,0,6,0,ast,1,0,2,5,2,95,2,2,2,2,2,0,1,1,,639,0.04250133,0,,0,entry point (lexical score 41.9),,0,0,0,0,0,0,6
django__django-18820,django/forms/formsets.py,1,Feature Request,8,8,0,ast,1,0,1,1,1,1,1,1,1,1,1,1,1,1,,639,0.04493026,0,,0,entry point (lexical score 245.0),entry point (lexical score 407.8),0,0,0,0,0,0,16
django__django-18796,django/contrib/admin/sites.py,1,Bug Report,12,32,0,ast,1,0,4,15,6,121,6,6,5,5,4,0,0,1,13,639,0.00595905,1,,0,strong text match (lexical score 34.8),,1,2,1,0,0,0,43
django__django-18795,django/db/models/fields/__init__.py,1,Bug Report,19,23,1,ast,1,0,2,16,2,26,2,2,2,2,2,0,1,1,,639,0.05134398,0,2,0,entry point (lexical score 73.3),dependency at distance 2 from an entry point,0,0,0,0,0,0,40
django__django-18785,django/template/base.py,1,Bug Report,57,10,0,ast,1,0,4,14,2,15,2,2,3,3,4,0,1,1,,639,0.06999518,0,1,0,entry point (lexical score 61.8),dependency at distance 1 from an entry point,0,0,0,0,0,0,66
django__django-18752,django/db/migrations/questioner.py,1,Feature Request,4,7,0,ast,1,0,1,1,1,1,1,1,1,1,1,1,1,1,,641,0.08122969,0,,0,entry point (lexical score 403.2),entry point (lexical score 263.1),0,0,0,0,0,0,11
django__django-18653,django/template/base.py,1,Feature Request,57,10,0,ast,1,0,1,2,1,2,1,1,1,1,1,1,1,1,,638,0.14513222,0,,0,entry point (lexical score 68.2),entry point (lexical score 76.7),0,0,0,0,0,0,66
django__django-18508,django/db/migrations/operations/models.py,1,Performance Issue,4,7,0,ast,1,0,1,1,1,1,1,1,1,1,1,1,1,1,,639,0.06493654,0,,0,entry point (lexical score 36.0),entry point (lexical score 68.2),0,0,0,0,0,0,10
django__django-18470,django/contrib/staticfiles/storage.py,1,Feature Request,9,7,0,ast,1,0,1,1,1,1,1,1,1,1,1,1,1,1,,641,0.09423499,0,,0,entry point (lexical score 401.7),entry point (lexical score 356.9),0,0,0,0,0,0,16
django__django-18105,django/contrib/auth/management/__init__.py,1,Performance Issue,4,8,1,ast,1,0,2,2,2,2,2,2,2,2,2,1,1,1,,637,0.04123108,0,,0,entry point (lexical score 60.4),entry point (lexical score 73.9),0,0,0,0,0,0,12
django__django-18104,django/db/models/options.py,1,Performance Issue,6,15,0,ast,1,0,2,16,2,37,2,2,2,2,2,0,1,1,,637,0.04437464,0,2,0,entry point (lexical score 54.1),dependency at distance 2 from an entry point,0,0,0,0,0,0,21
django__django-18059,django/utils/log.py,1,Performance Issue,8,4,0,ast,1,0,1,1,1,1,1,1,1,1,1,1,1,1,,638,0.05314885,0,,0,entry point (lexical score 106.2),entry point (lexical score 117.6),0,0,0,0,0,0,12
django__django-17984,django/db/models/fields/related_descriptors.py,1,Performance Issue,1,17,0,ast,1,0,2,2,2,66,2,2,2,2,2,0,1,1,,637,0.04966908,0,,0,entry point (lexical score 109.1),,0,0,0,0,0,0,18
django__django-17904,django/urls/resolvers.py,1,Performance Issue,13,16,0,ast,1,0,1,1,1,1,1,1,1,1,1,1,1,1,,637,0.04804193,0,,0,entry point (lexical score 188.0),entry point (lexical score 289.0),0,0,0,0,0,0,28
django__django-17885,django/contrib/admin/options.py,1,Performance Issue,20,39,0,ast,1,0,2,14,3,18,3,3,2,2,2,0,1,1,,639,0.06239687,0,2,0,entry point (lexical score 32.5),dependency at distance 2 from an entry point,0,0,0,0,0,0,55
django__django-17874,django/db/models/options.py,1,Performance Issue,6,15,0,ast,1,0,1,7,1,85,1,1,1,1,1,0,1,1,,637,0.04300088,0,2,0,entry point (lexical score 49.9),dependency at distance 2 from an entry point,0,0,0,0,0,0,21
roboflow__supervision-1739,supervision/detection/utils.py,1,Feature Request,24,2,0,ast,1,0,1,2,1,2,1,1,1,1,1,1,1,1,,71,0.06872777,0,,0,entry point (lexical score 60.4),entry point (lexical score 68.8),0,0,0,0,0,0,26
roboflow__supervision-1698,supervision/detection/core.py,1,Bug Report,33,8,0,ast,1,0,1,6,1,5,1,1,1,1,1,0,1,1,,71,0.13358446,0,1,0,entry point (lexical score 61.8),dependency at distance 1 from an entry point,0,0,0,0,0,0,41
UKPLab__sentence-transformers-3104,sentence_transformers/cross_encoder/CrossEncoder.py,1,Bug Report,18,4,0,ast,1,0,2,1,2,1,2,2,2,2,2,1,1,1,,193,0.09206137,0,,0,entry point (lexical score 36.3),entry point (lexical score 65.5),0,0,0,0,0,0,21
UKPLab__sentence-transformers-3035,sentence_transformers/trainer.py,1,Bug Report,34,10,0,ast,1,0,1,1,1,1,1,1,1,1,1,1,1,1,,191,0.06749371,0,,0,entry point (lexical score 157.5),entry point (lexical score 176.4),0,0,0,0,0,0,43
py-pdf__pypdf-2964,pypdf/_writer.py,1,Bug Report,15,19,0,ast,1,0,1,2,1,2,1,1,1,1,1,1,1,1,,49,0.08671261,0,,0,entry point (lexical score 79.8),entry point (lexical score 76.7),0,0,0,0,0,0,34
py-pdf__pypdf-2934,pypdf/_cmap.py,1,Bug Report,3,6,0,ast,1,0,3,1,2,1,2,2,3,3,3,1,1,1,,49,0.06263941,0,,0,entry point (lexical score 356.7),entry point (lexical score 559.6),0,0,0,0,0,0,9
py-pdf__pypdf-2656,pypdf/_doc_common.py,1,Performance Issue,3,14,0,ast,1,0,1,4,1,8,1,1,1,1,1,0,1,1,,47,0.08222072,0,1,0,entry point (lexical score 243.8),dependency at distance 1 from an entry point,0,0,0,0,0,0,17
py-pdf__pypdf-2644,pypdf/filters.py,1,Performance Issue,4,7,0,ast,1,0,10,6,8,13,19,19,11,9,23,0,0,0,15,47,0.0139701,1,1,2,graph neighbour of the entry points (PPR 0.014),dependency at distance 1 from an entry point,1,2,1,0,0,0,9
huggingface__trl-2450,trl/trainer/utils.py,1,Bug Report,50,2,0,ast,1,0,1,3,1,3,1,1,1,1,1,1,1,1,,87,0.13360627,0,,0,entry point (lexical score 146.6),entry point (lexical score 158.5),0,0,0,0,0,0,52
huggingface__trl-2398,trl/models/modeling_value_head.py,1,Bug Report,12,1,0,ast,1,0,3,1,2,1,2,2,3,3,3,1,1,1,,85,0.05186264,0,,0,entry point (lexical score 70.7),entry point (lexical score 222.2),0,0,0,0,0,0,13
rq__rq-2138,rq/job.py,1,Bug Report,28,12,0,ast,1,0,2,1,2,1,2,2,2,2,2,1,1,1,,30,0.14811351,0,,0,entry point (lexical score 13.3),entry point (lexical score 25.2),0,0,0,0,0,0,34
cython__cython-6508,Cython/Compiler/FusedNode.py,1,Bug Report,2,15,0,ast,1,0,9,2,7,2,7,7,8,8,41,1,0,1,21,197,0.00790798,1,,2,strong text match (lexical score 86.1),entry point (lexical score 80.9),1,2,1,0,0,0,16
tobymao__sqlglot-4524,sqlglot/optimizer/qualify_columns.py,1,Bug Report,5,9,0,ast,1,0,6,1,5,1,5,5,6,6,50,1,0,1,23,69,0.00700814,1,,,strong text match (lexical score 82.6),entry point (lexical score 161.9),2,3,2,0,0,0,14
tobymao__sqlglot-4523,sqlglot/dialects/tsql.py,1,Bug Report,2,10,0,ast,1,0,1,5,1,25,1,1,1,1,1,0,1,1,,69,0.0574896,0,2,0,entry point (lexical score 75.6),dependency at distance 2 from an entry point,0,0,0,0,0,0,11
tobymao__sqlglot-4519,sqlglot/parser.py,1,Bug Report,24,10,0,ast,1,0,7,5,5,18,5,5,6,6,17,0,0,1,4,69,0.0267717,1,1,1,strong text match (lexical score 50.7),dependency at distance 1 from an entry point,1,1,1,0,0,0,32
tobymao__sqlglot-4515,sqlglot/optimizer/qualify_columns.py,1,Bug Report,5,9,0,ast,1,0,1,1,1,1,1,1,1,1,1,1,1,1,,69,0.04787121,0,,0,entry point (lexical score 78.1),entry point (lexical score 167.5),0,0,0,0,0,0,14
tobymao__sqlglot-4480,sqlglot/generator.py,1,Bug Report,21,13,0,ast,1,0,3,24,2,16,2,2,2,2,3,0,1,1,,69,0.05740777,0,1,0,entry point (lexical score 51.5),dependency at distance 1 from an entry point,0,0,0,0,0,0,30
tobymao__sqlglot-4434,sqlglot/dialects/snowflake.py,4,Feature Request,2,9,0,ast,1,0,1,4,1,4,1,1,1,1,1,1,1,1,,69,0.06156758,0,,0,entry point (lexical score 116.9),entry point (lexical score 66.5),0,0,0,0,0,0,11
tobymao__sqlglot-4434,sqlglot/expressions.py,4,Feature Request,18,9,0,ast,1,0,2,2,2,2,2,2,2,2,2,1,1,1,,69,0.05380826,0,,0,entry point (lexical score 111.2),entry point (lexical score 79.1),0,0,0,0,0,0,24
tobymao__sqlglot-4434,sqlglot/generator.py,4,Feature Request,21,13,0,ast,1,0,4,13,4,9,4,4,4,4,4,0,1,1,,69,0.05547824,0,,0,entry point (lexical score 82.4),central member of subsystem /subsystems/dialect.md,0,0,0,0,0,0,30
tobymao__sqlglot-4434,sqlglot/parser.py,4,Feature Request,24,10,0,ast,1,0,3,3,3,3,3,3,3,3,3,1,1,1,,69,0.06171762,0,,0,entry point (lexical score 98.0),entry point (lexical score 70.0),0,0,0,0,0,0,32
tobymao__sqlglot-4415,sqlglot/parser.py,1,Bug Report,24,10,0,ast,1,0,5,24,6,20,6,6,5,5,16,0,0,1,4,69,0.02438246,1,2,1,strong text match (lexical score 54.1),dependency at distance 2 from an entry point,1,1,1,0,0,0,32
tobymao__sqlglot-4390,sqlglot/parser.py,1,Bug Report,24,10,0,ast,1,0,2,4,2,15,2,2,2,2,2,0,1,1,,70,0.06270239,0,1,0,entry point (lexical score 21.1),dependency at distance 1 from an entry point,0,0,0,0,0,0,32
tobymao__sqlglot-4366,sqlglot/dialects/duckdb.py,1,Bug Report,2,9,0,ast,1,0,5,6,5,26,5,5,5,5,30,0,0,1,8,70,0.01749265,1,,2,strong text match (lexical score 35.0),,1,2,1,0,0,0,11
tobymao__sqlglot-3901,sqlglot/parser.py,1,Performance Issue,23,10,0,ast,1,0,5,7,5,11,5,5,5,5,13,0,0,1,4,70,0.02335827,1,1,1,strong text match (lexical score 169.6),dependency at distance 1 from an entry point,1,1,1,0,0,0,31
tobymao__sqlglot-3436,sqlglot/parser.py,1,Feature Request,23,10,0,ast,1,0,1,1,1,1,1,1,1,1,1,1,1,1,,80,0.06059305,0,,0,entry point (lexical score 68.1),entry point (lexical score 70.4),0,0,0,0,0,0,31
tobymao__sqlglot-3417,sqlglot/parser.py,1,Feature Request,23,10,0,ast,1,0,3,6,2,27,2,2,3,3,3,0,1,1,,80,0.06258281,0,,0,entry point (lexical score 74.4),,0,0,0,0,0,0,31
tobymao__sqlglot-3167,sqlglot/dialects/snowflake.py,1,Feature Request,2,9,0,ast,1,0,1,1,1,1,1,1,1,1,1,1,1,1,,80,0.05916324,0,,0,entry point (lexical score 75.3),entry point (lexical score 95.5),0,0,0,0,0,0,11
sphinx-doc__sphinx-12206,sphinx/builders/linkcheck.py,1,Performance Issue,1,13,0,ast,1,0,1,1,1,1,1,1,1,1,1,1,1,1,,175,0.04730686,0,,0,entry point (lexical score 112.6),entry point (lexical score 158.0),0,0,0,0,0,0,14
prowler-cloud__prowler-6128,prowler/providers/aws/services/iam/iam_rotate_access_key_90_days/iam_rotate_access_key_90_days.py,1,Bug Report,1,2,0,ast,1,0,3,2,7,2,7,7,3,3,3,1,0,1,440,1309,0.00011426,0,,0,strong text match (lexical score 62.6),entry point (lexical score 105.6),2,inf,5,0,0,0,3
prowler-cloud__prowler-6119,prowler/providers/aws/services/wafv2/wafv2_service.py,1,Bug Report,7,3,0,ast,1,0,1,1,1,1,1,1,1,1,1,1,1,1,,1313,0.04362448,0,,0,entry point (lexical score 72.2),entry point (lexical score 132.7),0,0,0,0,0,0,10
prowler-cloud__prowler-6108,prowler/providers/aws/services/firehose/firehose_stream_encrypted_at_rest/firehose_stream_encrypted_at_rest.py,1,Bug Report,1,3,0,ast,1,0,1,1,1,1,1,1,1,1,1,1,1,1,,1309,0.08220408,0,,0,entry point (lexical score 42.6),entry point (lexical score 94.9),0,0,0,0,0,0,4
prowler-cloud__prowler-6004,prowler/providers/azure/services/app/app_minimum_tls_version_12/app_minimum_tls_version_12.py,1,Bug Report,1,2,0,ast,1,0,1,1,1,1,1,1,1,1,1,1,1,1,,1308,0.04917296,0,,0,entry point (lexical score 144.4),entry point (lexical score 278.9),0,0,0,0,0,0,3
prowler-cloud__prowler-5933,prowler/lib/check/checks_loader.py,1,Performance Issue,3,4,0,ast,1,0,5,350,11,15,34,34,8,5,22,0,0,0,189,1308,0.00020573,0,,,,,2,inf,inf,0,0,0,7
prowler-cloud__prowler-5930,prowler/lib/check/models.py,1,Bug Report,893,4,0,ast,1,0,226,75,62,8,36,36,83,102,227,0,0,0,6,1309,0.01468661,1,1,,graph neighbour of the entry points (PPR 0.015),dependency at distance 1 from an entry point,1,2,1,inf,inf,inf,897
networkx__networkx-7729,networkx/classes/coreviews.py,1,Bug Report,6,0,0,ast,1,0,33,14,34,50,34,34,33,33,8,0,0,1,5,368,0.0218237,1,,1,strong text match (lexical score 54.2),,1,1,inf,inf,inf,inf,6
networkx__networkx-7721,networkx/algorithms/approximation/traveling_salesman.py,1,Bug Report,2,3,0,ast,1,0,2,1,2,1,2,2,2,2,2,1,1,1,,368,0.0416935,0,,0,entry point (lexical score 109.3),entry point (lexical score 154.9),0,0,0,0,0,0,5
modin-project__modin-7189,modin/config/envvars.py,1,Feature Request,86,5,0,ast,1,0,1,2,1,2,1,1,1,1,1,1,1,1,,249,0.06338353,0,,0,entry point (lexical score 7.8),entry point (lexical score 7.0),0,0,0,0,0,0,88
modin-project__modin-7059,modin/pandas/dataframe.py,1,Feature Request,14,18,0,ast,1,0,1,23,1,21,1,1,1,1,1,0,1,1,,248,0.07149802,0,,0,entry point (lexical score 4.3),,0,0,0,0,0,0,25
modin-project__modin-7052,modin/pandas/base.py,1,Feature Request,4,18,0,ast,1,0,6,15,5,31,5,5,6,6,38,0,0,1,8,248,0.01602674,1,,1,strong text match (lexical score 6.1),,1,1,1,0,0,0,19
modin-project__modin-6995,modin/pandas/series.py,1,Feature Request,11,16,0,ast,1,0,17,6,7,12,7,7,10,10,19,0,0,1,8,248,0.0128804,1,,1,strong text match (lexical score 3.1),central member of subsystem /subsystems/utils.md,1,1,1,inf,inf,inf,20
modin-project__modin-6980,modin/core/dataframe/pandas/dataframe/dataframe.py,1,Performance Issue,11,20,0,ast,1,0,1,75,1,12,1,1,1,1,1,0,1,1,,244,0.07091615,0,1,0,entry point (lexical score 72.1),dependency at distance 1 from an entry point,0,0,0,0,0,0,27
modin-project__modin-6951,modin/pandas/groupby.py,1,Performance Issue,3,11,0,ast,1,0,46,101,43,90,53,53,51,43,60,0,0,0,41,246,0.00410224,0,2,,,dependency at distance 2 from an entry point,1,inf,1,inf,inf,inf,12
modin-project__modin-6912,modin/core/dataframe/pandas/partitioning/partition_manager.py,1,Feature Request,5,8,0,ast,1,0,4,24,4,16,4,4,4,4,4,0,1,1,,241,0.04727445,0,,0,entry point (lexical score 16.4),dependency of /files/modin/core/execution/unidist/generic/partitioning/partition_manager.py.md,0,0,0,0,0,0,13
ansible__ansible-84275,lib/ansible/modules/dnf5.py,1,Bug Report,0,4,0,ast,1,0,1,2,1,2,1,1,1,1,1,1,1,1,,393,0.08254768,0,,0,entry point (lexical score 312.4),entry point (lexical score 178.7),0,0,0,0,0,0,4
sympy__sympy-27325,sympy/core/basic.py,1,Feature Request,187,20,0,ast,1,0,15,70,13,21,13,13,14,14,33,0,0,1,45,813,0.00305791,0,,1,strong text match (lexical score 39.8),dependency of /files/sympy/functions/elementary/complexes.py.md,1,1,2,inf,inf,inf,195
sympy__sympy-27288,sympy/physics/wigner.py,1,Bug Report,3,16,0,ast,1,0,1,1,1,1,1,1,1,1,1,1,1,1,,816,0.15304966,0,,0,entry point (lexical score 472.9),entry point (lexical score 480.3),0,0,0,0,0,0,19
sympy__sympy-27287,sympy/core/sympify.py,1,Bug Report,281,9,0,ast,1,0,1,1,1,1,1,1,1,1,1,1,1,1,,813,0.05079614,0,,0,entry point (lexical score 50.9),entry point (lexical score 90.4),0,0,0,0,0,0,285
sympy__sympy-26358,sympy/integrals/heurisch.py,1,Performance Issue,4,33,0,ast,1,0,17,65,13,132,13,13,14,14,27,0,0,1,30,843,0.0041639,0,2,1,strong text match (lexical score 115.3),dependency at distance 2 from an entry point,1,1,1,inf,inf,inf,36
huggingface__transformers-34066,src/transformers/pipelines/text_classification.py,1,Feature Request,5,7,0,ast,1,0,5,1,6,1,6,6,5,5,52,1,0,1,43,2090,0.00147833,0,,1,strong text match (lexical score 39.8),entry point (lexical score 60.6),1,1,3,0,0,0,12
huggingface__transformers-32652,src/transformers/models/splinter/tokenization_splinter.py,1,Feature Request,3,2,0,ast,1,0,101,100,47,110,47,47,65,65,606,0,0,1,1440,2008,7.55e-05,0,,2,strong text match (lexical score 108.3),,2,2,2,inf,inf,inf,5
huggingface__transformers-32240,src/transformers/tokenization_utils.py,1,Performance Issue,172,5,0,ast,1,0,223,323,245,28,250,250,233,234,49,0,0,0,29,1993,0.0036837,0,2,2,,dependency at distance 2 from an entry point,2,2,3,inf,inf,inf,177
huggingface__transformers-31783,src/transformers/integrations/ggml.py,1,Feature Request,3,4,0,ast,1,0,1,1,1,1,1,1,1,1,1,1,1,1,,1992,0.08012196,0,,0,entry point (lexical score 396.8),entry point (lexical score 582.8),0,0,0,0,0,0,7
huggingface__transformers-31566,src/transformers/models/siglip/modeling_siglip.py,1,Feature Request,4,9,0,ast,1,0,3,1,3,1,3,3,3,3,3,1,1,1,,1954,0.05401617,0,,0,entry point (lexical score 36.2),entry point (lexical score 67.9),0,0,0,0,0,0,13
huggingface__transformers-29688,src/transformers/models/whisper/generation_whisper.py,1,Feature Request,1,6,0,ast,1,0,1,2,1,2,1,1,1,1,1,1,1,1,,1909,0.05541573,0,,0,entry point (lexical score 91.5),entry point (lexical score 126.8),0,0,0,0,0,0,7
huggingface__transformers-29511,src/transformers/modeling_utils.py,1,Feature Request,269,25,0,ast,1,0,4,128,4,24,4,4,4,4,4,0,1,1,,1846,0.04267238,0,,0,entry point (lexical score 61.2),,0,0,0,0,0,0,291
huggingface__transformers-28940,src/transformers/pipelines/base.py,1,Feature Request,36,16,0,ast,1,0,2,14,2,37,2,2,2,2,2,0,1,1,,1848,0.05004544,0,,0,entry point (lexical score 93.4),,0,0,0,0,0,0,52
iterative__dvc-10641,dvc/repo/experiments/remove.py,1,Bug Report,1,11,0,ast,1,0,5,17,5,109,5,5,5,5,113,0,0,1,10,241,0.01223958,1,2,2,strong text match (lexical score 57.1),dependency at distance 2 from an entry point,1,2,1,0,0,0,12
matplotlib__matplotlib-29133,lib/matplotlib/axes/_axes.py,1,Feature Request,17,30,0,ast,1,0,1,94,1,8,1,1,1,1,1,0,1,1,,747,0.05012138,0,,0,entry point (lexical score 61.5),central member of subsystem /subsystems/api.md,0,0,0,0,0,0,46
jax-ml__jax-25787,jax/_src/lax/linalg.py,1,Feature Request,13,20,0,ast,1,0,2,1,2,1,2,2,2,2,2,1,1,1,,460,0.0482115,0,,0,entry point (lexical score 146.4),entry point (lexical score 177.2),0,0,0,0,0,0,32
jax-ml__jax-25511,jax/_src/lax/control_flow/loops.py,1,Bug Report,6,35,0,ast,1,0,1,3,1,85,1,1,1,1,1,0,1,1,,455,0.04710241,0,2,0,entry point (lexical score 86.9),dependency at distance 2 from an entry point,0,0,0,0,0,0,40
jax-ml__jax-25239,jax/_src/numpy/lax_numpy.py,1,Bug Report,18,24,0,ast,1,0,1,2,1,96,1,1,1,1,1,0,1,1,,453,0.05444362,0,2,0,entry point (lexical score 85.2),dependency at distance 2 from an entry point,0,0,0,0,0,0,40
jax-ml__jax-24823,jax/_src/lax/lax.py,1,Bug Report,80,31,0,ast,1,0,24,38,18,13,18,18,20,20,7,0,0,1,5,449,0.02032759,1,1,1,strong text match (lexical score 564.6),dependency at distance 1 from an entry point,1,1,1,inf,inf,inf,107
jax-ml__jax-24814,jax/_src/numpy/lax_numpy.py,1,Bug Report,19,24,0,ast,1,0,1,20,1,41,1,1,1,1,1,0,1,1,,448,0.05568426,0,2,0,entry point (lexical score 91.5),dependency at distance 2 from an entry point,0,0,0,0,0,0,41
jax-ml__jax-24492,jax/_src/numpy/util.py,1,Feature Request,56,7,0,ast,1,0,4,1,4,1,4,4,4,4,4,1,1,1,,445,0.04639022,0,,0,entry point (lexical score 88.8),entry point (lexical score 130.8),0,0,0,0,0,0,63
jax-ml__jax-23020,jax/_src/numpy/setops.py,1,Feature Request,2,12,0,ast,1,0,1,2,1,2,1,1,1,1,1,1,1,1,,424,0.04788516,0,,0,entry point (lexical score 63.9),entry point (lexical score 61.8),0,0,0,0,0,0,14
jax-ml__jax-22897,jax/_src/numpy/lax_numpy.py,1,Feature Request,21,24,0,ast,1,0,1,1,1,1,1,1,1,1,1,1,1,1,,422,0.06701132,0,,0,entry point (lexical score 102.8),entry point (lexical score 143.5),0,0,0,0,0,0,43
jax-ml__jax-22049,jax/experimental/shard_map.py,1,Feature Request,13,40,0,ast,1,0,6,2,7,2,7,7,7,7,27,1,0,1,23,431,0.00672007,1,,1,strong text match (lexical score 55.4),entry point (lexical score 73.4),1,1,1,0,0,0,51
jax-ml__jax-20862,jax/_src/numpy/lax_numpy.py,1,Performance Issue,21,24,0,ast,1,0,6,14,6,32,6,6,6,6,82,0,0,1,20,422,0.00618498,1,1,2,strong text match (lexical score 83.2),dependency at distance 1 from an entry point,1,2,1,0,0,0,43
jax-ml__jax-19909,jax/_src/custom_derivatives.py,1,Feature Request,14,19,0,ast,1,0,1,10,1,48,1,1,1,1,1,0,1,1,,407,0.04354345,0,,0,entry point (lexical score 517.8),,0,0,0,0,0,0,33
jax-ml__jax-19710,jax/experimental/shard_map.py,1,Feature Request,11,40,0,ast,1,0,1,2,1,2,1,1,1,1,1,1,1,1,,408,0.04930796,0,,0,entry point (lexical score 121.6),entry point (lexical score 140.1),0,0,0,0,0,0,49
jax-ml__jax-19601,jax/experimental/shard_map.py,1,Feature Request,11,40,0,ast,1,0,1,3,1,3,1,1,1,1,1,1,1,1,,406,0.05088143,0,,0,entry point (lexical score 112.1),entry point (lexical score 119.4),0,0,0,0,0,0,49
mlflow__mlflow-13888,mlflow/tracking/fluent.py,1,Bug Report,24,36,0,ast,1,0,1,6,2,80,2,2,1,1,1,0,1,1,,700,0.0451673,0,2,0,entry point (lexical score 360.8),dependency at distance 2 from an entry point,0,0,0,0,0,0,58
mlflow__mlflow-13802,mlflow/openai/_openai_autolog.py,1,Bug Report,1,14,0,ast,1,0,87,36,77,19,77,77,83,83,170,0,0,1,22,695,0.00510578,1,1,,strong text match (lexical score 194.0),dependency at distance 1 from an entry point,1,1,2,inf,inf,inf,15
mlflow__mlflow-10923,mlflow/store/artifact/local_artifact_repo.py,1,Security Vulnerability,7,2,0,ast,1,0,134,177,145,166,149,147,149,139,160,0,0,0,250,543,0.00052135,0,,,,,2,3,2,inf,inf,inf,9
sqlfluff__sqlfluff-6554,src/sqlfluff/rules/references/RF01.py,1,Feature Request,1,10,0,ast,1,0,1,1,1,1,1,1,1,1,1,1,1,1,,241,0.0518459,0,,0,entry point (lexical score 280.3),entry point (lexical score 307.0),0,0,0,0,0,0,11
sqlfluff__sqlfluff-6444,src/sqlfluff/utils/analysis/select.py,1,Bug Report,7,5,0,ast,1,0,33,23,33,83,33,33,34,34,80,0,0,1,158,235,0.00040819,0,,,strong text match (lexical score 63.9),,3,inf,4,inf,inf,inf,12
sqlfluff__sqlfluff-6391,src/sqlfluff/core/helpers/string.py,1,Feature Request,7,0,0,ast,1,0,148,119,135,22,152,150,152,142,49,0,0,0,66,230,0.00295825,0,,2,,dependency of /files/src/sqlfluff/core/config/fluffconfig.py.md,1,1,inf,inf,inf,inf,7
sqlfluff__sqlfluff-6312,src/sqlfluff/cli/commands.py,1,Feature Request,8,15,0,ast,1,0,1,2,1,2,1,1,1,1,1,1,1,1,,231,0.12349534,0,,0,entry point (lexical score 77.8),entry point (lexical score 52.7),0,0,0,0,0,0,23
sqlfluff__sqlfluff-5805,src/sqlfluff/cli/commands.py,1,Feature Request,8,14,0,ast,1,0,1,1,1,1,1,1,1,1,1,1,1,1,,219,0.10610607,0,,0,entry point (lexical score 67.6),entry point (lexical score 83.7),0,0,0,0,0,0,22
ranaroussi__yfinance-2139,yfinance/scrapers/history.py,1,Bug Report,1,4,0,ast,1,0,1,4,1,3,1,1,1,1,1,0,1,1,,29,0.14902509,0,,0,entry point (lexical score 151.0),,0,0,0,0,0,0,5
huggingface__diffusers-10189,src/diffusers/pipelines/pipeline_utils.py,1,Feature Request,306,18,0,ast,1,0,11,289,3,34,3,3,7,7,24,0,1,1,,813,0.04999312,0,,1,entry point (lexical score 251.3),,0,0,0,inf,inf,inf,321
huggingface__diffusers-9659,src/diffusers/pipelines/stable_diffusion_3/pipeline_stable_diffusion_3_img2img.py,1,Feature Request,5,18,0,ast,1,0,133,36,124,156,124,124,131,131,214,0,0,1,311,727,0.00046156,0,,2,strong text match (lexical score 30.4),,2,2,inf,inf,inf,inf,23
scrapy__scrapy-6542,scrapy/contracts/__init__.py,1,Bug Report,3,7,1,ast,1,0,3,5,3,5,3,3,3,3,3,0,1,1,,157,0.04971535,0,1,0,entry point (lexical score 33.1),dependency at distance 1 from an entry point,0,0,0,0,0,0,10
instructor-ai__instructor-1254,instructor/retry.py,1,Bug Report,2,7,0,ast,1,0,3,15,3,8,3,3,3,3,3,0,1,1,,139,0.06498257,0,1,0,entry point (lexical score 95.9),dependency at distance 1 from an entry point,0,0,0,0,0,0,9
prowler-cloud__prowler-6157,prowler/providers/aws/services/rds/rds_instance_no_public_access/rds_instance_no_public_access.py,1,Bug Report,1,5,0,ast,1,0,1,8,2,20,2,2,1,1,1,0,1,1,,1313,0.03900439,0,,0,entry point (lexical score 50.5),,0,0,0,0,0,0,6
prowler-cloud__prowler-5961,prowler/providers/aws/services/rds/rds_service.py,1,Bug Report,38,3,0,ast,1,0,2,70,1,7,1,1,1,1,2,0,1,1,,1308,0.04992677,0,,0,entry point (lexical score 40.7),,0,0,0,0,0,0,41
prowler-cloud__prowler-5856,prowler/providers/aws/services/ec2/lib/instance.py,1,Bug Report,18,2,0,ast,1,0,405,2256,352,408,409,409,409,386,423,0,0,0,260,1289,0.00025301,0,,,,,3,inf,inf,inf,inf,inf,20
prowler-cloud__prowler-5814,prowler/providers/kubernetes/services/core/core_seccomp_profile_docker_default/core_seccomp_profile_docker_default.py,1,Bug Report,0,2,0,ast,1,0,1,1,1,1,1,1,1,1,1,1,1,1,,1287,0.13360668,0,,0,entry point (lexical score 226.5),entry point (lexical score 324.9),0,0,0,0,0,0,2
prowler-cloud__prowler-5811,prowler/providers/aws/services/wafv2/wafv2_service.py,1,Bug Report,7,3,0,ast,1,0,2,10,1,6,1,1,2,2,2,0,1,1,,1283,0.03967844,0,,0,entry point (lexical score 160.7),,0,0,0,0,0,0,10
prowler-cloud__prowler-5653,prowler/providers/common/provider.py,1,Bug Report,141,3,0,ast,1,0,17,51,8,5,8,8,10,10,20,0,0,1,13,1272,0.00708117,1,1,1,strong text match (lexical score 155.2),dependency at distance 1 from an entry point,1,1,3,inf,inf,inf,144
vllm-project__vllm-11138,vllm/executor/ray_utils.py,1,Feature Request,13,7,0,ast,1,0,1,1,1,1,1,1,1,1,1,1,1,1,,548,0.07092117,0,,0,entry point (lexical score 95.2),entry point (lexical score 150.3),0,0,0,0,0,0,19
vllm-project__vllm-11073,vllm/entrypoints/openai/serving_completion.py,1,Bug Report,1,11,0,ast,1,0,36,38,23,115,21,21,24,28,13,0,0,0,8,548,0.00805828,1,,1,graph neighbour of the entry points (PPR 0.008),,1,1,1,inf,inf,inf,12
vllm-project__vllm-10903,vllm/v1/worker/gpu_model_runner.py,1,Bug Report,1,15,0,ast,1,0,78,23,74,98,90,90,90,76,103,0,0,0,115,539,0.0011419,0,,,,,3,6,inf,inf,inf,inf,16
vllm-project__vllm-10809,vllm/engine/metrics.py,1,Performance Issue,2,4,0,ast,1,0,1,1,1,1,1,1,1,1,1,1,1,1,,527,0.05138091,0,,0,entry point (lexical score 64.2),entry point (lexical score 84.9),0,0,0,0,0,0,6
vllm-project__vllm-10778,vllm/model_executor/models/idefics3.py,1,Bug Report,1,25,0,ast,1,0,203,349,175,247,206,206,206,189,247,0,0,0,149,527,0.00122836,0,,,,,1,inf,1,inf,inf,inf,26
vllm-project__vllm-10620,vllm/plugins/__init__.py,1,Performance Issue,13,2,1,ast,1,0,34,69,29,51,53,53,40,32,70,0,0,0,168,522,0.00075722,0,,,,,2,3,inf,inf,inf,inf,15
vllm-project__vllm-10536,vllm/model_executor/models/qwen2_audio.py,1,Bug Report,0,18,0,ast,1,0,167,70,156,192,171,171,171,163,216,0,0,0,167,520,0.00070071,0,,,,,3,inf,inf,inf,inf,inf,18
vllm-project__vllm-10398,vllm/entrypoints/openai/tool_parsers/hermes_tool_parser.py,1,Bug Report,1,6,0,ast,1,0,1,1,1,1,1,1,1,1,1,1,1,1,,514,0.06395984,0,,0,entry point (lexical score 8472.5),entry point (lexical score 15091.0),0,0,0,0,0,0,7
vllm-project__vllm-10347,vllm/model_executor/models/falcon.py,1,Bug Report,0,21,0,ast,1,0,33,11,22,117,22,22,26,28,57,0,0,1,83,515,0.00201433,0,,,strong text match (lexical score 263.1),,1,inf,1,inf,inf,inf,21
vllm-project__vllm-10076,vllm/entrypoints/openai/serving_engine.py,1,Bug Report,10,19,0,ast,1,0,22,9,17,62,20,20,18,20,20,0,0,0,19,497,0.00477195,1,,1,graph neighbour of the entry points (PPR 0.005),,3,inf,inf,inf,inf,inf,29
vllm-project__vllm-10012,vllm/entrypoints/openai/api_server.py,1,Bug Report,3,22,0,ast,1,0,1,9,1,88,1,1,1,1,1,0,1,1,,485,0.05805722,0,,0,entry point (lexical score 158.3),,0,0,0,0,0,0,25
vllm-project__vllm-9974,vllm/platforms/openvino.py,1,Bug Report,1,3,0,ast,1,0,6,1,3,1,3,3,4,4,21,1,1,1,,485,0.05337656,0,,1,entry point (lexical score 73.0),entry point (lexical score 147.8),0,0,0,0,0,0,4
UKPLab__sentence-transformers-3126,sentence_transformers/cross_encoder/CrossEncoder.py,1,Bug Report,18,4,0,ast,1,0,1,1,1,1,1,1,1,1,1,1,1,1,,193,0.07835989,0,,0,entry point (lexical score 83.9),entry point (lexical score 85.3),0,0,0,0,0,0,21
UKPLab__sentence-transformers-3122,sentence_transformers/evaluation/NanoBEIREvaluator.py,1,Bug Report,2,5,0,ast,1,0,1,1,1,1,1,1,1,1,1,1,1,1,,194,0.06615631,0,,0,entry point (lexical score 172.7),entry point (lexical score 232.3),0,0,0,0,0,0,7
UKPLab__sentence-transformers-3110,sentence_transformers/SentenceTransformer.py,1,Bug Report,147,11,0,ast,1,0,1,31,1,6,1,1,1,1,1,0,1,1,,195,0.11680256,0,1,0,entry point (lexical score 60.2),dependency at distance 1 from an entry point,0,0,0,0,0,0,153
UKPLab__sentence-transformers-3096,sentence_transformers/evaluation/SentenceEvaluator.py,1,Bug Report,18,1,0,ast,1,0,123,28,122,7,7,7,35,123,6,0,0,0,6,196,0.03079125,1,1,1,graph neighbour of the entry points (PPR 0.031),dependency at distance 1 from an entry point,1,1,inf,inf,inf,inf,18
UKPLab__sentence-transformers-3076,sentence_transformers/evaluation/BinaryClassificationEvaluator.py,1,Bug Report,6,4,0,ast,1,0,1,1,1,1,1,1,1,1,1,1,1,1,,193,0.06330252,0,,0,entry point (lexical score 96.5),entry point (lexical score 93.8),0,0,0,0,0,0,10
UKPLab__sentence-transformers-3073,sentence_transformers/sampler.py,1,Bug Report,4,1,0,ast,1,0,1,1,1,1,1,1,1,1,1,1,1,1,,193,0.04135569,0,,0,entry point (lexical score 45.2),entry point (lexical score 92.1),0,0,0,0,0,0,5
Chainlit__chainlit-1534,backend/chainlit/data/__init__.py,1,Performance Issue,14,4,1,ast,1,0,1,1,1,1,1,1,1,1,1,1,1,1,,91,0.05991966,0,,0,entry point (lexical score 145.3),entry point (lexical score 182.7),0,0,0,0,0,0,18
Zulko__moviepy-2253,moviepy/video/io/ffmpeg_reader.py,1,Bug Report,4,2,0,ast,1,0,1,2,1,2,1,1,1,1,1,1,1,1,,106,0.07229612,0,,0,entry point (lexical score 94.8),entry point (lexical score 74.9),0,0,0,0,0,0,6
yt-dlp__yt-dlp-11827,yt_dlp/update.py,1,Bug Report,5,5,0,ast,1,0,2,3,2,3,2,2,2,2,2,1,1,1,,1095,0.05965562,0,,0,entry point (lexical score 1762.2),entry point (lexical score 1136.4),0,0,0,0,0,0,10
yt-dlp__yt-dlp-11821,yt_dlp/extractor/youtube.py,1,Bug Report,32,5,0,ast,1,0,7,7,5,46,29,29,10,6,43,0,0,0,53,1095,0.00162439,0,,,,,2,3,2,0,0,0,37
yt-dlp__yt-dlp-11819,yt_dlp/update.py,1,Bug Report,5,5,0,ast,1,0,2,2,1,2,1,1,2,2,2,1,1,1,,1094,0.04885557,0,,0,entry point (lexical score 427.8),entry point (lexical score 223.4),0,0,0,0,0,0,10
yt-dlp__yt-dlp-11818,yt_dlp/extractor/youtube.py,1,Bug Report,32,5,0,ast,1,0,3,5,4,70,4,4,3,3,3,0,1,1,,1094,0.04560101,0,,0,entry point (lexical score 257.6),,0,0,0,0,0,0,37
yt-dlp__yt-dlp-11782,yt_dlp/extractor/youtube.py,1,Bug Report,32,5,0,ast,1,0,3,1,2,1,2,2,3,3,3,1,1,1,,1094,0.04581118,0,,0,entry point (lexical score 290.3),entry point (lexical score 378.2),0,0,0,0,0,0,37
yt-dlp__yt-dlp-11734,yt_dlp/extractor/bilibili.py,1,Feature Request,1,4,0,ast,1,0,2,2,1,2,1,1,2,2,2,1,1,1,,1094,0.03946346,0,,0,entry point (lexical score 234.9),entry point (lexical score 258.3),0,0,0,0,0,0,5
yt-dlp__yt-dlp-11711,yt_dlp/extractor/bilibili.py,1,Bug Report,1,4,0,ast,1,0,56,6,9,71,66,66,63,23,81,0,0,0,70,1094,0.0009894,0,,,,,2,3,2,inf,inf,inf,5
yt-dlp__yt-dlp-11683,yt_dlp/extractor/mitele.py,1,Bug Report,1,2,0,ast,1,0,92,18,20,103,98,98,98,36,101,0,0,0,490,1094,0.00012798,0,,,,,2,5,2,inf,inf,inf,3
yt-dlp__yt-dlp-11667,yt_dlp/extractor/bilibili.py,1,Bug Report,1,4,0,ast,1,0,51,2,10,2,63,63,60,23,79,1,0,0,68,1094,0.00101927,0,,,,entry point (lexical score 199.9),2,3,2,inf,inf,inf,5
yt-dlp__yt-dlp-11645,yt_dlp/extractor/tiktok.py,1,Bug Report,1,4,0,ast,1,0,13,21,8,34,31,31,18,10,71,0,0,0,84,1094,0.00068306,0,,,,,2,3,2,inf,inf,inf,5
yt-dlp__yt-dlp-11644,yt_dlp/extractor/dacast.py,1,Bug Report,1,3,0,ast,1,0,95,7,25,104,102,102,102,33,107,0,0,0,312,1094,0.00020424,0,,,,,2,3,2,inf,inf,inf,4
yt-dlp__yt-dlp-11636,yt_dlp/extractor/dropbox.py,1,Bug Report,1,2,0,ast,1,0,81,17,19,92,90,90,90,32,113,0,0,0,545,1097,2.519e-05,0,,,,,4,inf,inf,inf,inf,inf,3
yt-dlp__yt-dlp-11624,yt_dlp/extractor/chaturbate.py,1,Feature Request,1,2,0,ast,1,0,97,8,35,103,105,105,105,51,126,0,0,0,533,1097,2.456e-05,0,,,,,4,inf,inf,inf,inf,inf,3
yt-dlp__yt-dlp-11615,yt_dlp/extractor/youtube.py,1,Bug Report,32,5,0,ast,1,0,2,1,2,1,2,2,2,2,2,1,1,1,,1094,0.0456038,0,,0,entry point (lexical score 387.5),entry point (lexical score 319.0),0,0,0,0,0,0,37
yt-dlp__yt-dlp-11596,yt_dlp/extractor/stripchat.py,1,Bug Report,1,2,0,ast,1,0,103,9,30,111,109,109,109,44,112,0,0,0,528,1094,0.00012218,0,,,,,2,3,2,inf,inf,inf,3
yt-dlp__yt-dlp-11555,yt_dlp/extractor/chaturbate.py,1,Feature Request,1,2,0,ast,1,0,60,64,22,69,81,76,71,34,86,0,0,0,536,1094,0.00016647,0,,,,,1,6,1,inf,inf,inf,3
yt-dlp__yt-dlp-11542,yt_dlp/extractor/spankbang.py,1,Bug Report,1,2,0,ast,1,0,141,21,83,146,145,145,145,106,147,0,0,0,475,1094,0.00013977,0,,,,,2,3,2,inf,inf,inf,3
yt-dlp__yt-dlp-11534,yt_dlp/extractor/ctvnews.py,1,Bug Report,1,2,0,ast,1,0,126,6,55,136,134,134,134,78,152,0,0,0,903,1097,1.711e-05,0,,,,,4,inf,inf,inf,inf,inf,3
yt-dlp__yt-dlp-11530,yt_dlp/extractor/patreon.py,1,Bug Report,1,5,0,ast,1,0,25,5,14,75,42,42,31,18,47,0,0,0,92,1094,0.00069208,0,,,,,2,3,2,inf,inf,inf,6
yt-dlp__yt-dlp-11527,yt_dlp/extractor/archiveorg.py,1,Bug Report,2,6,0,ast,1,0,12,1,3,1,3,3,6,6,38,1,1,1,,1094,0.03948201,0,,,entry point (lexical score 277.9),entry point (lexical score 250.3),0,0,0,inf,inf,inf,8
yt-dlp__yt-dlp-11513,yt_dlp/extractor/facebook.py,1,Bug Report,2,6,0,ast,1,0,110,66,111,142,128,128,127,109,124,0,0,0,45,1094,0.00143008,0,,,,,2,6,2,inf,inf,inf,8
yt-dlp__yt-dlp-11478,yt_dlp/extractor/cloudflarestream.py,1,Bug Report,2,1,0,ast,1,0,126,6,54,136,130,130,130,76,132,0,0,0,819,1095,6.702e-05,0,,,,,2,3,2,inf,inf,inf,3
yt-dlp__yt-dlp-11472,yt_dlp/extractor/adobepass.py,1,Bug Report,11,3,0,ast,1,0,50,33,24,61,61,61,58,27,21,0,0,0,100,1095,0.00051751,0,,1,,,2,2,2,inf,inf,inf,14
yt-dlp__yt-dlp-11466,yt_dlp/extractor/goplay.py,1,Bug Report,1,2,0,ast,1,0,65,5,7,75,77,77,72,25,76,0,0,0,486,1096,2.531e-05,0,,,,,4,inf,inf,inf,inf,inf,3
gaogaotiantian__viztracer-528,src/viztracer/main.py,1,Bug Report,1,7,0,ast,1,0,3,8,4,12,4,4,4,4,3,0,1,1,,20,0.20395366,0,,0,entry point (lexical score 22.4),,0,0,0,0,0,0,8
locustio__locust-2976,locust/runners.py,1,Bug Report,15,12,0,ast,1,0,1,1,1,1,1,1,1,1,1,1,1,1,,80,0.11158841,0,,0,entry point (lexical score 165.3),entry point (lexical score 161.2),0,0,0,0,0,0,23
ranaroussi__yfinance-2173,yfinance/base.py,1,Feature Request,1,13,0,ast,1,0,2,5,2,10,2,2,2,2,2,0,1,1,,30,0.11919425,0,,0,entry point (lexical score 21.4),central member of subsystem /subsystems/yfinance-utils.md,0,0,0,0,0,0,14
ranaroussi__yfinance-2122,yfinance/utils.py,1,Bug Report,14,1,0,ast,1,0,1,2,1,2,1,1,1,1,1,1,1,1,,21,0.19212893,0,,0,entry point (lexical score 241.6),entry point (lexical score 147.7),0,0,0,0,0,0,15
scipy__scipy-22106,scipy/sparse/_construct.py,1,Bug Report,4,8,0,ast,1,0,27,4,16,31,50,50,33,20,51,0,0,0,188,580,0.00078551,0,,2,,,2,3,3,inf,inf,inf,12
scipy__scipy-22103,scipy/stats/_stats_py.py,1,Bug Report,12,21,0,ast,1,0,2,2,2,2,2,2,2,2,2,1,1,1,,579,0.09667021,0,,0,entry point (lexical score 175.9),entry point (lexical score 162.8),0,0,0,0,0,0,30
scipy__scipy-22052,scipy/sparse/linalg/_dsolve/linsolve.py,1,Bug Report,1,4,0,ast,1,0,1,2,1,2,1,1,1,1,1,1,1,1,,578,0.04843897,0,,0,entry point (lexical score 231.0),entry point (lexical score 302.8),0,0,0,0,0,0,4
DS4SD__docling-528,docling/backend/msword_backend.py,1,Bug Report,3,3,0,ast,1,0,3,10,2,15,2,2,3,3,3,0,1,1,,44,0.05467482,0,,0,entry point (lexical score 42.1),,0,0,0,0,0,0,6
DS4SD__docling-472,docling/models/tesseract_ocr_cli_model.py,1,Bug Report,2,6,0,ast,1,0,1,1,1,1,1,1,1,1,1,1,1,1,,42,0.05108333,0,,0,entry point (lexical score 197.3),entry point (lexical score 161.8),0,0,0,0,0,0,8
DS4SD__docling-442,docling/backend/msword_backend.py,1,Bug Report,3,3,0,ast,1,0,3,14,3,11,3,3,3,3,3,0,1,1,,41,0.04184836,0,1,0,entry point (lexical score 20.7),dependency at distance 1 from an entry point,0,0,0,0,0,0,6
DS4SD__docling-322,docling/models/ds_glm_model.py,1,Bug Report,1,5,0,ast,1,0,3,2,1,2,1,1,1,1,3,1,1,1,,39,0.05500132,0,,0,entry point (lexical score 94.0),entry point (lexical score 101.2),0,0,0,0,0,0,6
DS4SD__docling-307,docling/backend/mspowerpoint_backend.py,1,Bug Report,1,3,0,ast,1,0,3,1,2,1,2,2,3,3,3,1,1,1,,38,0.04697818,0,,0,entry point (lexical score 13.0),entry point (lexical score 11.6),0,0,0,0,0,0,4
DS4SD__docling-302,docling/backend/html_backend.py,1,Bug Report,2,3,0,ast,1,0,4,2,3,2,3,3,3,3,4,1,1,1,,38,0.04463617,0,,0,entry point (lexical score 33.1),entry point (lexical score 36.2),0,0,0,0,0,0,5
certbot__certbot-10043,tools/finish_release.py,1,Bug Report,0,0,0,ast,1,0,1,1,1,1,1,1,1,1,1,1,1,1,,0,1.0,0,,0,entry point (lexical score 61.7),entry point (lexical score 122.4),0,0,0,0,0,0,0
vitalik__django-ninja-1349,ninja/responses.py,1,Bug Report,6,0,0,ast,1,0,5,1,6,1,6,6,6,6,6,1,0,1,1,57,0.05649812,1,,1,strong text match (lexical score 62.0),entry point (lexical score 128.1),1,1,inf,0,0,0,6
pandas-dev__pandas-60577,pandas/io/sql.py,1,Bug Report,3,21,0,ast,1,0,1,2,1,2,1,1,1,1,1,1,1,1,,336,0.04356956,0,,0,entry point (lexical score 397.6),entry point (lexical score 376.4),0,0,0,0,0,0,24
pandas-dev__pandas-60543,pandas/core/dtypes/common.py,1,Bug Report,179,10,0,ast,1,0,32,9,48,9,26,26,28,38,11,0,0,0,4,336,0.02017147,1,1,1,graph neighbour of the entry points (PPR 0.020),dependency at distance 1 from an entry point,1,1,2,inf,inf,inf,187
pandas-dev__pandas-60526,pandas/core/computation/expressions.py,1,Feature Request,12,6,0,ast,1,0,39,41,39,62,56,49,43,40,16,0,0,0,26,336,0.00529748,0,,1,,,1,1,2,inf,inf,inf,18
pandas-dev__pandas-60518,pandas/core/computation/pytables.py,1,Feature Request,2,12,0,ast,1,0,18,11,29,21,22,18,12,22,13,0,0,0,8,336,0.01477612,1,,1,graph neighbour of the entry points (PPR 0.015),,1,1,2,inf,inf,inf,14
pandas-dev__pandas-60512,pandas/core/generic.py,1,Bug Report,20,60,0,ast,1,0,4,2,2,2,2,2,3,3,4,1,1,1,,336,0.05296481,0,,0,entry point (lexical score 50.3),entry point (lexical score 40.1),0,0,0,0,0,0,69
pandas-dev__pandas-60461,pandas/core/dtypes/cast.py,1,Performance Issue,56,24,0,ast,1,0,102,31,114,12,109,109,107,109,16,0,0,0,34,336,0.00549553,0,1,1,,dependency at distance 1 from an entry point,1,1,2,inf,inf,inf,75
pandas-dev__pandas-60457,pandas/core/generic.py,1,Feature Request,20,60,0,ast,1,0,3,138,4,17,4,4,3,3,3,0,1,1,,336,0.05099224,0,,0,entry point (lexical score 83.1),central member of subsystem /subsystems/typing.md,0,0,0,0,0,0,69
pandas-dev__pandas-60415,pandas/core/generic.py,1,Feature Request,20,60,0,ast,1,0,3,64,4,24,4,4,3,3,3,0,1,1,,337,0.05706827,0,,0,entry point (lexical score 30.8),,0,0,0,0,0,0,69
pandas-dev__pandas-60398,pandas/core/series.py,1,Bug Report,17,56,0,ast,1,0,5,91,9,32,17,17,8,8,26,0,0,0,11,337,0.00763064,1,,1,graph neighbour of the entry points (PPR 0.008),,2,2,2,0,0,0,68
pandas-dev__pandas-60310,pandas/core/frame.py,1,Bug Report,20,73,0,ast,1,0,2,25,2,53,2,2,2,2,2,0,1,1,,336,0.05417088,0,2,0,entry point (lexical score 95.6),dependency at distance 2 from an entry point,0,0,0,0,0,0,83
pandas-dev__pandas-60277,pandas/core/generic.py,1,Feature Request,20,60,0,ast,1,0,5,16,5,12,5,5,5,5,11,0,0,1,6,336,0.01205252,1,,1,strong text match (lexical score 28.2),central member of subsystem /subsystems/typing.md,1,1,1,0,0,0,69
pandas-dev__pandas-60247,pandas/core/generic.py,1,Feature Request,20,60,0,ast,1,0,2,72,6,12,6,6,3,3,2,0,0,1,7,337,0.01225703,1,,0,strong text match (lexical score 48.7),central member of subsystem /subsystems/typing.md,1,1,2,0,0,0,69
pandas-dev__pandas-60187,pandas/core/series.py,1,Feature Request,17,56,0,ast,1,0,2,13,3,24,3,3,2,2,2,0,1,1,,336,0.05414827,0,,0,entry point (lexical score 65.3),,0,0,0,0,0,0,68
huggingface__accelerate-3279,src/accelerate/utils/modeling.py,1,Bug Report,16,11,0,ast,1,0,1,1,1,1,1,1,1,1,1,1,1,1,,97,0.09930537,0,,0,entry point (lexical score 47.4),entry point (lexical score 92.9),0,0,0,0,0,0,24
huggingface__accelerate-3261,examples/by_feature/megatron_lm_gpt_pretraining.py,1,Bug Report,0,7,0,ast,1,0,1,1,1,1,1,1,1,1,1,1,1,1,,97,0.04843483,0,,0,entry point (lexical score 205.4),entry point (lexical score 177.1),0,0,0,0,0,0,7
huggingface__trl-2433,trl/trainer/rloo_trainer.py,1,Bug Report,5,3,0,ast,1,0,25,17,25,50,25,25,25,25,45,0,0,1,18,87,0.00890242,1,2,2,strong text match (lexical score 34.6),dependency at distance 2 from an entry point,1,2,1,inf,inf,inf,8
huggingface__trl-2417,trl/trainer/online_dpo_trainer.py,1,Bug Report,7,7,0,ast,1,0,2,4,2,12,2,2,2,2,2,0,1,1,,86,0.05172148,0,1,0,entry point (lexical score 136.3),dependency at distance 1 from an entry point,0,0,0,0,0,0,14
huggingface__trl-2332,trl/trainer/dpo_trainer.py,1,Bug Report,8,6,0,ast,1,0,1,2,1,2,1,1,1,1,1,1,1,1,,83,0.06039229,0,,0,entry point (lexical score 124.0),entry point (lexical score 60.3),0,0,0,0,0,0,14
huggingface__trl-2325,trl/trainer/rloo_trainer.py,1,Bug Report,5,3,0,ast,1,0,1,4,1,4,1,1,1,1,1,1,1,1,,83,0.05271122,0,,0,entry point (lexical score 56.7),entry point (lexical score 30.0),0,0,0,0,0,0,8
sympy__sympy-27301,sympy/plotting/plot.py,1,Bug Report,13,21,0,ast,1,0,6,8,6,11,6,6,6,6,13,0,0,1,11,814,0.00604312,1,1,1,strong text match (lexical score 33.5),dependency at distance 1 from an entry point,1,1,1,0,0,0,34
SYSTRAN__faster-whisper-1198,faster_whisper/vad.py,1,Performance Issue,1,1,0,ast,1,0,4,2,4,2,4,4,4,4,4,1,1,1,,11,0.1799319,0,,0,entry point (lexical score 20.9),entry point (lexical score 23.1),0,0,0,0,0,0,2
SYSTRAN__faster-whisper-1157,faster_whisper/transcribe.py,1,Bug Report,6,5,0,ast,1,0,1,1,1,1,1,1,1,1,1,1,1,1,,11,0.3969938,0,,0,entry point (lexical score 90.3),entry point (lexical score 59.2),0,0,0,0,0,0,11
SYSTRAN__faster-whisper-1141,faster_whisper/transcribe.py,1,Bug Report,6,5,0,ast,1,0,1,3,1,3,1,1,1,1,1,1,1,1,,11,0.38110156,0,,0,entry point (lexical score 59.2),entry point (lexical score 25.8),0,0,0,0,0,0,11
mlflow__mlflow-13821,mlflow/models/model.py,1,Bug Report,123,27,0,ast,1,0,10,7,10,5,10,10,10,10,6,0,0,1,6,699,0.01077071,1,1,1,strong text match (lexical score 642.1),dependency at distance 1 from an entry point,1,1,1,0,0,0,141
jax-ml__jax-25487,jax/_src/random.py,1,Performance Issue,11,18,0,ast,1,0,6,3,6,3,6,6,6,6,96,1,0,1,34,456,0.00393625,0,,,strong text match (lexical score 79.3),entry point (lexical score 106.5),1,3,1,0,0,0,29
jax-ml__jax-24733,jax/_src/numpy/reductions.py,1,Bug Report,12,10,0,ast,1,0,7,1,4,1,4,4,5,5,12,1,1,1,,447,0.0471756,0,,1,entry point (lexical score 224.0),entry point (lexical score 279.1),0,0,0,0,0,0,22
jax-ml__jax-24717,jax/_src/scipy/stats/_core.py,1,Performance Issue,1,7,0,ast,1,0,29,8,24,170,24,24,26,26,147,0,0,1,155,448,0.00080795,0,,,strong text match (lexical score 110.4),,2,4,2,inf,inf,inf,8
phidatahq__phidata-1589,phi/document/chunking/recursive.py,1,Bug Report,1,2,0,ast,1,0,2,1,2,1,2,2,2,2,2,1,1,1,,1121,0.067826,0,,0,entry point (lexical score 27.1),entry point (lexical score 48.3),0,0,0,0,0,0,3
phidatahq__phidata-1583,phi/memory/agent.py,1,Bug Report,2,10,0,ast,1,0,30,4,12,4,12,12,16,18,17,1,0,1,31,1121,0.003436,0,,2,strong text match (lexical score 213.4),entry point (lexical score 265.2),2,2,inf,inf,inf,inf,12
phidatahq__phidata-1582,phi/tools/function.py,1,Bug Report,36,3,0,ast,1,0,104,23,98,8,98,98,99,98,26,0,0,1,23,1121,0.00318354,1,1,2,strong text match (lexical score 114.2),dependency at distance 1 from an entry point,2,2,inf,inf,inf,inf,39
phidatahq__phidata-1563,phi/tools/crawl4ai_tools.py,1,Bug Report,2,2,0,ast,1,0,1,1,1,1,1,1,1,1,1,1,1,1,,1113,0.14762858,0,,0,entry point (lexical score 122.6),entry point (lexical score 219.0),0,0,0,0,0,0,4
phidatahq__phidata-1562,phi/model/google/gemini.py,1,Bug Report,16,10,0,ast,1,0,1,1,1,1,1,1,1,1,1,1,1,1,,1113,0.04849268,0,,0,entry point (lexical score 66.5),entry point (lexical score 46.7),0,0,0,0,0,0,26
nltk__nltk-3335,nltk/app/wordnet_app.py,1,Bug Report,2,2,0,ast,1,0,1,2,1,2,1,1,1,1,1,1,1,1,,279,0.04663036,0,,0,entry point (lexical score 66.4),entry point (lexical score 67.4),0,0,0,0,0,0,4
kedro-org__kedro-4299,kedro/framework/cli/cli.py,1,Bug Report,5,8,0,ast,1,0,2,26,2,28,2,2,2,2,2,0,1,1,,68,0.06503241,0,,0,entry point (lexical score 14.9),,0,0,0,0,0,0,12
dask__dask-11608,dask/_task_spec.py,1,Performance Issue,31,8,0,ast,1,0,1,1,1,1,1,1,1,1,1,1,1,1,,122,0.05611782,0,,0,entry point (lexical score 24.7),entry point (lexical score 40.5),0,0,0,0,0,0,36
dask__dask-11539,dask/array/core.py,1,Bug Report,47,38,0,ast,1,0,1,1,1,1,1,1,1,1,1,1,1,1,,123,0.11076627,0,,0,entry point (lexical score 74.4),entry point (lexical score 101.4),0,0,0,0,0,0,65
dask__dask-11491,dask/array/core.py,1,Bug Report,46,38,0,ast,1,0,1,1,1,1,1,1,1,1,1,1,1,1,,122,0.09543417,0,,0,entry point (lexical score 70.2),entry point (lexical score 89.7),0,0,0,0,0,0,64
feast-dev__feast-4727,sdk/python/feast/feature_server.py,1,Bug Report,2,10,0,ast,1,0,2,1,3,1,3,3,2,2,2,1,1,1,,241,0.06152749,0,,0,entry point (lexical score 35.5),entry point (lexical score 62.8),0,0,0,0,0,0,12
python__mypy-18292,mypy/main.py,1,Bug Report,6,14,0,ast,1,0,1,1,1,1,1,1,1,1,1,1,1,1,,235,0.05560336,0,,0,entry point (lexical score 225.1),entry point (lexical score 255.0),0,0,0,0,0,0,20
albumentations-team__albumentations-2183,albumentations/augmentations/functional.py,1,Feature Request,6,4,0,ast,1,0,1,1,1,1,1,1,1,1,1,1,1,1,,45,0.06144555,0,,0,entry point (lexical score 16.6),entry point (lexical score 17.2),0,0,0,0,0,0,10
bridgecrewio__checkov-6826,checkov/terraform/checks/resource/aws/EKSPlatformVersion.py,1,Feature Request,1,2,0,ast,1,0,1,1,1,1,1,1,1,1,1,1,1,1,,2051,0.10363439,0,,0,entry point (lexical score 54.9),entry point (lexical score 98.5),0,0,0,0,0,0,3
spotify__luigi-3324,luigi/contrib/postgres.py,1,Bug Report,5,2,0,ast,1,0,1,1,1,1,1,1,1,1,1,1,1,1,,111,0.06300144,0,,0,entry point (lexical score 251.7),entry point (lexical score 290.4),0,0,0,0,0,0,7
robotframework__robotframework-5265,src/robot/output/pyloggingconf.py,1,Bug Report,5,4,0,ast,1,0,1,1,1,1,1,1,1,1,1,1,1,1,,344,0.08768027,0,,0,entry point (lexical score 222.0),entry point (lexical score 261.2),0,0,0,0,0,0,9
ShishirPatil__gorilla-754,berkeley-function-call-leaderboard/bfcl/model_handler/oss_model/base_oss_handler.py,1,Bug Report,13,4,0,ast,1,0,1,1,1,1,1,1,1,1,1,1,1,1,,52,0.06516571,0,,0,entry point (lexical score 125.9),entry point (lexical score 85.6),0,0,0,0,0,0,17
Netflix__metaflow-2141,metaflow/cli.py,1,Bug Report,9,30,0,ast,1,0,10,118,13,29,13,13,11,11,72,0,0,1,12,289,0.0095825,1,2,2,strong text match (lexical score 35.7),dependency at distance 2 from an entry point,1,2,1,0,0,0,38
ray-project__ray-49071,rllib/examples/rl_modules/classes/action_masking_rlm.py,1,Bug Report,0,0,0,ast,1,0,10,1,2,1,2,2,5,5,81,1,1,1,,1589,0.06521739,0,,,entry point (lexical score 75.5),entry point (lexical score 144.9),0,0,0,0,0,0,0
ray-project__ray-48891,python/ray/scripts/scripts.py,1,Bug Report,6,19,0,ast,1,0,3,5,3,51,3,3,3,3,3,0,1,1,,1582,0.04695101,0,2,0,entry point (lexical score 181.0),dependency at distance 2 from an entry point,0,0,0,0,0,0,25
ray-project__ray-48793,python/ray/setup-dev.py,1,Bug Report,0,1,0,ast,1,0,1,1,1,1,1,1,1,1,1,1,1,1,,1584,0.06529461,0,,0,entry point (lexical score 65.3),entry point (lexical score 64.3),0,0,0,0,0,0,1
ray-project__ray-48790,python/ray/serve/api.py,1,Bug Report,4,20,0,ast,1,0,1,37,2,19,2,2,1,1,1,0,1,1,,1583,0.05290782,0,2,0,entry point (lexical score 58.7),dependency at distance 2 from an entry point,0,0,0,0,0,0,24
ray-project__ray-48786,python/ray/autoscaler/_private/commands.py,1,Bug Report,11,22,0,ast,1,0,1,3,1,3,1,1,1,1,1,1,1,1,,1582,0.07661183,0,,0,entry point (lexical score 191.2),entry point (lexical score 130.5),0,0,0,0,0,0,32
ray-project__ray-48756,python/ray/dashboard/modules/metrics/install_and_start_prometheus.py,1,Bug Report,2,1,0,ast,1,0,1,1,1,1,1,1,1,1,1,1,1,1,,1584,0.04846073,0,,0,entry point (lexical score 114.1),entry point (lexical score 170.4),0,0,0,0,0,0,3
optuna__optuna-5828,optuna/cli.py,1,Bug Report,1,12,0,ast,1,0,1,1,1,1,1,1,1,1,1,1,1,1,,221,0.08255712,0,,0,entry point (lexical score 158.2),entry point (lexical score 125.9),0,0,0,0,0,0,13
BerriAI__litellm-6915,litellm/llms/fireworks_ai/chat/fireworks_ai_transformation.py,1,Bug Report,3,2,0,ast,1,0,1,1,1,1,1,1,1,1,1,1,1,1,,409,0.03855343,0,,0,entry point (lexical score 30.1),entry point (lexical score 66.8),0,0,0,0,0,0,5
matplotlib__matplotlib-29265,lib/matplotlib/collections.py,1,Feature Request,35,13,0,ast,1,0,2,14,2,12,2,2,2,2,2,0,1,1,,748,0.04932047,0,,0,entry point (lexical score 19.8),dependency of /files/galleries/examples/shapes_and_collections/line_collection.py.md,0,0,0,0,0,0,48
matplotlib__matplotlib-29254,lib/matplotlib/figure.py,1,Bug Report,41,21,0,ast,1,0,2,28,2,5,2,2,2,2,2,0,1,1,,748,0.0486243,0,1,0,entry point (lexical score 209.5),dependency at distance 1 from an entry point,0,0,0,0,0,0,58
matplotlib__matplotlib-29236,lib/matplotlib/animation.py,1,Bug Report,16,5,0,ast,1,0,1,1,1,1,1,1,1,1,1,1,1,1,,747,0.15422174,0,,0,entry point (lexical score 155.3),entry point (lexical score 184.6),0,0,0,0,0,0,21
tobymao__sqlglot-4526,sqlglot/planner.py,1,Bug Report,3,3,0,ast,1,0,3,1,1,1,1,1,2,2,3,1,1,1,,69,0.04739137,0,,0,entry point (lexical score 85.5),entry point (lexical score 161.0),0,0,0,0,0,0,6
tobymao__sqlglot-4369,sqlglot/expressions.py,1,Bug Report,18,9,0,ast,1,0,2,4,2,4,2,2,2,2,2,1,1,1,,70,0.05569923,0,,0,entry point (lexical score 40.3),entry point (lexical score 38.1),0,0,0,0,0,0,24
flet-dev__flet-4554,sdk/python/packages/flet-cli/src/flet_cli/utils/project_dependencies.py,1,Bug Report,0,0,0,ast,1,0,3,1,3,1,3,3,3,3,3,1,1,1,,90,0.06521739,0,,0,entry point (lexical score 129.2),entry point (lexical score 234.3),0,0,0,0,0,0,0
flet-dev__flet-4452,sdk/python/packages/flet-cli/src/flet_cli/commands/build.py,1,Bug Report,0,5,0,ast,1,0,2,21,3,26,3,3,2,2,2,0,1,1,,88,0.06520577,0,,0,entry point (lexical score 49.5),,0,0,0,0,0,0,5
flet-dev__flet-4425,sdk/python/packages/flet/src/flet/core/date_picker.py,1,Bug Report,0,1,0,ast,1,0,2,1,1,1,1,1,1,1,2,1,1,1,,89,0.04076173,0,,0,entry point (lexical score 251.8),entry point (lexical score 284.8),0,0,0,0,0,0,1
flet-dev__flet-4388,sdk/python/packages/flet-cli/src/flet_cli/commands/build.py,1,Feature Request,0,5,0,ast,1,0,1,1,1,1,1,1,1,1,1,1,1,1,,92,0.20745921,0,,0,entry point (lexical score 135.7),entry point (lexical score 127.5),0,0,0,0,0,0,5
flet-dev__flet-4384,sdk/python/packages/flet/src/flet/core/icon.py,1,Bug Report,0,0,0,ast,1,0,9,8,10,33,10,10,10,10,23,0,0,1,,90,0.0,0,,,strong text match (lexical score 71.8),,inf,inf,inf,0,0,0,0
flet-dev__flet-4373,sdk/python/packages/flet/src/flet/core/markdown.py,1,Bug Report,0,0,0,ast,1,0,4,1,2,1,2,2,3,3,4,1,1,1,,90,0.04761905,0,,0,entry point (lexical score 224.2),entry point (lexical score 268.8),0,0,0,0,0,0,0
flet-dev__flet-4340,sdk/python/packages/flet/src/flet/core/colors.py,1,Bug Report,0,1,0,ast,1,0,26,17,17,28,17,17,21,21,49,0,0,1,49,90,0.00272266,0,,,strong text match (lexical score 201.3),,2,inf,inf,inf,inf,inf,1
flet-dev__flet-4314,sdk/python/packages/flet/src/flet/core/segmented_button.py,1,Bug Report,0,0,0,ast,1,0,8,1,4,1,4,4,6,6,21,1,1,1,,91,0.06521739,0,,,entry point (lexical score 129.3),entry point (lexical score 241.0),0,0,0,0,0,0,0
explodinggradients__ragas-1627,src/ragas/metrics/_noise_sensitivity.py,1,Feature Request,1,5,0,ast,1,0,1,1,1,1,1,1,1,1,1,1,1,1,,75,0.05671646,0,,0,entry point (lexical score 27.0),entry point (lexical score 35.1),0,0,0,0,0,0,6
scikit-learn__scikit-learn-30241,sklearn/utils/estimator_checks.py,1,Bug Report,13,28,0,ast,1,0,1,11,1,108,1,1,1,1,1,0,1,1,,589,0.05999051,0,,0,entry point (lexical score 41.3),,0,0,0,0,0,0,41
Lightning-AI__pytorch-lightning-20484,src/lightning/pytorch/loops/prediction_loop.py,1,Bug Report,2,21,0,ast,1,0,2,1,2,1,2,2,2,2,2,1,1,1,,287,0.05542245,0,,0,entry point (lexical score 51.7),entry point (lexical score 97.5),0,0,0,0,0,0,23
Lightning-AI__pytorch-lightning-20420,examples/fabric/build_your_own_trainer/run.py,1,Bug Report,0,2,0,ast,1,0,12,11,7,141,7,7,9,9,127,0,0,1,14,285,0.00728573,1,,,strong text match (lexical score 131.5),,2,inf,2,inf,inf,inf,2
Lightning-AI__pytorch-lightning-20401,src/lightning/pytorch/cli.py,1,Feature Request,10,11,0,ast,1,0,1,1,1,1,1,1,1,1,1,1,1,1,,286,0.06068208,0,,0,entry point (lexical score 86.7),entry point (lexical score 140.8),0,0,0,0,0,0,21
kornia__kornia-3084,kornia/augmentation/container/augment.py,1,Bug Report,8,17,0,ast,1,0,5,6,1,52,1,1,2,2,46,0,1,1,,474,0.04641333,0,2,,entry point (lexical score 81.0),dependency at distance 2 from an entry point,0,0,0,0,0,0,25
wandb__wandb-9011,wandb/apis/public/runs.py,1,Bug Report,5,16,0,ast,1,0,1,3,1,3,1,1,1,1,1,1,1,1,,656,0.05985942,0,,0,entry point (lexical score 48.8),entry point (lexical score 57.6),0,0,0,0,0,0,20
wandb__wandb-8931,wandb/sdk/data_types/video.py,1,Bug Report,1,9,0,ast,1,0,1,1,1,1,1,1,1,1,1,1,1,1,,659,0.15829934,0,,0,entry point (lexical score 74.6),entry point (lexical score 35.1),0,0,0,0,0,0,10
speechbrain__speechbrain-2760,speechbrain/lobes/models/huggingface_transformers/weighted_ssl.py,1,Bug Report,1,2,0,ast,1,0,1,1,1,1,1,1,1,1,1,1,1,1,,411,0.04870254,0,,0,entry point (lexical score 55.5),entry point (lexical score 68.0),0,0,0,0,0,0,3
speechbrain__speechbrain-2742,recipes/LibriSpeech/ASR/transformer/train_with_whisper.py,1,Bug Report,0,5,0,ast,1,0,1,2,1,2,1,1,1,1,1,1,1,1,,411,0.03960738,0,,0,entry point (lexical score 39.1),entry point (lexical score 43.0),0,0,0,0,0,0,5
mesonbuild__meson-13881,mesonbuild/backend/ninjabackend.py,1,Bug Report,2,19,0,ast,1,0,1,1,1,1,1,1,1,1,1,1,1,1,,247,0.05291543,0,,0,entry point (lexical score 204.6),entry point (lexical score 186.1),0,0,0,0,0,0,20
ultralytics__ultralytics-18212,ultralytics/engine/model.py,1,Bug Report,5,17,0,ast,1,0,5,30,4,36,4,4,5,5,48,0,1,1,,140,0.05123331,0,2,,entry point (lexical score 409.1),dependency at distance 2 from an entry point,0,0,0,0,0,0,22
ultralytics__ultralytics-17872,ultralytics/engine/predictor.py,1,Bug Report,5,11,0,ast,1,0,10,3,8,3,8,8,9,9,47,1,0,1,22,140,0.00789424,1,,,strong text match (lexical score 232.0),entry point (lexical score 232.6),1,4,1,0,0,0,16
ultralytics__ultralytics-17728,ultralytics/data/augment.py,1,Performance Issue,7,7,0,ast,1,0,3,5,3,21,3,3,3,3,3,0,1,1,,139,0.04914837,0,,0,entry point (lexical score 59.1),,0,0,0,0,0,0,14
ultralytics__ultralytics-17544,ultralytics/utils/callbacks/wb.py,1,Bug Report,1,2,0,ast,1,0,2,2,2,2,2,2,2,2,2,1,1,1,,139,0.0430839,0,,0,entry point (lexical score 269.5),entry point (lexical score 323.0),0,0,0,0,0,0,3
ultralytics__ultralytics-17499,ultralytics/engine/results.py,1,Bug Report,13,6,0,ast,1,0,12,2,11,2,11,11,12,12,26,1,0,1,22,138,0.00775145,1,,,strong text match (lexical score 70.9),entry point (lexical score 106.0),1,3,1,inf,inf,inf,19
huggingface__diffusers-10269,src/diffusers/schedulers/scheduling_flow_match_euler_discrete.py,1,Feature Request,74,6,0,ast,1,0,70,5,78,26,78,78,72,72,11,0,0,1,15,811,0.00763457,1,,1,strong text match (lexical score 13.9),dependency of /files/src/diffusers/pipelines/stable_diffusion_3/pipeline_stable_diffusion_3.py.md,1,1,3,inf,inf,inf,80
huggingface__diffusers-10262,src/diffusers/models/unets/unet_2d.py,1,Feature Request,38,6,0,ast,1,0,122,116,114,161,114,114,118,118,122,0,0,1,100,808,0.00146087,0,,2,strong text match (lexical score 26.7),,2,2,inf,inf,inf,inf,44
huggingface__diffusers-10185,src/diffusers/schedulers/scheduling_repaint.py,1,Bug Report,3,5,0,ast,1,0,1,16,1,31,1,1,1,1,1,0,1,1,,781,0.03898989,0,,0,entry point (lexical score 22.3),,0,0,0,0,0,0,8
huggingface__diffusers-10182,src/diffusers/loaders/lora_pipeline.py,1,Bug Report,147,10,0,ast,1,0,1,1,1,1,1,1,1,1,1,1,1,1,,781,0.04837861,0,,0,entry point (lexical score 289.4),entry point (lexical score 538.1),0,0,0,0,0,0,157
huggingface__diffusers-10176,src/diffusers/pipelines/stable_diffusion_gligen/pipeline_stable_diffusion_gligen_text_image.py,1,Bug Report,5,22,0,ast,1,0,1,1,1,1,1,1,1,1,1,1,1,1,,781,0.03960171,0,,0,entry point (lexical score 65.2),entry point (lexical score 102.8),0,0,0,0,0,0,27
huggingface__diffusers-10170,src/diffusers/image_processor.py,1,Performance Issue,168,5,0,ast,1,0,2,1,1,1,1,1,2,2,2,1,1,1,,779,0.05264365,0,,0,entry point (lexical score 79.1),entry point (lexical score 113.2),0,0,0,0,0,0,173
huggingface__diffusers-10115,src/diffusers/models/embeddings.py,1,Bug Report,112,5,0,ast,1,0,8,18,8,41,8,8,8,8,8,0,0,1,13,776,0.00689538,1,2,1,strong text match (lexical score 26.6),dependency at distance 2 from an entry point,1,1,3,0,0,0,115
huggingface__diffusers-10086,src/diffusers/pipelines/stable_diffusion_3/pipeline_stable_diffusion_3.py,1,Bug Report,12,19,0,ast,1,0,25,1,15,1,15,15,22,22,358,1,0,1,96,775,0.00148351,0,,2,strong text match (lexical score 90.9),entry point (lexical score 153.9),2,2,3,inf,inf,inf,31
huggingface__diffusers-10067,src/diffusers/models/upsampling.py,1,Bug Report,5,4,0,ast,1,0,620,597,623,668,622,622,622,621,667,0,0,0,432,775,0.00053598,0,,,,,2,3,inf,inf,inf,inf,9
huggingface__diffusers-9978,src/diffusers/loaders/single_file_utils.py,1,Bug Report,14,17,0,ast,1,0,6,21,8,3,8,8,7,7,430,0,0,1,113,768,0.0011911,0,1,,strong text match (lexical score 133.5),dependency at distance 1 from an entry point,2,3,3,0,0,0,31
huggingface__diffusers-9885,src/diffusers/utils/dynamic_modules_utils.py,1,Bug Report,2,6,0,ast,1,0,2,2,1,2,1,1,2,2,2,1,1,1,,763,0.03902639,0,,0,entry point (lexical score 44.0),entry point (lexical score 53.3),0,0,0,0,0,0,7
fortra__impacket-1860,impacket/examples/secretsdump.py,1,Feature Request,7,30,0,ast,1,0,1,1,1,1,1,1,1,1,1,1,1,1,,201,0.06665195,0,,0,entry point (lexical score 92.8),entry point (lexical score 158.8),0,0,0,0,0,0,37
fortra__impacket-1858,impacket/dhcp.py,1,Bug Report,1,2,0,ast,1,0,106,4,105,17,109,109,106,106,110,0,0,0,171,201,0.00027849,0,2,,,dependency at distance 2 from an entry point,2,inf,inf,inf,inf,inf,3
modin-project__modin-7400,modin/pandas/dataframe.py,1,Performance Issue,17,20,0,ast,1,0,6,106,5,5,5,5,5,5,16,0,0,1,2,216,0.03388484,1,1,1,strong text match (lexical score 20.5),dependency at distance 1 from an entry point,1,1,1,0,0,0,28
ccxt__ccxt-24388,python/ccxt/base/exchange.py,1,Bug Report,104,14,0,ast,1,0,7,206,11,15,11,11,9,9,126,0,0,1,9,872,0.0034538,1,2,2,strong text match (lexical score 117.0),dependency at distance 2 from an entry point,2,2,inf,0,0,0,118
Qiskit__qiskit-13554,qiskit/circuit/parameterexpression.py,1,Bug Report,76,1,0,ast,1,0,1,1,1,1,1,1,1,1,1,1,1,1,,797,0.05726315,0,,0,entry point (lexical score 32.5),entry point (lexical score 35.1),0,0,0,0,0,0,77
Qiskit__qiskit-13552,qiskit/circuit/parameterexpression.py,1,Bug Report,77,1,0,ast,1,0,1,1,1,1,1,1,1,1,1,1,1,1,,796,0.05721769,0,,0,entry point (lexical score 32.2),entry point (lexical score 33.3),0,0,0,0,0,0,78
aio-libs__aiohttp-9767,aiohttp/payload.py,1,Performance Issue,11,5,0,ast,1,0,3,1,1,1,1,1,2,2,3,1,1,1,,63,0.07103785,0,,0,entry point (lexical score 19.9),entry point (lexical score 32.7),0,0,0,0,0,0,16
aio-libs__aiohttp-9766,aiohttp/payload.py,1,Performance Issue,11,5,0,ast,1,0,4,1,1,1,1,1,1,1,4,1,1,1,,57,0.06035583,0,,0,entry point (lexical score 19.6),entry point (lexical score 32.4),0,0,0,0,0,0,16
aio-libs__aiohttp-9762,aiohttp/payload.py,1,Performance Issue,10,5,0,ast,1,0,2,1,1,1,1,1,1,1,2,1,1,1,,62,0.0803092,0,,0,entry point (lexical score 20.0),entry point (lexical score 32.9),0,0,0,0,0,0,15
langchain-ai__langgraph-2735,libs/checkpoint/langgraph/checkpoint/serde/jsonplus.py,1,Bug Report,0,0,0,ast,1,0,1,1,1,1,1,1,1,1,1,1,1,1,,8,0.10344828,0,,0,entry point (lexical score 225.7),entry point (lexical score 174.2),0,0,0,0,0,0,0
langchain-ai__langgraph-2724,libs/langgraph/langgraph/prebuilt/tool_node.py,1,Bug Report,0,0,0,ast,1,0,23,20,21,26,31,31,24,23,31,0,0,0,,11,0.0,0,,,,,inf,inf,inf,inf,inf,inf,0
langchain-ai__langgraph-2571,libs/checkpoint-postgres/langgraph/checkpoint/postgres/aio.py,1,Bug Report,0,0,0,ast,1,0,1,5,1,5,1,1,1,1,1,0,1,1,,0,0.25,0,,0,entry point (lexical score 387.7),,0,0,0,0,0,0,0
sktime__sktime-7417,sktime/forecasting/base/adapters/_statsmodels.py,1,Bug Report,12,3,0,ast,1,0,22,2,14,2,14,14,18,18,5,1,0,1,1,793,0.07878326,1,,1,strong text match (lexical score 37.5),entry point (lexical score 64.2),1,1,4,inf,inf,inf,15
numpy__numpy-27598,numpy/ctypeslib.py,1,Feature Request,2,4,0,ast,1,0,55,42,59,63,67,65,55,56,34,0,0,0,78,255,0.00192612,0,,2,,,2,2,2,inf,inf,inf,5
numpy__numpy-27595,numpy/lib/_function_base_impl.py,1,Feature Request,10,11,0,ast,1,0,2,19,1,19,1,1,2,2,2,0,1,1,,255,0.0526884,0,,0,entry point (lexical score 67.4),,0,0,0,0,0,0,20
vllm-project__vllm-11275,vllm/executor/ray_gpu_executor.py,1,Performance Issue,3,8,0,ast,1,0,25,33,25,63,46,46,27,25,64,0,0,0,46,559,0.00305252,0,1,1,,dependency at distance 1 from an entry point,1,1,2,inf,inf,inf,11
vllm-project__vllm-9617,vllm/engine/llm_engine.py,1,Feature Request,17,46,0,ast,1,0,109,310,143,129,127,125,127,127,179,0,0,0,98,475,0.0022553,0,,,,,2,3,2,inf,inf,inf,63
mlflow__mlflow-13390,mlflow/openai/_openai_autolog.py,1,Performance Issue,1,14,0,ast,1,0,1,1,1,1,1,1,1,1,1,1,1,1,,681,0.04284967,0,,0,entry point (lexical score 75.5),entry point (lexical score 82.3),0,0,0,0,0,0,15
huggingface__transformers-34507,src/transformers/trainer.py,1,Feature Request,50,33,0,ast,1,0,4,13,4,9,4,4,4,4,4,0,1,1,,2119,0.06913116,0,,0,entry point (lexical score 65.2),central member of subsystem /subsystems/transformers.md,0,0,0,0,0,0,81
huggingface__transformers-34279,src/transformers/integrations/integration_utils.py,1,Feature Request,27,15,0,ast,1,0,1,1,1,1,1,1,1,1,1,1,1,1,,2108,0.04818973,0,,0,entry point (lexical score 92.8),entry point (lexical score 106.1),0,0,0,0,0,0,37
huggingface__transformers-34208,src/transformers/agents/tools.py,1,Feature Request,18,9,0,ast,1,0,2,2,2,2,2,2,2,2,2,1,1,1,,2108,0.07692214,0,,0,entry point (lexical score 82.5),entry point (lexical score 99.7),0,0,0,0,0,0,27
django__django-18654,django/urls/base.py,1,Feature Request,86,5,0,ast,1,0,1,1,1,1,1,1,1,1,1,1,1,1,,638,0.05163231,0,,0,entry point (lexical score 98.5),entry point (lexical score 131.1),0,0,0,0,0,0,91
huggingface__diffusers-9815,src/diffusers/training_utils.py,1,Feature Request,52,8,0,ast,1,0,229,11,178,253,178,178,203,203,126,0,0,1,5,750,0.00898026,1,,2,strong text match (lexical score 61.3),,2,2,2,inf,inf,inf,60
huggingface__diffusers-9606,src/diffusers/training_utils.py,1,Feature Request,48,8,0,ast,1,0,215,8,158,235,158,158,187,187,341,0,0,1,6,728,0.00814758,1,,2,strong text match (lexical score 61.6),,2,2,2,inf,inf,inf,56
huggingface__diffusers-9583,src/diffusers/utils/import_utils.py,1,Feature Request,352,1,0,ast,1,0,160,20,221,184,221,221,187,187,5,0,0,1,1,719,0.0599372,1,,1,strong text match (lexical score 57.5),,1,1,inf,inf,inf,inf,353
huggingface__diffusers-9579,src/diffusers/models/embeddings.py,1,Feature Request,112,5,0,ast,1,0,295,74,302,9,302,302,301,301,459,0,0,1,41,775,0.0030103,0,,,strong text match (lexical score 53.3),central member of subsystem /subsystems/configuration-utils.md,2,2,2,inf,inf,inf,115
sktime__sktime-7221,sktime/datatypes/_adapter/polars.py,1,Performance Issue,9,2,0,ast,1,0,1,1,1,1,1,1,1,1,1,1,1,1,,756,0.05919749,0,,0,entry point (lexical score 89.8),entry point (lexical score 85.9),0,0,0,0,0,0,11
