instance_id,repo,kind,src,dst,same_dir,same_pkg,import_edge,name_ref,call_ref,shared_test,dist_und
UXARRAY__uxarray-1117,UXARRAY/uxarray,gold,uxarray/grid/coordinates.py,uxarray/grid/connectivity.py,1,1,0,0,0,1,2
UXARRAY__uxarray-1117,UXARRAY/uxarray,random,uxarray/grid/coordinates.py,benchmarks/quad_hexagon.py,0,0,0,0,0,0,3
UXARRAY__uxarray-1117,UXARRAY/uxarray,random,uxarray/grid/coordinates.py,uxarray/grid/arcs.py,1,1,1,0,1,1,1
UXARRAY__uxarray-1117,UXARRAY/uxarray,random,uxarray/grid/coordinates.py,uxarray/io/_voronoi.py,0,0,0,0,0,0,2
UXARRAY__uxarray-1117,UXARRAY/uxarray,random,uxarray/grid/coordinates.py,uxarray/core/aggregation.py,0,0,0,0,0,0,3
UXARRAY__uxarray-1117,UXARRAY/uxarray,random,uxarray/grid/coordinates.py,uxarray/grid/neighbors.py,1,1,0,1,0,0,2
UXARRAY__uxarray-1117,UXARRAY/uxarray,random,uxarray/grid/coordinates.py,uxarray/conventions/descriptors.py,0,0,0,0,0,0,2
UXARRAY__uxarray-1117,UXARRAY/uxarray,random,uxarray/grid/coordinates.py,uxarray/io/_scrip.py,0,0,0,0,0,0,2
UXARRAY__uxarray-1117,UXARRAY/uxarray,random,uxarray/grid/coordinates.py,uxarray/grid/__init__.py,1,1,0,0,0,0,2
UXARRAY__uxarray-1117,UXARRAY/uxarray,random,uxarray/grid/coordinates.py,uxarray/cross_sections/dataarray_accessor.py,0,0,0,0,0,0,3
UXARRAY__uxarray-1117,UXARRAY/uxarray,random,uxarray/grid/coordinates.py,uxarray/remap/nearest_neighbor.py,0,0,0,0,0,0,2
UXARRAY__uxarray-1117,UXARRAY/uxarray,gold-other,uxarray/grid/connectivity.py,uxarray/grid/coordinates.py,1,1,0,0,0,1,2
Chainlit__chainlit-1575,Chainlit/chainlit,random,backend/chainlit/config.py,cypress/e2e/tasklist/main.py,0,0,0,1,0,0,3
Chainlit__chainlit-1575,Chainlit/chainlit,random,backend/chainlit/config.py,backend/chainlit/step.py,1,1,1,0,0,0,1
Chainlit__chainlit-1575,Chainlit/chainlit,random,backend/chainlit/config.py,cypress/e2e/copilot/main.py,0,0,0,1,0,0,3
Chainlit__chainlit-1575,Chainlit/chainlit,random,backend/chainlit/config.py,cypress/e2e/readme/main.py,0,0,0,0,0,0,3
Chainlit__chainlit-1575,Chainlit/chainlit,random,backend/chainlit/config.py,backend/chainlit/data/acl.py,0,1,0,0,0,0,2
Chainlit__chainlit-1575,Chainlit/chainlit,random,backend/chainlit/config.py,backend/chainlit/version.py,1,1,1,0,0,0,1
Chainlit__chainlit-1575,Chainlit/chainlit,random,backend/chainlit/config.py,cypress/e2e/action/main.py,0,0,0,1,0,0,3
Chainlit__chainlit-1575,Chainlit/chainlit,random,backend/chainlit/config.py,backend/chainlit/data/utils.py,0,1,0,0,0,0,2
Chainlit__chainlit-1575,Chainlit/chainlit,random,backend/chainlit/config.py,backend/chainlit/hello.py,1,1,0,1,0,0,2
Chainlit__chainlit-1575,Chainlit/chainlit,random,backend/chainlit/config.py,cypress/e2e/stop_task/main_sync.py,0,0,0,1,0,0,3
Chainlit__chainlit-1575,Chainlit/chainlit,random,backend/chainlit/server.py,cypress/e2e/step/main.py,0,0,0,0,0,0,3
Chainlit__chainlit-1575,Chainlit/chainlit,random,backend/chainlit/server.py,backend/chainlit/secret.py,1,1,1,0,1,0,1
Chainlit__chainlit-1575,Chainlit/chainlit,random,backend/chainlit/server.py,cypress/e2e/ask_file/main.py,0,0,0,1,1,0,3
Chainlit__chainlit-1575,Chainlit/chainlit,random,backend/chainlit/server.py,backend/chainlit/data/literalai.py,0,1,0,1,1,0,2
Chainlit__chainlit-1575,Chainlit/chainlit,random,backend/chainlit/server.py,backend/chainlit/oauth_providers.py,1,1,1,0,1,0,1
Chainlit__chainlit-1575,Chainlit/chainlit,random,backend/chainlit/server.py,backend/chainlit/cli/__init__.py,0,1,1,0,1,0,1
Chainlit__chainlit-1575,Chainlit/chainlit,random,backend/chainlit/server.py,cypress/e2e/user_session/main.py,0,0,0,0,0,0,3
Chainlit__chainlit-1575,Chainlit/chainlit,random,backend/chainlit/server.py,backend/chainlit/chat_settings.py,1,1,0,1,0,0,3
Chainlit__chainlit-1575,Chainlit/chainlit,random,backend/chainlit/server.py,backend/chainlit/slack/__init__.py,0,1,0,0,0,0,inf
Chainlit__chainlit-1575,Chainlit/chainlit,random,backend/chainlit/server.py,backend/chainlit/__init__.py,1,1,0,1,1,0,2
Chainlit__chainlit-1575,Chainlit/chainlit,random,backend/chainlit/socket.py,cypress/e2e/file_element/main.py,0,0,0,1,0,0,3
Chainlit__chainlit-1575,Chainlit/chainlit,random,backend/chainlit/socket.py,backend/chainlit/auth.py,1,1,1,0,1,0,1
Chainlit__chainlit-1575,Chainlit/chainlit,random,backend/chainlit/socket.py,backend/chainlit/callbacks.py,1,1,0,1,1,0,2
Chainlit__chainlit-1575,Chainlit/chainlit,random,backend/chainlit/socket.py,backend/chainlit/cache.py,1,1,0,0,0,0,2
Chainlit__chainlit-1575,Chainlit/chainlit,random,backend/chainlit/socket.py,backend/chainlit/emitter.py,1,1,0,1,1,0,2
Chainlit__chainlit-1575,Chainlit/chainlit,random,backend/chainlit/socket.py,backend/build.py,0,0,0,0,0,0,inf
Chainlit__chainlit-1575,Chainlit/chainlit,random,backend/chainlit/socket.py,backend/chainlit/chat_settings.py,1,1,0,1,1,0,2
Chainlit__chainlit-1575,Chainlit/chainlit,random,backend/chainlit/socket.py,cypress/e2e/tasklist/main.py,0,0,0,1,1,0,3
Chainlit__chainlit-1575,Chainlit/chainlit,random,backend/chainlit/socket.py,backend/chainlit/chat_context.py,1,1,1,0,1,0,1
Chainlit__chainlit-1575,Chainlit/chainlit,random,backend/chainlit/socket.py,backend/chainlit/message.py,1,1,1,0,1,0,1
Chainlit__chainlit-1575,Chainlit/chainlit,gold-other,backend/chainlit/config.py,backend/chainlit/server.py,1,1,1,0,1,1,1
Chainlit__chainlit-1575,Chainlit/chainlit,gold-other,backend/chainlit/config.py,backend/chainlit/socket.py,1,1,1,0,0,0,1
Chainlit__chainlit-1575,Chainlit/chainlit,gold-other,backend/chainlit/server.py,backend/chainlit/config.py,1,1,1,0,1,1,1
Chainlit__chainlit-1575,Chainlit/chainlit,gold-other,backend/chainlit/server.py,backend/chainlit/socket.py,1,1,1,0,1,0,1
Chainlit__chainlit-1575,Chainlit/chainlit,gold-other,backend/chainlit/socket.py,backend/chainlit/config.py,1,1,1,0,0,0,1
Chainlit__chainlit-1575,Chainlit/chainlit,gold-other,backend/chainlit/socket.py,backend/chainlit/server.py,1,1,1,0,1,0,1
huggingface__transformers-22496,huggingface/transformers,random,src/transformers/models/whisper/modeling_whisper.py,src/transformers/commands/transformers_cli.py,0,1,0,0,0,0,3
huggingface__transformers-22496,huggingface/transformers,random,src/transformers/models/whisper/modeling_whisper.py,src/transformers/models/sew/convert_sew_original_pytorch_checkpoint_to_pytorch.py,0,1,0,0,0,0,2
huggingface__transformers-22496,huggingface/transformers,random,src/transformers/models/whisper/modeling_whisper.py,src/transformers/models/levit/convert_levit_timm_to_pytorch.py,0,1,0,0,0,0,2
huggingface__transformers-22496,huggingface/transformers,random,src/transformers/models/whisper/modeling_whisper.py,src/transformers/models/gptsan_japanese/configuration_gptsan_japanese.py,0,1,0,1,0,0,2
huggingface__transformers-22496,huggingface/transformers,random,src/transformers/models/whisper/modeling_whisper.py,src/transformers/onnx/convert.py,0,1,0,1,0,0,2
huggingface__transformers-22496,huggingface/transformers,random,src/transformers/models/whisper/modeling_whisper.py,src/transformers/models/bloom/configuration_bloom.py,0,1,0,1,0,0,2
huggingface__transformers-22496,huggingface/transformers,random,src/transformers/models/whisper/modeling_whisper.py,examples/research_projects/distillation/lm_seqs_dataset.py,0,0,0,1,0,0,3
huggingface__transformers-22496,huggingface/transformers,random,src/transformers/models/whisper/modeling_whisper.py,src/transformers/models/cpm/tokenization_cpm.py,0,1,0,1,0,0,2
huggingface__transformers-22496,huggingface/transformers,random,src/transformers/models/whisper/modeling_whisper.py,src/transformers/models/convnext/convert_convnext_to_pytorch.py,0,1,0,0,0,0,2
huggingface__transformers-22496,huggingface/transformers,random,src/transformers/models/whisper/modeling_whisper.py,src/transformers/models/bloom/__init__.py,0,1,0,0,0,0,2
huggingface__transformers-22496,huggingface/transformers,random,src/transformers/models/whisper/processing_whisper.py,examples/legacy/seq2seq/xla_spawn.py,0,0,0,0,0,0,inf
huggingface__transformers-22496,huggingface/transformers,random,src/transformers/models/whisper/processing_whisper.py,utils/sort_auto_mappings.py,0,0,0,0,0,0,inf
huggingface__transformers-22496,huggingface/transformers,random,src/transformers/models/whisper/processing_whisper.py,src/transformers/models/tvlt/image_processing_tvlt.py,0,1,0,0,0,0,2
huggingface__transformers-22496,huggingface/transformers,random,src/transformers/models/whisper/processing_whisper.py,src/transformers/models/qdqbert/modeling_qdqbert.py,0,1,0,0,0,0,2
huggingface__transformers-22496,huggingface/transformers,random,src/transformers/models/whisper/processing_whisper.py,src/transformers/models/mobilenet_v2/modeling_mobilenet_v2.py,0,1,0,0,0,0,2
huggingface__transformers-22496,huggingface/transformers,random,src/transformers/models/whisper/processing_whisper.py,src/transformers/models/splinter/modeling_splinter.py,0,1,0,0,0,0,2
huggingface__transformers-22496,huggingface/transformers,random,src/transformers/models/whisper/processing_whisper.py,src/transformers/models/esm/configuration_esm.py,0,1,0,0,0,0,2
huggingface__transformers-22496,huggingface/transformers,random,src/transformers/models/whisper/processing_whisper.py,src/transformers/models/mbart50/tokenization_mbart50.py,0,1,0,1,1,0,3
huggingface__transformers-22496,huggingface/transformers,random,src/transformers/models/whisper/processing_whisper.py,src/transformers/generation_utils.py,0,1,0,0,0,0,3
huggingface__transformers-22496,huggingface/transformers,random,src/transformers/models/whisper/processing_whisper.py,src/transformers/models/maskformer/convert_maskformer_swin_to_pytorch.py,0,1,0,0,0,0,2
huggingface__transformers-22496,huggingface/transformers,random,src/transformers/models/whisper/tokenization_whisper.py,src/transformers/models/clip/modeling_tf_clip.py,0,1,0,1,0,0,2
huggingface__transformers-22496,huggingface/transformers,random,src/transformers/models/whisper/tokenization_whisper.py,examples/research_projects/rag-end2end-retriever/finetune_rag.py,0,0,0,1,0,0,2
huggingface__transformers-22496,huggingface/transformers,random,src/transformers/models/whisper/tokenization_whisper.py,utils/release.py,0,0,0,0,0,0,inf
huggingface__transformers-22496,huggingface/transformers,random,src/transformers/models/whisper/tokenization_whisper.py,src/transformers/models/codegen/tokenization_codegen.py,0,1,0,1,1,0,2
huggingface__transformers-22496,huggingface/transformers,random,src/transformers/models/whisper/tokenization_whisper.py,src/transformers/models/dialogpt/__init__.py,0,1,0,0,0,0,3
huggingface__transformers-22496,huggingface/transformers,random,src/transformers/models/whisper/tokenization_whisper.py,src/transformers/models/nystromformer/convert_nystromformer_original_pytorch_checkpoint_to_pytorch.py,0,1,0,0,0,0,2
huggingface__transformers-22496,huggingface/transformers,random,src/transformers/models/whisper/tokenization_whisper.py,src/transformers/models/longformer/tokenization_longformer.py,0,1,0,1,1,0,2
huggingface__transformers-22496,huggingface/transformers,random,src/transformers/models/whisper/tokenization_whisper.py,src/transformers/models/encoder_decoder/modeling_encoder_decoder.py,0,1,0,1,0,0,2
huggingface__transformers-22496,huggingface/transformers,random,src/transformers/models/whisper/tokenization_whisper.py,docs/source/fr/_config.py,0,0,0,0,0,0,inf
huggingface__transformers-22496,huggingface/transformers,random,src/transformers/models/whisper/tokenization_whisper.py,src/transformers/pipelines/question_answering.py,0,1,0,1,0,0,2
huggingface__transformers-22496,huggingface/transformers,random,src/transformers/models/whisper/tokenization_whisper_fast.py,src/transformers/models/pegasus/configuration_pegasus.py,0,1,0,0,0,0,2
huggingface__transformers-22496,huggingface/transformers,random,src/transformers/models/whisper/tokenization_whisper_fast.py,src/transformers/models/deberta_v2/__init__.py,0,1,0,0,0,0,2
huggingface__transformers-22496,huggingface/transformers,random,src/transformers/models/whisper/tokenization_whisper_fast.py,src/transformers/models/clap/__init__.py,0,1,0,0,0,0,2
huggingface__transformers-22496,huggingface/transformers,random,src/transformers/models/whisper/tokenization_whisper_fast.py,src/transformers/models/align/configuration_align.py,0,1,0,1,0,0,2
huggingface__transformers-22496,huggingface/transformers,random,src/transformers/models/whisper/tokenization_whisper_fast.py,src/transformers/utils/dummy_detectron2_objects.py,0,1,0,1,0,0,3
huggingface__transformers-22496,huggingface/transformers,random,src/transformers/models/whisper/tokenization_whisper_fast.py,src/transformers/models/vision_text_dual_encoder/modeling_tf_vision_text_dual_encoder.py,0,1,0,1,0,0,2
huggingface__transformers-22496,huggingface/transformers,random,src/transformers/models/whisper/tokenization_whisper_fast.py,src/transformers/models/conditional_detr/__init__.py,0,1,0,0,0,0,2
huggingface__transformers-22496,huggingface/transformers,random,src/transformers/models/whisper/tokenization_whisper_fast.py,src/transformers/models/mobilevit/convert_mlcvnets_to_pytorch.py,0,1,0,0,0,0,2
huggingface__transformers-22496,huggingface/transformers,random,src/transformers/models/whisper/tokenization_whisper_fast.py,src/transformers/models/xlm_roberta/tokenization_xlm_roberta.py,0,1,0,1,1,0,2
huggingface__transformers-22496,huggingface/transformers,random,src/transformers/models/whisper/tokenization_whisper_fast.py,examples/legacy/token-classification/scripts/preprocess.py,0,0,0,0,0,0,2
huggingface__transformers-22496,huggingface/transformers,gold-other,src/transformers/models/whisper/modeling_whisper.py,src/transformers/models/whisper/processing_whisper.py,1,1,0,1,0,1,2
huggingface__transformers-22496,huggingface/transformers,gold-other,src/transformers/models/whisper/modeling_whisper.py,src/transformers/models/whisper/tokenization_whisper.py,1,1,1,0,0,0,1
huggingface__transformers-22496,huggingface/transformers,gold-other,src/transformers/models/whisper/modeling_whisper.py,src/transformers/models/whisper/tokenization_whisper_fast.py,1,1,0,1,0,0,2
huggingface__transformers-22496,huggingface/transformers,gold-other,src/transformers/models/whisper/processing_whisper.py,src/transformers/models/whisper/modeling_whisper.py,1,1,0,1,0,1,2
huggingface__transformers-22496,huggingface/transformers,gold-other,src/transformers/models/whisper/processing_whisper.py,src/transformers/models/whisper/tokenization_whisper.py,1,1,0,1,1,1,2
huggingface__transformers-22496,huggingface/transformers,gold-other,src/transformers/models/whisper/processing_whisper.py,src/transformers/models/whisper/tokenization_whisper_fast.py,1,1,0,1,1,0,2
huggingface__transformers-22496,huggingface/transformers,gold-other,src/transformers/models/whisper/tokenization_whisper.py,src/transformers/models/whisper/modeling_whisper.py,1,1,1,0,0,0,1
huggingface__transformers-22496,huggingface/transformers,gold-other,src/transformers/models/whisper/tokenization_whisper.py,src/transformers/models/whisper/processing_whisper.py,1,1,0,1,1,1,2
huggingface__transformers-22496,huggingface/transformers,gold-other,src/transformers/models/whisper/tokenization_whisper.py,src/transformers/models/whisper/tokenization_whisper_fast.py,1,1,1,0,1,1,1
huggingface__transformers-22496,huggingface/transformers,gold-other,src/transformers/models/whisper/tokenization_whisper_fast.py,src/transformers/models/whisper/modeling_whisper.py,1,1,0,1,0,0,2
huggingface__transformers-22496,huggingface/transformers,gold-other,src/transformers/models/whisper/tokenization_whisper_fast.py,src/transformers/models/whisper/processing_whisper.py,1,1,0,1,1,0,2
huggingface__transformers-22496,huggingface/transformers,gold-other,src/transformers/models/whisper/tokenization_whisper_fast.py,src/transformers/models/whisper/tokenization_whisper.py,1,1,1,0,1,1,1
avantifellows__quiz-backend-84,avantifellows/quiz-backend,random,app/models.py,app/schemas.py,1,1,0,1,0,0,inf
avantifellows__quiz-backend-84,avantifellows/quiz-backend,random,app/models.py,app/database.py,1,1,0,0,0,0,inf
avantifellows__quiz-backend-84,avantifellows/quiz-backend,random,app/models.py,app/scripts/find_and_replace_some_text_in_all_quizzes.py,0,0,0,0,0,0,inf
avantifellows__quiz-backend-84,avantifellows/quiz-backend,random,app/models.py,app/__init__.py,1,1,0,0,0,0,inf
avantifellows__quiz-backend-84,avantifellows/quiz-backend,random,app/models.py,app/routers/questions.py,0,0,0,1,0,0,inf
avantifellows__quiz-backend-84,avantifellows/quiz-backend,random,app/models.py,app/routers/__init__.py,0,0,0,0,0,0,inf
avantifellows__quiz-backend-84,avantifellows/quiz-backend,random,app/models.py,app/main.py,1,1,0,0,0,0,inf
avantifellows__quiz-backend-84,avantifellows/quiz-backend,random,app/models.py,app/scripts/add_marking_scheme_to_questions_without_details.py,0,0,0,0,0,0,inf
avantifellows__quiz-backend-84,avantifellows/quiz-backend,random,app/models.py,app/scripts/tag_all_questions_with_question_set_ids.py,0,0,0,0,0,0,inf
avantifellows__quiz-backend-84,avantifellows/quiz-backend,random,app/models.py,app/utils.py,1,1,0,0,0,0,inf
avantifellows__quiz-backend-84,avantifellows/quiz-backend,random,app/routers/session_answers.py,app/scripts/tag_all_questions_with_question_set_ids.py,0,0,0,0,0,0,inf
avantifellows__quiz-backend-84,avantifellows/quiz-backend,random,app/routers/session_answers.py,app/scripts/add_marking_scheme_to_questions_without_details.py,0,0,0,0,0,0,inf
avantifellows__quiz-backend-84,avantifellows/quiz-backend,random,app/routers/session_answers.py,app/database.py,0,0,0,0,0,0,inf
avantifellows__quiz-backend-84,avantifellows/quiz-backend,random,app/routers/session_answers.py,app/utils.py,0,0,0,1,1,0,inf
avantifellows__quiz-backend-84,avantifellows/quiz-backend,random,app/routers/session_answers.py,app/scripts/update_specific_user_ids.py,0,0,0,0,0,0,inf
avantifellows__quiz-backend-84,avantifellows/quiz-backend,random,app/routers/session_answers.py,app/scripts/find_and_replace_some_text_in_all_quizzes.py,0,0,0,0,0,0,inf
avantifellows__quiz-backend-84,avantifellows/quiz-backend,random,app/routers/session_answers.py,app/settings.py,0,0,0,0,0,0,inf
avantifellows__quiz-backend-84,avantifellows/quiz-backend,random,app/routers/session_answers.py,app/__init__.py,0,0,0,0,0,0,inf
avantifellows__quiz-backend-84,avantifellows/quiz-backend,random,app/routers/session_answers.py,app/routers/organizations.py,1,1,0,0,0,0,inf
avantifellows__quiz-backend-84,avantifellows/quiz-backend,random,app/routers/session_answers.py,app/main.py,0,0,0,0,0,0,inf
avantifellows__quiz-backend-84,avantifellows/quiz-backend,random,app/routers/sessions.py,app/scripts/tag_all_questions_with_question_set_ids.py,0,0,0,0,0,0,inf
avantifellows__quiz-backend-84,avantifellows/quiz-backend,random,app/routers/sessions.py,app/scripts/add_marking_scheme_to_questions_without_details.py,0,0,0,0,0,0,inf
avantifellows__quiz-backend-84,avantifellows/quiz-backend,random,app/routers/sessions.py,app/scripts/update_specific_user_ids.py,0,0,0,0,0,0,inf
avantifellows__quiz-backend-84,avantifellows/quiz-backend,random,app/routers/sessions.py,app/database.py,0,0,0,0,0,0,inf
avantifellows__quiz-backend-84,avantifellows/quiz-backend,random,app/routers/sessions.py,app/utils.py,0,0,0,0,0,0,inf
avantifellows__quiz-backend-84,avantifellows/quiz-backend,random,app/routers/sessions.py,app/__init__.py,0,0,0,0,0,0,inf
avantifellows__quiz-backend-84,avantifellows/quiz-backend,random,app/routers/sessions.py,app/routers/questions.py,1,1,0,0,0,0,4
avantifellows__quiz-backend-84,avantifellows/quiz-backend,random,app/routers/sessions.py,app/scripts/find_and_replace_some_text_in_all_quizzes.py,0,0,0,0,0,0,inf
avantifellows__quiz-backend-84,avantifellows/quiz-backend,random,app/routers/sessions.py,app/main.py,0,0,0,0,0,0,inf
avantifellows__quiz-backend-84,avantifellows/quiz-backend,random,app/routers/sessions.py,app/routers/quizzes.py,1,1,0,0,0,1,2
avantifellows__quiz-backend-84,avantifellows/quiz-backend,gold-other,app/models.py,app/routers/session_answers.py,0,0,0,1,0,0,inf
avantifellows__quiz-backend-84,avantifellows/quiz-backend,gold-other,app/models.py,app/routers/sessions.py,0,0,0,1,0,0,inf
avantifellows__quiz-backend-84,avantifellows/quiz-backend,gold-other,app/routers/session_answers.py,app/models.py,0,0,0,1,0,0,inf
avantifellows__quiz-backend-84,avantifellows/quiz-backend,gold-other,app/routers/session_answers.py,app/routers/sessions.py,1,1,0,1,0,1,2
avantifellows__quiz-backend-84,avantifellows/quiz-backend,gold-other,app/routers/sessions.py,app/models.py,0,0,0,1,0,0,inf
avantifellows__quiz-backend-84,avantifellows/quiz-backend,gold-other,app/routers/sessions.py,app/routers/session_answers.py,1,1,0,1,0,1,2
internetarchive__openlibrary-7929,internetarchive/openlibrary,gold,openlibrary/core/lending.py,openlibrary/core/waitinglist.py,1,1,1,0,1,1,1
internetarchive__openlibrary-7929,internetarchive/openlibrary,random,openlibrary/core/lending.py,openlibrary/solr/types_generator.py,0,0,0,1,1,0,inf
internetarchive__openlibrary-7929,internetarchive/openlibrary,random,openlibrary/core/lending.py,openlibrary/core/__init__.py,1,1,0,0,0,0,inf
internetarchive__openlibrary-7929,internetarchive/openlibrary,random,openlibrary/core/lending.py,scripts/oclc_to_marc.py,0,0,0,1,0,0,inf
internetarchive__openlibrary-7929,internetarchive/openlibrary,random,openlibrary/core/lending.py,openlibrary/catalog/marc/__init__.py,0,0,0,0,0,0,inf
internetarchive__openlibrary-7929,internetarchive/openlibrary,random,openlibrary/core/lending.py,openlibrary/api.py,0,0,0,1,1,0,3
internetarchive__openlibrary-7929,internetarchive/openlibrary,random,openlibrary/core/lending.py,scripts/affiliate_server.py,0,0,0,1,1,0,2
internetarchive__openlibrary-7929,internetarchive/openlibrary,random,openlibrary/core/lending.py,openlibrary/core/lists/model.py,0,1,0,1,1,0,2
internetarchive__openlibrary-7929,internetarchive/openlibrary,random,openlibrary/core/lending.py,openlibrary/core/cache.py,1,1,1,0,1,0,1
internetarchive__openlibrary-7929,internetarchive/openlibrary,random,openlibrary/core/lending.py,openlibrary/plugins/openlibrary/utils.py,0,0,0,0,0,0,2
internetarchive__openlibrary-7929,internetarchive/openlibrary,random,openlibrary/core/lending.py,openlibrary/coverstore/utils.py,0,0,0,1,1,0,4
internetarchive__openlibrary-7929,internetarchive/openlibrary,gold,openlibrary/core/models.py,openlibrary/core/waitinglist.py,1,1,1,0,1,0,1
internetarchive__openlibrary-7929,internetarchive/openlibrary,random,openlibrary/core/models.py,openlibrary/core/middleware.py,1,1,0,0,0,0,2
internetarchive__openlibrary-7929,internetarchive/openlibrary,random,openlibrary/core/models.py,openlibrary/plugins/openlibrary/opds.py,0,0,0,1,0,0,2
internetarchive__openlibrary-7929,internetarchive/openlibrary,random,openlibrary/core/models.py,openlibrary/core/ia.py,1,1,1,0,1,0,1
internetarchive__openlibrary-7929,internetarchive/openlibrary,random,openlibrary/core/models.py,openlibrary/plugins/worksearch/schemes/authors.py,0,0,0,0,0,0,2
internetarchive__openlibrary-7929,internetarchive/openlibrary,random,openlibrary/core/models.py,openlibrary/plugins/admin/memory.py,0,0,0,0,0,0,3
internetarchive__openlibrary-7929,internetarchive/openlibrary,random,openlibrary/core/models.py,openlibrary/plugins/ol_infobase.py,0,0,0,1,1,0,2
internetarchive__openlibrary-7929,internetarchive/openlibrary,random,openlibrary/core/models.py,openlibrary/views/loanstats.py,0,0,0,0,0,0,2
internetarchive__openlibrary-7929,internetarchive/openlibrary,random,openlibrary/core/models.py,scripts/expire_accounts.py,0,0,0,0,0,0,inf
internetarchive__openlibrary-7929,internetarchive/openlibrary,random,openlibrary/core/models.py,openlibrary/core/bookshelves_events.py,1,1,0,0,0,0,2
internetarchive__openlibrary-7929,internetarchive/openlibrary,random,openlibrary/core/models.py,openlibrary/plugins/importapi/import_validator.py,0,0,0,1,0,0,4
internetarchive__openlibrary-7929,internetarchive/openlibrary,gold,openlibrary/plugins/upstream/borrow.py,openlibrary/core/waitinglist.py,0,0,1,0,1,0,1
internetarchive__openlibrary-7929,internetarchive/openlibrary,random,openlibrary/plugins/upstream/borrow.py,openlibrary/plugins/importapi/metaxml_to_json.py,0,1,0,0,0,0,4
internetarchive__openlibrary-7929,internetarchive/openlibrary,random,openlibrary/plugins/upstream/borrow.py,openlibrary/coverstore/schema.py,0,0,0,0,0,0,4
internetarchive__openlibrary-7929,internetarchive/openlibrary,random,openlibrary/plugins/upstream/borrow.py,scripts/affiliate_server.py,0,0,0,1,0,0,2
internetarchive__openlibrary-7929,internetarchive/openlibrary,random,openlibrary/plugins/upstream/borrow.py,openlibrary/utils/decorators.py,0,0,0,0,0,0,2
internetarchive__openlibrary-7929,internetarchive/openlibrary,random,openlibrary/plugins/upstream/borrow.py,scripts/pull-templates.py,0,0,0,1,1,0,5
internetarchive__openlibrary-7929,internetarchive/openlibrary,random,openlibrary/plugins/upstream/borrow.py,openlibrary/plugins/recaptcha/__init__.py,0,1,0,0,0,0,inf
internetarchive__openlibrary-7929,internetarchive/openlibrary,random,openlibrary/plugins/upstream/borrow.py,openlibrary/core/helpers.py,0,0,0,1,0,0,2
internetarchive__openlibrary-7929,internetarchive/openlibrary,random,openlibrary/plugins/upstream/borrow.py,openlibrary/plugins/openlibrary/status.py,0,1,0,1,1,0,2
internetarchive__openlibrary-7929,internetarchive/openlibrary,random,openlibrary/plugins/upstream/borrow.py,openlibrary/solr/read_dump.py,0,0,0,0,0,0,inf
internetarchive__openlibrary-7929,internetarchive/openlibrary,random,openlibrary/plugins/upstream/borrow.py,scripts/solr_builder/__init__.py,0,0,0,0,0,0,inf
internetarchive__openlibrary-7929,internetarchive/openlibrary,gold-other,openlibrary/core/lending.py,openlibrary/core/models.py,1,1,0,1,1,0,2
internetarchive__openlibrary-7929,internetarchive/openlibrary,gold-other,openlibrary/core/lending.py,openlibrary/plugins/upstream/borrow.py,0,0,1,0,1,0,1
internetarchive__openlibrary-7929,internetarchive/openlibrary,gold-other,openlibrary/core/models.py,openlibrary/core/lending.py,1,1,0,1,1,0,2
internetarchive__openlibrary-7929,internetarchive/openlibrary,gold-other,openlibrary/core/models.py,openlibrary/plugins/upstream/borrow.py,0,0,1,0,1,0,1
internetarchive__openlibrary-7929,internetarchive/openlibrary,gold-other,openlibrary/core/waitinglist.py,openlibrary/core/lending.py,1,1,1,0,1,1,1
internetarchive__openlibrary-7929,internetarchive/openlibrary,gold-other,openlibrary/core/waitinglist.py,openlibrary/core/models.py,1,1,1,0,1,0,1
internetarchive__openlibrary-7929,internetarchive/openlibrary,gold-other,openlibrary/core/waitinglist.py,openlibrary/plugins/upstream/borrow.py,0,0,1,0,1,0,1
internetarchive__openlibrary-7929,internetarchive/openlibrary,gold-other,openlibrary/plugins/upstream/borrow.py,openlibrary/core/lending.py,0,0,1,0,1,0,1
internetarchive__openlibrary-7929,internetarchive/openlibrary,gold-other,openlibrary/plugins/upstream/borrow.py,openlibrary/core/models.py,0,0,1,0,1,0,1
rwth-i6__sisyphus-191,rwth-i6/sisyphus,gold-other,sisyphus/aws_batch_engine.py,sisyphus/load_sharing_facility_engine.py,1,1,0,1,1,0,2
rwth-i6__sisyphus-191,rwth-i6/sisyphus,gold-other,sisyphus/aws_batch_engine.py,sisyphus/simple_linux_utility_for_resource_management_engine.py,1,1,0,1,1,0,2
rwth-i6__sisyphus-191,rwth-i6/sisyphus,gold-other,sisyphus/aws_batch_engine.py,sisyphus/son_of_grid_engine.py,1,1,0,1,1,0,2
rwth-i6__sisyphus-191,rwth-i6/sisyphus,gold-other,sisyphus/load_sharing_facility_engine.py,sisyphus/aws_batch_engine.py,1,1,0,1,1,0,2
rwth-i6__sisyphus-191,rwth-i6/sisyphus,gold-other,sisyphus/load_sharing_facility_engine.py,sisyphus/simple_linux_utility_for_resource_management_engine.py,1,1,0,1,1,0,2
rwth-i6__sisyphus-191,rwth-i6/sisyphus,gold-other,sisyphus/load_sharing_facility_engine.py,sisyphus/son_of_grid_engine.py,1,1,0,1,1,0,2
rwth-i6__sisyphus-191,rwth-i6/sisyphus,gold-other,sisyphus/simple_linux_utility_for_resource_management_engine.py,sisyphus/aws_batch_engine.py,1,1,0,1,1,0,2
rwth-i6__sisyphus-191,rwth-i6/sisyphus,gold-other,sisyphus/simple_linux_utility_for_resource_management_engine.py,sisyphus/load_sharing_facility_engine.py,1,1,0,1,1,0,2
rwth-i6__sisyphus-191,rwth-i6/sisyphus,gold-other,sisyphus/simple_linux_utility_for_resource_management_engine.py,sisyphus/son_of_grid_engine.py,1,1,0,1,1,0,2
rwth-i6__sisyphus-191,rwth-i6/sisyphus,gold-other,sisyphus/son_of_grid_engine.py,sisyphus/aws_batch_engine.py,1,1,0,1,1,0,2
rwth-i6__sisyphus-191,rwth-i6/sisyphus,gold-other,sisyphus/son_of_grid_engine.py,sisyphus/load_sharing_facility_engine.py,1,1,0,1,1,0,2
rwth-i6__sisyphus-191,rwth-i6/sisyphus,gold-other,sisyphus/son_of_grid_engine.py,sisyphus/simple_linux_utility_for_resource_management_engine.py,1,1,0,1,1,0,2
modin-project__modin-6836,modin-project/modin,gold,modin/core/dataframe/pandas/partitioning/partition_manager.py,modin/core/dataframe/algebra/binary.py,0,1,0,1,1,0,2
modin-project__modin-6836,modin-project/modin,gold,modin/core/dataframe/pandas/partitioning/partition_manager.py,modin/core/dataframe/pandas/dataframe/dataframe.py,0,1,0,1,1,0,2
modin-project__modin-6836,modin-project/modin,gold,modin/core/dataframe/pandas/partitioning/partition_manager.py,modin/core/execution/ray/common/engine_wrapper.py,0,1,0,1,1,0,2
modin-project__modin-6836,modin-project/modin,random,modin/core/dataframe/pandas/partitioning/partition_manager.py,modin/distributed/dataframe/__init__.py,0,0,0,0,0,0,inf
modin-project__modin-6836,modin-project/modin,random,modin/core/dataframe/pandas/partitioning/partition_manager.py,modin/core/storage_formats/__init__.py,0,1,0,0,0,0,3
modin-project__modin-6836,modin-project/modin,random,modin/core/dataframe/pandas/partitioning/partition_manager.py,modin/core/storage_formats/cudf/__init__.py,0,1,0,0,0,0,4
modin-project__modin-6836,modin-project/modin,random,modin/core/dataframe/pandas/partitioning/partition_manager.py,asv_bench/benchmarks/hdk/benchmarks.py,0,0,0,0,0,0,3
modin-project__modin-6836,modin-project/modin,random,modin/core/dataframe/pandas/partitioning/partition_manager.py,modin/core/execution/ray/generic/partitioning/partition_manager.py,0,1,1,0,1,0,1
modin-project__modin-6836,modin-project/modin,random,modin/core/dataframe/pandas/partitioning/partition_manager.py,modin/core/dataframe/algebra/tree_reduce.py,0,1,0,0,0,0,3
modin-project__modin-6836,modin-project/modin,random,modin/core/dataframe/pandas/partitioning/partition_manager.py,modin/core/dataframe/base/interchange/dataframe_protocol/utils.py,0,1,0,0,0,0,4
modin-project__modin-6836,modin-project/modin,random,modin/core/dataframe/pandas/partitioning/partition_manager.py,modin/core/dataframe/pandas/utils.py,0,1,1,0,1,0,1
modin-project__modin-6836,modin-project/modin,random,modin/core/dataframe/pandas/partitioning/partition_manager.py,modin/core/dataframe/algebra/default2pandas/series.py,0,1,0,0,0,0,3
modin-project__modin-6836,modin-project/modin,random,modin/core/dataframe/pandas/partitioning/partition_manager.py,modin/core/dataframe/pandas/interchange/dataframe_protocol/dataframe.py,0,1,0,1,1,0,3
modin-project__modin-6836,modin-project/modin,gold-other,modin/core/dataframe/algebra/binary.py,modin/core/dataframe/pandas/dataframe/dataframe.py,0,1,0,1,1,0,2
modin-project__modin-6836,modin-project/modin,gold-other,modin/core/dataframe/algebra/binary.py,modin/core/dataframe/pandas/partitioning/partition_manager.py,0,1,0,1,1,0,2
modin-project__modin-6836,modin-project/modin,gold-other,modin/core/dataframe/algebra/binary.py,modin/core/execution/ray/common/engine_wrapper.py,0,1,0,1,0,0,3
modin-project__modin-6836,modin-project/modin,gold-other,modin/core/dataframe/pandas/dataframe/dataframe.py,modin/core/dataframe/algebra/binary.py,0,1,0,1,1,0,2
modin-project__modin-6836,modin-project/modin,gold-other,modin/core/dataframe/pandas/dataframe/dataframe.py,modin/core/dataframe/pandas/partitioning/partition_manager.py,0,1,0,1,1,0,2
modin-project__modin-6836,modin-project/modin,gold-other,modin/core/dataframe/pandas/dataframe/dataframe.py,modin/core/execution/ray/common/engine_wrapper.py,0,1,0,1,0,1,2
modin-project__modin-6836,modin-project/modin,gold-other,modin/core/execution/ray/common/engine_wrapper.py,modin/core/dataframe/algebra/binary.py,0,1,0,1,0,0,3
modin-project__modin-6836,modin-project/modin,gold-other,modin/core/execution/ray/common/engine_wrapper.py,modin/core/dataframe/pandas/dataframe/dataframe.py,0,1,0,1,0,1,2
modin-project__modin-6836,modin-project/modin,gold-other,modin/core/execution/ray/common/engine_wrapper.py,modin/core/dataframe/pandas/partitioning/partition_manager.py,0,1,0,1,1,0,2
Open-MSS__MSS-1967,Open-MSS/MSS,gold-other,mslib/msui/mscolab.py,mslib/msui/socket_control.py,1,1,1,0,1,0,1
Open-MSS__MSS-1967,Open-MSS/MSS,gold-other,mslib/msui/mscolab.py,mslib/utils/airdata.py,0,0,0,0,0,0,2
Open-MSS__MSS-1967,Open-MSS/MSS,gold-other,mslib/msui/socket_control.py,mslib/msui/mscolab.py,1,1,1,0,1,0,1
Open-MSS__MSS-1967,Open-MSS/MSS,gold-other,mslib/msui/socket_control.py,mslib/utils/airdata.py,0,0,0,0,0,0,3
Open-MSS__MSS-1967,Open-MSS/MSS,gold-other,mslib/utils/airdata.py,mslib/msui/mscolab.py,0,0,0,0,0,0,2
Open-MSS__MSS-1967,Open-MSS/MSS,gold-other,mslib/utils/airdata.py,mslib/msui/socket_control.py,0,0,0,0,0,0,3
vllm-project__vllm-5473,vllm-project/vllm,gold,vllm/config.py,vllm/distributed/device_communicators/custom_all_reduce_utils.py,0,0,0,0,0,0,2
vllm-project__vllm-5473,vllm-project/vllm,gold,vllm/config.py,vllm/executor/multiproc_gpu_executor.py,0,0,0,0,0,0,2
vllm-project__vllm-5473,vllm-project/vllm,random,vllm/config.py,vllm/transformers_utils/tokenizer_group/tokenizer_group.py,0,0,0,0,0,0,2
vllm-project__vllm-5473,vllm-project/vllm,random,vllm/config.py,vllm/attention/layer.py,0,0,1,0,0,0,1
vllm-project__vllm-5473,vllm-project/vllm,random,vllm/config.py,vllm/engine/output_processor/__init__.py,0,0,0,0,0,0,inf
vllm-project__vllm-5473,vllm-project/vllm,random,vllm/config.py,vllm/attention/backends/pallas.py,0,0,0,0,0,0,3
vllm-project__vllm-5473,vllm-project/vllm,random,vllm/config.py,vllm/model_executor/layers/quantization/utils/marlin_perms.py,0,0,0,0,0,0,4
vllm-project__vllm-5473,vllm-project/vllm,random,vllm/config.py,vllm/spec_decode/spec_decode_worker.py,0,0,1,0,1,0,1
vllm-project__vllm-5473,vllm-project/vllm,random,vllm/config.py,vllm/attention/backends/rocm_flash_attn.py,0,0,0,0,0,0,2
vllm-project__vllm-5473,vllm-project/vllm,random,vllm/config.py,examples/llava_example.py,0,0,0,0,0,0,2
vllm-project__vllm-5473,vllm-project/vllm,random,vllm/config.py,vllm/worker/cache_engine.py,0,0,1,0,1,0,1
vllm-project__vllm-5473,vllm-project/vllm,random,vllm/config.py,vllm/usage/usage_lib.py,0,0,0,0,0,0,2
vllm-project__vllm-5473,vllm-project/vllm,gold,vllm/distributed/device_communicators/custom_all_reduce.py,vllm/distributed/device_communicators/custom_all_reduce_utils.py,1,1,1,0,1,0,1
vllm-project__vllm-5473,vllm-project/vllm,gold,vllm/distributed/device_communicators/custom_all_reduce.py,vllm/executor/multiproc_gpu_executor.py,0,0,0,1,1,0,2
vllm-project__vllm-5473,vllm-project/vllm,random,vllm/distributed/device_communicators/custom_all_reduce.py,vllm/lora/fully_sharded_layers.py,0,0,0,0,0,0,2
vllm-project__vllm-5473,vllm-project/vllm,random,vllm/distributed/device_communicators/custom_all_reduce.py,vllm/transformers_utils/configs/mpt.py,0,0,0,0,0,0,3
vllm-project__vllm-5473,vllm-project/vllm,random,vllm/distributed/device_communicators/custom_all_reduce.py,vllm/executor/executor_base.py,0,0,0,0,0,0,3
vllm-project__vllm-5473,vllm-project/vllm,random,vllm/distributed/device_communicators/custom_all_reduce.py,examples/api_client.py,0,0,0,0,0,0,inf
vllm-project__vllm-5473,vllm-project/vllm,random,vllm/distributed/device_communicators/custom_all_reduce.py,vllm/sequence.py,0,0,0,0,0,0,3
vllm-project__vllm-5473,vllm-project/vllm,random,vllm/distributed/device_communicators/custom_all_reduce.py,vllm/logger.py,0,0,1,0,1,0,1
vllm-project__vllm-5473,vllm-project/vllm,random,vllm/distributed/device_communicators/custom_all_reduce.py,vllm/model_executor/layers/quantization/compressed_tensors/schemes/compressed_tensors_w8a8_statictensor.py,0,0,0,0,0,0,2
vllm-project__vllm-5473,vllm-project/vllm,random,vllm/distributed/device_communicators/custom_all_reduce.py,vllm/transformers_utils/configs/chatglm.py,0,0,0,0,0,0,3
vllm-project__vllm-5473,vllm-project/vllm,random,vllm/distributed/device_communicators/custom_all_reduce.py,vllm/core/policy.py,0,0,0,0,0,0,3
vllm-project__vllm-5473,vllm-project/vllm,random,vllm/distributed/device_communicators/custom_all_reduce.py,vllm/engine/output_processor/stop_checker.py,0,0,0,0,0,0,3
vllm-project__vllm-5473,vllm-project/vllm,gold,vllm/utils.py,vllm/distributed/device_communicators/custom_all_reduce_utils.py,0,0,0,1,1,0,2
vllm-project__vllm-5473,vllm-project/vllm,gold,vllm/utils.py,vllm/executor/multiproc_gpu_executor.py,0,0,1,0,1,0,1
vllm-project__vllm-5473,vllm-project/vllm,random,vllm/utils.py,vllm/distributed/utils.py,0,0,0,0,0,0,3
vllm-project__vllm-5473,vllm-project/vllm,random,vllm/utils.py,vllm/pooling_params.py,1,1,0,0,0,0,2
vllm-project__vllm-5473,vllm-project/vllm,random,vllm/utils.py,benchmarks/cutlass_benchmarks/weight_shapes.py,0,0,0,0,0,0,3
vllm-project__vllm-5473,vllm-project/vllm,random,vllm/utils.py,vllm/model_executor/layers/quantization/compressed_tensors/schemes/compressed_tensors_scheme.py,0,0,0,0,0,0,3
vllm-project__vllm-5473,vllm-project/vllm,random,vllm/utils.py,benchmarks/kernels/benchmark_moe.py,0,0,0,1,1,0,3
vllm-project__vllm-5473,vllm-project/vllm,random,vllm/utils.py,vllm/model_executor/layers/__init__.py,0,0,0,0,0,0,inf
vllm-project__vllm-5473,vllm-project/vllm,random,vllm/utils.py,vllm/model_executor/layers/ops/__init__.py,0,0,0,0,0,0,inf
vllm-project__vllm-5473,vllm-project/vllm,random,vllm/utils.py,vllm/model_executor/layers/quantization/bitsandbytes.py,0,0,0,0,0,0,3
vllm-project__vllm-5473,vllm-project/vllm,random,vllm/utils.py,vllm/model_executor/layers/pooler.py,0,0,0,0,0,0,2
vllm-project__vllm-5473,vllm-project/vllm,random,vllm/utils.py,vllm/model_executor/layers/logits_processor.py,0,0,0,0,0,1,2
vllm-project__vllm-5473,vllm-project/vllm,gold-other,vllm/config.py,vllm/distributed/device_communicators/custom_all_reduce.py,0,0,0,0,0,0,2
vllm-project__vllm-5473,vllm-project/vllm,gold-other,vllm/config.py,vllm/utils.py,1,1,1,0,1,1,1
vllm-project__vllm-5473,vllm-project/vllm,gold-other,vllm/distributed/device_communicators/custom_all_reduce.py,vllm/config.py,0,0,0,0,0,0,2
vllm-project__vllm-5473,vllm-project/vllm,gold-other,vllm/distributed/device_communicators/custom_all_reduce.py,vllm/utils.py,0,0,0,0,0,0,2
vllm-project__vllm-5473,vllm-project/vllm,gold-other,vllm/distributed/device_communicators/custom_all_reduce_utils.py,vllm/config.py,0,0,0,0,0,0,2
vllm-project__vllm-5473,vllm-project/vllm,gold-other,vllm/distributed/device_communicators/custom_all_reduce_utils.py,vllm/distributed/device_communicators/custom_all_reduce.py,1,1,1,0,1,0,1
vllm-project__vllm-5473,vllm-project/vllm,gold-other,vllm/distributed/device_communicators/custom_all_reduce_utils.py,vllm/executor/multiproc_gpu_executor.py,0,0,0,0,0,0,2
vllm-project__vllm-5473,vllm-project/vllm,gold-other,vllm/distributed/device_communicators/custom_all_reduce_utils.py,vllm/utils.py,0,0,0,1,1,0,2
vllm-project__vllm-5473,vllm-project/vllm,gold-other,vllm/executor/multiproc_gpu_executor.py,vllm/config.py,0,0,0,0,0,0,2
vllm-project__vllm-5473,vllm-project/vllm,gold-other,vllm/executor/multiproc_gpu_executor.py,vllm/distributed/device_communicators/custom_all_reduce.py,0,0,0,1,1,0,2
vllm-project__vllm-5473,vllm-project/vllm,gold-other,vllm/executor/multiproc_gpu_executor.py,vllm/distributed/device_communicators/custom_all_reduce_utils.py,0,0,0,0,0,0,2
vllm-project__vllm-5473,vllm-project/vllm,gold-other,vllm/executor/multiproc_gpu_executor.py,vllm/utils.py,0,0,1,0,1,0,1
vllm-project__vllm-5473,vllm-project/vllm,gold-other,vllm/utils.py,vllm/config.py,1,1,1,0,1,1,1
vllm-project__vllm-5473,vllm-project/vllm,gold-other,vllm/utils.py,vllm/distributed/device_communicators/custom_all_reduce.py,0,0,0,0,0,0,2
tardis-sn__tardis-2782,tardis-sn/tardis,gold,benchmarks/transport_montecarlo_packet_trackers.py,benchmarks/opacities_opacity.py,1,1,0,0,0,0,2
tardis-sn__tardis-2782,tardis-sn/tardis,random,benchmarks/transport_montecarlo_packet_trackers.py,tardis/io/configuration/config_reader.py,0,0,0,0,0,0,2
tardis-sn__tardis-2782,tardis-sn/tardis,random,benchmarks/transport_montecarlo_packet_trackers.py,tardis/plasma/standard_plasmas.py,0,0,0,0,0,0,3
tardis-sn__tardis-2782,tardis-sn/tardis,random,benchmarks/transport_montecarlo_packet_trackers.py,tardis/visualization/widgets/__init__.py,0,0,0,0,0,0,inf
tardis-sn__tardis-2782,tardis-sn/tardis,random,benchmarks/transport_montecarlo_packet_trackers.py,tardis/_astropy_init.py,0,0,0,0,0,0,3
tardis-sn__tardis-2782,tardis-sn/tardis,random,benchmarks/transport_montecarlo_packet_trackers.py,tardis/transport/__init__.py,0,0,0,0,0,0,inf
tardis-sn__tardis-2782,tardis-sn/tardis,random,benchmarks/transport_montecarlo_packet_trackers.py,tardis/transport/montecarlo/montecarlo_transport_state.py,0,0,0,0,0,0,3
tardis-sn__tardis-2782,tardis-sn/tardis,random,benchmarks/transport_montecarlo_packet_trackers.py,benchmarks/transport_montecarlo_vpacket.py,1,1,0,1,0,0,2
tardis-sn__tardis-2782,tardis-sn/tardis,random,benchmarks/transport_montecarlo_packet_trackers.py,tardis/io/model/readers/stella.py,0,0,0,0,0,0,inf
tardis-sn__tardis-2782,tardis-sn/tardis,random,benchmarks/transport_montecarlo_packet_trackers.py,tardis/visualization/tools/rpacket_plot.py,0,0,0,0,0,0,4
tardis-sn__tardis-2782,tardis-sn/tardis,random,benchmarks/transport_montecarlo_packet_trackers.py,tardis/transport/montecarlo/estimators/continuum_radfield_properties.py,0,0,0,0,0,0,3
tardis-sn__tardis-2782,tardis-sn/tardis,gold-other,benchmarks/opacities_opacity.py,benchmarks/transport_montecarlo_packet_trackers.py,1,1,0,0,0,0,2
gammasim__simtools-1183,gammasim/simtools,gold,simtools/db/db_handler.py,simtools/applications/db_get_parameter_from_db.py,0,0,1,0,1,0,1
gammasim__simtools-1183,gammasim/simtools,gold,simtools/db/db_handler.py,simtools/db/db_array_elements.py,1,1,1,0,1,0,1
gammasim__simtools-1183,gammasim/simtools,random,simtools/db/db_handler.py,simtools/data_model/__init__.py,0,0,0,0,0,0,inf
gammasim__simtools-1183,gammasim/simtools,random,simtools/db/db_handler.py,simtools/configuration/commandline_parser.py,0,0,0,1,0,0,2
gammasim__simtools-1183,gammasim/simtools,random,simtools/db/db_handler.py,simtools/io_operations/hdf5_handler.py,0,0,0,0,0,0,2
gammasim__simtools-1183,gammasim/simtools,random,simtools/db/db_handler.py,simtools/corsika/corsika_histograms.py,0,0,0,0,0,1,2
gammasim__simtools-1183,gammasim/simtools,random,simtools/db/db_handler.py,simtools/model/__init__.py,0,0,0,0,0,0,inf
gammasim__simtools-1183,gammasim/simtools,random,simtools/db/db_handler.py,simtools/visualization/visualize.py,0,0,0,0,0,0,2
gammasim__simtools-1183,gammasim/simtools,random,simtools/db/db_handler.py,simtools/applications/db_development_tools/write_array_elements_positions_to_repository.py,0,0,0,1,0,0,2
gammasim__simtools-1183,gammasim/simtools,random,simtools/db/db_handler.py,simtools/applications/db_get_file_from_db.py,0,0,1,0,1,0,1
gammasim__simtools-1183,gammasim/simtools,random,simtools/db/db_handler.py,simtools/applications/generate_array_config.py,0,0,0,1,0,0,2
gammasim__simtools-1183,gammasim/simtools,random,simtools/db/db_handler.py,simtools/io_operations/__init__.py,0,0,0,0,0,0,inf
gammasim__simtools-1183,gammasim/simtools,gold-other,simtools/applications/db_get_parameter_from_db.py,simtools/db/db_array_elements.py,0,0,0,0,0,0,2
gammasim__simtools-1183,gammasim/simtools,gold-other,simtools/applications/db_get_parameter_from_db.py,simtools/db/db_handler.py,0,0,1,0,1,0,1
gammasim__simtools-1183,gammasim/simtools,gold-other,simtools/db/db_array_elements.py,simtools/applications/db_get_parameter_from_db.py,0,0,0,0,0,0,2
gammasim__simtools-1183,gammasim/simtools,gold-other,simtools/db/db_array_elements.py,simtools/db/db_handler.py,1,1,1,0,1,0,1
ctc-oss__fapolicy-analyzer-809,ctc-oss/fapolicy-analyzer,random,fapolicy_analyzer/ui/features/profiler_feature.py,examples/show_system.py,0,0,0,0,0,0,2
ctc-oss__fapolicy-analyzer-809,ctc-oss/fapolicy-analyzer,random,fapolicy_analyzer/ui/features/profiler_feature.py,fapolicy_analyzer/redux/_internal/epic.py,0,0,1,0,1,0,1
ctc-oss__fapolicy-analyzer-809,ctc-oss/fapolicy-analyzer,random,fapolicy_analyzer/ui/features/profiler_feature.py,help/__init__.py,0,0,0,0,0,0,inf
ctc-oss__fapolicy-analyzer-809,ctc-oss/fapolicy-analyzer,random,fapolicy_analyzer/ui/features/profiler_feature.py,fapolicy_analyzer/util/__init__.py,0,0,0,0,0,0,inf
ctc-oss__fapolicy-analyzer-809,ctc-oss/fapolicy-analyzer,random,fapolicy_analyzer/ui/features/profiler_feature.py,scripts/srpm/lock2spec.py,0,0,0,0,0,0,inf
ctc-oss__fapolicy-analyzer-809,ctc-oss/fapolicy-analyzer,random,fapolicy_analyzer/ui/features/profiler_feature.py,fapolicy_analyzer/resources/__init__.py,0,0,0,0,0,0,inf
ctc-oss__fapolicy-analyzer-809,ctc-oss/fapolicy-analyzer,random,fapolicy_analyzer/ui/features/profiler_feature.py,fapolicy_analyzer/ui/confirm_deployment_dialog.py,0,1,0,0,0,0,2
ctc-oss__fapolicy-analyzer-809,ctc-oss/fapolicy-analyzer,random,fapolicy_analyzer/ui/features/profiler_feature.py,examples/service_status.py,0,0,0,0,0,0,2
ctc-oss__fapolicy-analyzer-809,ctc-oss/fapolicy-analyzer,random,fapolicy_analyzer/ui/features/profiler_feature.py,fapolicy_analyzer/redux/_internal/constants.py,0,0,0,0,0,0,2
ctc-oss__fapolicy-analyzer-809,ctc-oss/fapolicy-analyzer,random,fapolicy_analyzer/ui/features/profiler_feature.py,fapolicy_analyzer/ui/rules/rules_status_info.py,0,1,0,0,0,0,3
ctc-oss__fapolicy-analyzer-809,ctc-oss/fapolicy-analyzer,random,fapolicy_analyzer/ui/profiler_page.py,fapolicy_analyzer/util/__init__.py,0,0,0,0,0,0,inf
ctc-oss__fapolicy-analyzer-809,ctc-oss/fapolicy-analyzer,random,fapolicy_analyzer/ui/profiler_page.py,fapolicy_analyzer/redux/__init__.py,0,0,0,0,0,1,2
ctc-oss__fapolicy-analyzer-809,ctc-oss/fapolicy-analyzer,random,fapolicy_analyzer/ui/profiler_page.py,fapolicy_analyzer/ui/strings.py,1,1,0,0,0,0,2
ctc-oss__fapolicy-analyzer-809,ctc-oss/fapolicy-analyzer,random,fapolicy_analyzer/ui/profiler_page.py,setup.py,0,0,0,0,0,0,inf
ctc-oss__fapolicy-analyzer-809,ctc-oss/fapolicy-analyzer,random,fapolicy_analyzer/ui/profiler_page.py,fapolicy_analyzer/ui/add_file_button.py,1,1,0,0,0,0,2
ctc-oss__fapolicy-analyzer-809,ctc-oss/fapolicy-analyzer,random,fapolicy_analyzer/ui/profiler_page.py,fapolicy_analyzer/util/xdg_utils.py,0,0,0,0,0,0,3
ctc-oss__fapolicy-analyzer-809,ctc-oss/fapolicy-analyzer,random,fapolicy_analyzer/ui/profiler_page.py,examples/change_rules.py,0,0,0,0,0,0,3
ctc-oss__fapolicy-analyzer-809,ctc-oss/fapolicy-analyzer,random,fapolicy_analyzer/ui/profiler_page.py,help/__init__.py,0,0,0,0,0,0,inf
ctc-oss__fapolicy-analyzer-809,ctc-oss/fapolicy-analyzer,random,fapolicy_analyzer/ui/profiler_page.py,examples/change_trust.py,0,0,0,0,0,0,3
ctc-oss__fapolicy-analyzer-809,ctc-oss/fapolicy-analyzer,random,fapolicy_analyzer/ui/profiler_page.py,fapolicy_analyzer/ui/features/system_feature.py,0,1,0,0,0,0,2
ctc-oss__fapolicy-analyzer-809,ctc-oss/fapolicy-analyzer,random,fapolicy_analyzer/ui/reducers/profiler_reducer.py,fapolicy_analyzer/ui/main_window.py,0,1,0,0,0,0,2
ctc-oss__fapolicy-analyzer-809,ctc-oss/fapolicy-analyzer,random,fapolicy_analyzer/ui/reducers/profiler_reducer.py,fapolicy_analyzer/ui/notification.py,0,1,0,0,0,0,2
ctc-oss__fapolicy-analyzer-809,ctc-oss/fapolicy-analyzer,random,fapolicy_analyzer/ui/reducers/profiler_reducer.py,fapolicy_analyzer/ui/deploy_revert_dialog.py,0,1,0,0,0,0,3
ctc-oss__fapolicy-analyzer-809,ctc-oss/fapolicy-analyzer,random,fapolicy_analyzer/ui/reducers/profiler_reducer.py,fapolicy_analyzer/ui/action_toolbar.py,0,1,0,0,0,0,3
ctc-oss__fapolicy-analyzer-809,ctc-oss/fapolicy-analyzer,random,fapolicy_analyzer/ui/reducers/profiler_reducer.py,fapolicy_analyzer/ui/rules/rules_text_view.py,0,1,0,0,0,0,3
ctc-oss__fapolicy-analyzer-809,ctc-oss/fapolicy-analyzer,random,fapolicy_analyzer/ui/reducers/profiler_reducer.py,scripts/srpm/lock2spec.py,0,0,0,0,0,0,inf
ctc-oss__fapolicy-analyzer-809,ctc-oss/fapolicy-analyzer,random,fapolicy_analyzer/ui/reducers/profiler_reducer.py,fapolicy_analyzer/redux/_internal/reducer.py,0,0,1,0,1,0,1
ctc-oss__fapolicy-analyzer-809,ctc-oss/fapolicy-analyzer,random,fapolicy_analyzer/ui/reducers/profiler_reducer.py,setup.py,0,0,0,0,0,0,inf
ctc-oss__fapolicy-analyzer-809,ctc-oss/fapolicy-analyzer,random,fapolicy_analyzer/ui/reducers/profiler_reducer.py,examples/analyze_log.py,0,0,0,0,0,0,3
ctc-oss__fapolicy-analyzer-809,ctc-oss/fapolicy-analyzer,random,fapolicy_analyzer/ui/reducers/profiler_reducer.py,fapolicy_analyzer/ui/reducers/changeset_reducer.py,1,1,0,0,0,0,2
ctc-oss__fapolicy-analyzer-809,ctc-oss/fapolicy-analyzer,gold-other,fapolicy_analyzer/ui/features/profiler_feature.py,fapolicy_analyzer/ui/profiler_page.py,0,1,0,0,0,0,2
ctc-oss__fapolicy-analyzer-809,ctc-oss/fapolicy-analyzer,gold-other,fapolicy_analyzer/ui/features/profiler_feature.py,fapolicy_analyzer/ui/reducers/profiler_reducer.py,0,1,1,0,0,0,1
ctc-oss__fapolicy-analyzer-809,ctc-oss/fapolicy-analyzer,gold-other,fapolicy_analyzer/ui/profiler_page.py,fapolicy_analyzer/ui/features/profiler_feature.py,0,1,0,0,0,0,2
ctc-oss__fapolicy-analyzer-809,ctc-oss/fapolicy-analyzer,gold-other,fapolicy_analyzer/ui/profiler_page.py,fapolicy_analyzer/ui/reducers/profiler_reducer.py,0,1,1,0,0,1,1
ctc-oss__fapolicy-analyzer-809,ctc-oss/fapolicy-analyzer,gold-other,fapolicy_analyzer/ui/reducers/profiler_reducer.py,fapolicy_analyzer/ui/features/profiler_feature.py,0,1,1,0,0,0,1
ctc-oss__fapolicy-analyzer-809,ctc-oss/fapolicy-analyzer,gold-other,fapolicy_analyzer/ui/reducers/profiler_reducer.py,fapolicy_analyzer/ui/profiler_page.py,0,1,1,0,0,1,1
ray-project__ray-26818,ray-project/ray,gold-other,dashboard/datacenter.py,dashboard/modules/actor/actor_head.py,0,0,0,1,1,0,2
ray-project__ray-26818,ray-project/ray,gold-other,dashboard/datacenter.py,dashboard/modules/node/node_head.py,0,0,0,1,1,0,2
ray-project__ray-26818,ray-project/ray,gold-other,dashboard/modules/actor/actor_head.py,dashboard/datacenter.py,0,0,0,1,1,0,2
ray-project__ray-26818,ray-project/ray,gold-other,dashboard/modules/actor/actor_head.py,dashboard/modules/node/node_head.py,0,1,0,1,0,0,2
ray-project__ray-26818,ray-project/ray,gold-other,dashboard/modules/node/node_head.py,dashboard/datacenter.py,0,0,0,1,1,0,2
ray-project__ray-26818,ray-project/ray,gold-other,dashboard/modules/node/node_head.py,dashboard/modules/actor/actor_head.py,0,1,0,1,0,0,2
vllm-project__vllm-6050,vllm-project/vllm,random,vllm/config.py,vllm/model_executor/models/mixtral.py,0,0,1,0,0,0,1
vllm-project__vllm-6050,vllm-project/vllm,random,vllm/config.py,vllm/executor/tpu_executor.py,0,0,0,0,0,0,2
vllm-project__vllm-6050,vllm-project/vllm,random,vllm/config.py,examples/openai_vision_api_client.py,0,0,0,0,0,0,inf
vllm-project__vllm-6050,vllm-project/vllm,random,vllm/config.py,vllm/transformers_utils/image_processor.py,0,0,0,0,0,0,2
vllm-project__vllm-6050,vllm-project/vllm,random,vllm/config.py,vllm/model_executor/models/gpt_neox.py,0,0,1,0,0,0,1
vllm-project__vllm-6050,vllm-project/vllm,random,vllm/config.py,vllm/transformers_utils/tokenizer_group/tokenizer_group.py,0,0,0,0,0,0,2
vllm-project__vllm-6050,vllm-project/vllm,random,vllm/config.py,vllm/attention/backends/pallas.py,0,0,0,0,0,0,3
vllm-project__vllm-6050,vllm-project/vllm,random,vllm/config.py,vllm/attention/backends/rocm_flash_attn.py,0,0,0,0,0,0,2
vllm-project__vllm-6050,vllm-project/vllm,random,vllm/config.py,vllm/entrypoints/openai/run_batch.py,0,0,0,0,0,0,2
vllm-project__vllm-6050,vllm-project/vllm,random,vllm/config.py,vllm/core/interfaces.py,0,0,0,1,0,1,2
vllm-project__vllm-6050,vllm-project/vllm,random,vllm/spec_decode/spec_decode_worker.py,vllm/attention/layer.py,0,0,0,1,0,0,2
vllm-project__vllm-6050,vllm-project/vllm,random,vllm/spec_decode/spec_decode_worker.py,vllm/entrypoints/api_server.py,0,0,0,0,0,0,3
vllm-project__vllm-6050,vllm-project/vllm,random,vllm/spec_decode/spec_decode_worker.py,vllm/model_executor/model_loader/openvino.py,0,0,0,1,0,0,2
vllm-project__vllm-6050,vllm-project/vllm,random,vllm/spec_decode/spec_decode_worker.py,vllm/multimodal/__init__.py,0,0,0,0,0,0,2
vllm-project__vllm-6050,vllm-project/vllm,random,vllm/spec_decode/spec_decode_worker.py,examples/offline_inference_embedding.py,0,0,0,0,0,0,3
vllm-project__vllm-6050,vllm-project/vllm,random,vllm/spec_decode/spec_decode_worker.py,vllm/attention/ops/triton_flash_attention.py,0,0,0,1,0,0,3
vllm-project__vllm-6050,vllm-project/vllm,random,vllm/spec_decode/spec_decode_worker.py,vllm/model_executor/layers/quantization/deepspeedfp.py,0,0,0,1,0,0,3
vllm-project__vllm-6050,vllm-project/vllm,random,vllm/spec_decode/spec_decode_worker.py,vllm/model_executor/guided_decoding/outlines_logits_processors.py,0,0,0,1,0,0,5
vllm-project__vllm-6050,vllm-project/vllm,random,vllm/spec_decode/spec_decode_worker.py,vllm/model_executor/models/opt.py,0,0,0,1,0,0,2
vllm-project__vllm-6050,vllm-project/vllm,random,vllm/spec_decode/spec_decode_worker.py,vllm/entrypoints/openai/__init__.py,0,0,0,0,0,0,inf
vllm-project__vllm-6050,vllm-project/vllm,gold-other,vllm/config.py,vllm/spec_decode/spec_decode_worker.py,0,0,1,0,1,0,1
vllm-project__vllm-6050,vllm-project/vllm,gold-other,vllm/spec_decode/spec_decode_worker.py,vllm/config.py,0,0,1,0,1,0,1
PrefectHQ__prefect-12019,PrefectHQ/prefect,gold-other,src/prefect/_internal/concurrency/calls.py,src/prefect/_internal/concurrency/cancellation.py,1,1,1,0,1,1,1
PrefectHQ__prefect-12019,PrefectHQ/prefect,gold-other,src/prefect/_internal/concurrency/cancellation.py,src/prefect/_internal/concurrency/calls.py,1,1,1,0,1,1,1
streamlit__streamlit-6617,streamlit/streamlit,gold,lib/streamlit/runtime/app_session.py,lib/streamlit/runtime/forward_msg_cache.py,1,1,1,0,1,1,1
streamlit__streamlit-6617,streamlit/streamlit,random,lib/streamlit/runtime/app_session.py,e2e/scripts/st_plotly_chart.py,0,0,0,0,0,0,3
streamlit__streamlit-6617,streamlit/streamlit,random,lib/streamlit/runtime/app_session.py,lib/streamlit/vendor/__init__.py,0,1,0,0,0,0,inf
streamlit__streamlit-6617,streamlit/streamlit,random,lib/streamlit/runtime/app_session.py,examples/audio.py,0,0,0,0,0,0,3
streamlit__streamlit-6617,streamlit/streamlit,random,lib/streamlit/runtime/app_session.py,e2e/scripts/st_markdown.py,0,0,0,0,0,0,3
streamlit__streamlit-6617,streamlit/streamlit,random,lib/streamlit/runtime/app_session.py,e2e/scripts/st_legacy_dataframe_sort_column.py,0,0,0,0,0,0,3
streamlit__streamlit-6617,streamlit/streamlit,random,lib/streamlit/runtime/app_session.py,lib/streamlit/net_util.py,0,1,0,0,0,0,2
streamlit__streamlit-6617,streamlit/streamlit,random,lib/streamlit/runtime/app_session.py,scripts/cli_regression_tests.py,0,0,0,0,0,0,inf
streamlit__streamlit-6617,streamlit/streamlit,random,lib/streamlit/runtime/app_session.py,lib/streamlit/runtime/scriptrunner/magic.py,0,1,0,0,0,0,2
streamlit__streamlit-6617,streamlit/streamlit,random,lib/streamlit/runtime/app_session.py,e2e/scripts/multipage_apps/pages/03_page3.py,0,0,0,0,0,0,3
streamlit__streamlit-6617,streamlit/streamlit,random,lib/streamlit/runtime/app_session.py,lib/streamlit/elements/button.py,0,1,0,0,0,0,2
streamlit__streamlit-6617,streamlit/streamlit,gold,lib/streamlit/runtime/runtime.py,lib/streamlit/runtime/forward_msg_cache.py,1,1,1,0,1,1,1
streamlit__streamlit-6617,streamlit/streamlit,random,lib/streamlit/runtime/runtime.py,e2e/scripts/st_arrow_new_features.py,0,0,0,1,0,0,3
streamlit__streamlit-6617,streamlit/streamlit,random,lib/streamlit/runtime/runtime.py,lib/streamlit/version.py,0,1,0,0,0,0,2
streamlit__streamlit-6617,streamlit/streamlit,random,lib/streamlit/runtime/runtime.py,e2e/scripts/st_balloons.py,0,0,0,0,0,0,3
streamlit__streamlit-6617,streamlit/streamlit,random,lib/streamlit/runtime/runtime.py,e2e/scripts/st_success.py,0,0,0,0,0,0,3
streamlit__streamlit-6617,streamlit/streamlit,random,lib/streamlit/runtime/runtime.py,lib/streamlit/echo.py,0,1,0,0,0,0,3
streamlit__streamlit-6617,streamlit/streamlit,random,lib/streamlit/runtime/runtime.py,e2e/scripts/st_metric.py,0,0,0,0,0,0,3
streamlit__streamlit-6617,streamlit/streamlit,random,lib/streamlit/runtime/runtime.py,lib/streamlit/connections/base_connection.py,0,1,0,1,0,0,3
streamlit__streamlit-6617,streamlit/streamlit,random,lib/streamlit/runtime/runtime.py,lib/streamlit/components/v1/component_arrow.py,0,1,0,0,0,0,3
streamlit__streamlit-6617,streamlit/streamlit,random,lib/streamlit/runtime/runtime.py,e2e/scripts/st_legacy_dataframe_format.py,0,0,0,0,0,0,3
streamlit__streamlit-6617,streamlit/streamlit,random,lib/streamlit/runtime/runtime.py,lib/streamlit/elements/arrow_vega_lite.py,0,1,0,0,0,0,2
streamlit__streamlit-6617,streamlit/streamlit,gold-other,lib/streamlit/runtime/app_session.py,lib/streamlit/runtime/runtime.py,1,1,1,0,1,1,1
streamlit__streamlit-6617,streamlit/streamlit,gold-other,lib/streamlit/runtime/forward_msg_cache.py,lib/streamlit/runtime/app_session.py,1,1,1,0,1,1,1
streamlit__streamlit-6617,streamlit/streamlit,gold-other,lib/streamlit/runtime/forward_msg_cache.py,lib/streamlit/runtime/runtime.py,1,1,1,0,1,1,1
streamlit__streamlit-6617,streamlit/streamlit,gold-other,lib/streamlit/runtime/runtime.py,lib/streamlit/runtime/app_session.py,1,1,1,0,1,1,1
JoinMarket-Org__joinmarket-clientserver-1180,JoinMarket-Org/joinmarket-clientserver,random,jmclient/jmclient/blockchaininterface.py,scripts/add-utxo.py,0,0,0,1,0,0,2
JoinMarket-Org__joinmarket-clientserver-1180,JoinMarket-Org/joinmarket-clientserver,random,jmclient/jmclient/blockchaininterface.py,jmclient/jmclient/configure.py,1,1,1,0,1,1,1
JoinMarket-Org__joinmarket-clientserver-1180,JoinMarket-Org/joinmarket-clientserver,random,jmclient/jmclient/blockchaininterface.py,jmbitcoin/jmbitcoin/__init__.py,0,0,1,0,0,1,1
JoinMarket-Org__joinmarket-clientserver-1180,JoinMarket-Org/joinmarket-clientserver,random,jmclient/jmclient/blockchaininterface.py,jmbitcoin/jmbitcoin/secp256k1_main.py,0,0,0,0,0,0,2
JoinMarket-Org__joinmarket-clientserver-1180,JoinMarket-Org/joinmarket-clientserver,random,jmclient/jmclient/blockchaininterface.py,jmbase/jmbase/bytesprod.py,0,0,0,0,0,0,2
JoinMarket-Org__joinmarket-clientserver-1180,JoinMarket-Org/joinmarket-clientserver,random,jmclient/jmclient/blockchaininterface.py,scripts/yield-generator-basic.py,0,0,0,0,0,0,2
JoinMarket-Org__joinmarket-clientserver-1180,JoinMarket-Org/joinmarket-clientserver,random,jmclient/jmclient/blockchaininterface.py,jmclient/jmclient/support.py,1,1,0,0,0,0,2
JoinMarket-Org__joinmarket-clientserver-1180,JoinMarket-Org/joinmarket-clientserver,random,jmclient/jmclient/blockchaininterface.py,scripts/genwallet.py,0,0,0,1,0,0,2
JoinMarket-Org__joinmarket-clientserver-1180,JoinMarket-Org/joinmarket-clientserver,random,jmclient/jmclient/blockchaininterface.py,jmclient/jmclient/fidelity_bond.py,1,1,0,1,1,0,2
JoinMarket-Org__joinmarket-clientserver-1180,JoinMarket-Org/joinmarket-clientserver,random,jmclient/jmclient/blockchaininterface.py,jmclient/jmclient/maker.py,1,1,0,1,1,0,2
JoinMarket-Org__joinmarket-clientserver-1180,JoinMarket-Org/joinmarket-clientserver,random,jmclient/jmclient/wallet_service.py,jmbitcoin/jmbitcoin/secp256k1_ecies.py,0,0,0,0,0,0,2
JoinMarket-Org__joinmarket-clientserver-1180,JoinMarket-Org/joinmarket-clientserver,random,jmclient/jmclient/wallet_service.py,jmdaemon/jmdaemon/daemon_protocol.py,0,0,0,0,0,0,2
JoinMarket-Org__joinmarket-clientserver-1180,JoinMarket-Org/joinmarket-clientserver,random,jmclient/jmclient/wallet_service.py,jmbitcoin/jmbitcoin/secp256k1_main.py,0,0,0,1,1,0,2
JoinMarket-Org__joinmarket-clientserver-1180,JoinMarket-Org/joinmarket-clientserver,random,jmclient/jmclient/wallet_service.py,jmclient/jmclient/commitment_utils.py,1,1,0,1,0,0,2
JoinMarket-Org__joinmarket-clientserver-1180,JoinMarket-Org/joinmarket-clientserver,random,jmclient/jmclient/wallet_service.py,scripts/genwallet.py,0,0,0,1,0,0,2
JoinMarket-Org__joinmarket-clientserver-1180,JoinMarket-Org/joinmarket-clientserver,random,jmclient/jmclient/wallet_service.py,scripts/joinmarket-qt.py,0,0,1,0,1,0,1
JoinMarket-Org__joinmarket-clientserver-1180,JoinMarket-Org/joinmarket-clientserver,random,jmclient/jmclient/wallet_service.py,jmclient/jmclient/maker.py,1,1,1,0,1,1,1
JoinMarket-Org__joinmarket-clientserver-1180,JoinMarket-Org/joinmarket-clientserver,random,jmclient/jmclient/wallet_service.py,jmclient/jmclient/payjoin.py,1,1,1,0,1,1,1
JoinMarket-Org__joinmarket-clientserver-1180,JoinMarket-Org/joinmarket-clientserver,random,jmclient/jmclient/wallet_service.py,scripts/jmwalletd.py,0,0,0,1,1,0,2
JoinMarket-Org__joinmarket-clientserver-1180,JoinMarket-Org/joinmarket-clientserver,random,jmclient/jmclient/wallet_service.py,jmdaemon/jmdaemon/fidelity_bond_sanity_check.py,0,0,0,0,0,0,3
JoinMarket-Org__joinmarket-clientserver-1180,JoinMarket-Org/joinmarket-clientserver,gold-other,jmclient/jmclient/blockchaininterface.py,jmclient/jmclient/wallet_service.py,1,1,1,0,1,1,1
JoinMarket-Org__joinmarket-clientserver-1180,JoinMarket-Org/joinmarket-clientserver,gold-other,jmclient/jmclient/wallet_service.py,jmclient/jmclient/blockchaininterface.py,1,1,1,0,1,1,1
TagStudioDev__TagStudio-735,TagStudioDev/TagStudio,gold,tagstudio/src/qt/modals/tag_search.py,tagstudio/src/qt/widgets/tag.py,0,1,0,1,1,0,inf
TagStudioDev__TagStudio-735,TagStudioDev/TagStudio,random,tagstudio/src/qt/modals/tag_search.py,tagstudio/src/core/library/alchemy/joins.py,0,1,0,0,0,0,inf
TagStudioDev__TagStudio-735,TagStudioDev/TagStudio,random,tagstudio/src/qt/modals/tag_search.py,tagstudio/src/qt/resource_manager.py,0,1,0,0,0,0,inf
TagStudioDev__TagStudio-735,TagStudioDev/TagStudio,random,tagstudio/src/qt/modals/tag_search.py,tagstudio/src/qt/ts_qt.py,0,1,0,0,0,0,inf
TagStudioDev__TagStudio-735,TagStudioDev/TagStudio,random,tagstudio/src/qt/modals/tag_search.py,tagstudio/src/core/library/__init__.py,0,1,0,0,0,0,inf
TagStudioDev__TagStudio-735,TagStudioDev/TagStudio,random,tagstudio/src/qt/modals/tag_search.py,tagstudio/src/qt/widgets/fields.py,0,1,0,0,0,0,inf
TagStudioDev__TagStudio-735,TagStudioDev/TagStudio,random,tagstudio/src/qt/modals/tag_search.py,tagstudio/src/qt/helpers/color_overlay.py,0,1,0,0,0,0,inf
TagStudioDev__TagStudio-735,TagStudioDev/TagStudio,random,tagstudio/src/qt/modals/tag_search.py,tagstudio/src/qt/helpers/vendored/pydub/utils.py,0,1,0,0,0,0,inf
TagStudioDev__TagStudio-735,TagStudioDev/TagStudio,random,tagstudio/src/qt/modals/tag_search.py,tagstudio/src/qt/translations.py,0,1,0,1,1,0,inf
TagStudioDev__TagStudio-735,TagStudioDev/TagStudio,random,tagstudio/src/qt/modals/tag_search.py,tagstudio/src/qt/widgets/landing.py,0,1,0,0,0,0,inf
TagStudioDev__TagStudio-735,TagStudioDev/TagStudio,random,tagstudio/src/qt/modals/tag_search.py,tagstudio/tag_studio.py,0,0,0,0,0,0,inf
TagStudioDev__TagStudio-735,TagStudioDev/TagStudio,gold-other,tagstudio/src/qt/widgets/tag.py,tagstudio/src/qt/modals/tag_search.py,0,1,0,1,1,0,inf
pm4-graders__3ES-72,pm4-graders/3ES,random,backend/app/core/cv_result.py,cv/DocumentSegmentationCNN.py,0,0,0,0,0,0,2
pm4-graders__3ES-72,pm4-graders/3ES,random,backend/app/core/cv_result.py,backend/app/model/database.py,0,1,0,0,0,0,5
pm4-graders__3ES-72,pm4-graders/3ES,random,backend/app/core/cv_result.py,cv/Config.py,0,0,0,0,0,0,inf
pm4-graders__3ES-72,pm4-graders/3ES,random,backend/app/core/cv_result.py,cv/Models/train.py,0,0,0,0,0,0,inf
pm4-graders__3ES-72,pm4-graders/3ES,random,backend/app/core/cv_result.py,backend/app/main.py,0,1,0,1,0,0,5
pm4-graders__3ES-72,pm4-graders/3ES,random,backend/app/core/cv_result.py,cv/Models/utils.py,0,0,0,0,0,0,inf
pm4-graders__3ES-72,pm4-graders/3ES,random,backend/app/core/cv_result.py,backend/app/api/router.py,0,1,0,0,0,0,inf
pm4-graders__3ES-72,pm4-graders/3ES,random,backend/app/core/cv_result.py,cv/Models/mobilenet.py,0,0,0,0,0,0,inf
pm4-graders__3ES-72,pm4-graders/3ES,random,backend/app/core/cv_result.py,backend/app/model/model.py,0,1,0,1,0,0,4
pm4-graders__3ES-72,pm4-graders/3ES,random,backend/app/core/cv_result.py,backend/app/core/database_handler.py,1,1,0,1,0,0,inf
pm4-graders__3ES-72,pm4-graders/3ES,random,cv/DigitRecognizer.py,backend/app/core/admin.py,0,0,0,0,0,0,2
pm4-graders__3ES-72,pm4-graders/3ES,random,cv/DigitRecognizer.py,backend/app/core/scanner.py,0,0,1,0,1,0,1
pm4-graders__3ES-72,pm4-graders/3ES,random,cv/DigitRecognizer.py,backend/app/main.py,0,0,0,0,0,0,4
pm4-graders__3ES-72,pm4-graders/3ES,random,cv/DigitRecognizer.py,backend/app/core/database_handler.py,0,0,0,0,0,0,inf
pm4-graders__3ES-72,pm4-graders/3ES,random,cv/DigitRecognizer.py,cv/DocumentSegmentationCV.py,1,1,1,0,1,0,1
pm4-graders__3ES-72,pm4-graders/3ES,random,cv/DigitRecognizer.py,backend/app/util/constant.py,0,0,0,1,1,0,inf
pm4-graders__3ES-72,pm4-graders/3ES,random,cv/DigitRecognizer.py,cv/Models/train.py,0,0,0,0,0,0,inf
pm4-graders__3ES-72,pm4-graders/3ES,random,cv/DigitRecognizer.py,backend/app/api/schema.py,0,0,0,1,1,0,inf
pm4-graders__3ES-72,pm4-graders/3ES,random,cv/DigitRecognizer.py,cv/DocumentSegmentationCNN.py,1,1,1,0,1,0,1
pm4-graders__3ES-72,pm4-graders/3ES,random,cv/DigitRecognizer.py,backend/app/model/database.py,0,0,0,0,0,0,4
pm4-graders__3ES-72,pm4-graders/3ES,random,cv/app.py,backend/app/core/scanner.py,0,0,0,0,0,0,2
pm4-graders__3ES-72,pm4-graders/3ES,random,cv/app.py,cv/Config.py,1,1,0,0,0,0,inf
pm4-graders__3ES-72,pm4-graders/3ES,random,cv/app.py,backend/app/main.py,0,0,0,0,0,0,5
pm4-graders__3ES-72,pm4-graders/3ES,random,cv/app.py,backend/app/model/model.py,0,0,0,0,0,0,4
pm4-graders__3ES-72,pm4-graders/3ES,random,cv/app.py,cv/Models/base_model.py,0,0,0,0,0,0,inf
pm4-graders__3ES-72,pm4-graders/3ES,random,cv/app.py,backend/app/util/constant.py,0,0,0,0,0,0,inf
pm4-graders__3ES-72,pm4-graders/3ES,random,cv/app.py,backend/app/core/admin.py,0,0,0,0,0,0,3
pm4-graders__3ES-72,pm4-graders/3ES,random,cv/app.py,cv/DocumentSegmentationCNN.py,1,1,0,0,0,0,2
pm4-graders__3ES-72,pm4-graders/3ES,random,cv/app.py,cv/Models/utils.py,0,0,0,0,0,0,inf
pm4-graders__3ES-72,pm4-graders/3ES,random,cv/app.py,backend/app/model/database.py,0,0,0,0,0,0,5
pm4-graders__3ES-72,pm4-graders/3ES,gold-other,backend/app/core/cv_result.py,cv/DigitRecognizer.py,0,0,1,0,1,0,1
pm4-graders__3ES-72,pm4-graders/3ES,gold-other,backend/app/core/cv_result.py,cv/app.py,0,0,0,0,0,0,2
pm4-graders__3ES-72,pm4-graders/3ES,gold-other,cv/DigitRecognizer.py,backend/app/core/cv_result.py,0,0,1,0,1,0,1
pm4-graders__3ES-72,pm4-graders/3ES,gold-other,cv/DigitRecognizer.py,cv/app.py,1,1,1,0,1,0,1
pm4-graders__3ES-72,pm4-graders/3ES,gold-other,cv/app.py,backend/app/core/cv_result.py,0,0,0,0,0,0,2
pm4-graders__3ES-72,pm4-graders/3ES,gold-other,cv/app.py,cv/DigitRecognizer.py,1,1,1,0,1,0,1
fortra__impacket-1636,fortra/impacket,gold,examples/ntlmrelayx.py,impacket/examples/ntlmrelayx/servers/socksserver.py,0,0,1,0,1,0,1
fortra__impacket-1636,fortra/impacket,random,examples/ntlmrelayx.py,examples/Get-GPPPassword.py,1,1,0,1,1,0,2
fortra__impacket-1636,fortra/impacket,random,examples/ntlmrelayx.py,impacket/dcerpc/v5/even.py,0,0,0,1,0,0,3
fortra__impacket-1636,fortra/impacket,random,examples/ntlmrelayx.py,impacket/examples/ntlmrelayx/clients/imaprelayclient.py,0,0,0,0,0,0,2
fortra__impacket-1636,fortra/impacket,random,examples/ntlmrelayx.py,impacket/dcerpc/v5/enum.py,0,0,0,1,0,0,2
fortra__impacket-1636,fortra/impacket,random,examples/ntlmrelayx.py,impacket/ImpactDecoder.py,0,0,0,0,0,0,3
fortra__impacket-1636,fortra/impacket,random,examples/ntlmrelayx.py,impacket/examples/ntlmrelayx/clients/smtprelayclient.py,0,0,0,0,0,0,2
fortra__impacket-1636,fortra/impacket,random,examples/ntlmrelayx.py,examples/describeTicket.py,1,1,0,1,1,0,2
fortra__impacket-1636,fortra/impacket,random,examples/ntlmrelayx.py,impacket/examples/rpcdatabase.py,0,0,0,0,0,0,3
fortra__impacket-1636,fortra/impacket,random,examples/ntlmrelayx.py,impacket/dcerpc/v5/iphlp.py,0,0,0,0,0,0,4
fortra__impacket-1636,fortra/impacket,random,examples/ntlmrelayx.py,impacket/krb5/__init__.py,0,0,0,0,0,0,inf
fortra__impacket-1636,fortra/impacket,gold-other,impacket/examples/ntlmrelayx/servers/socksserver.py,examples/ntlmrelayx.py,0,0,1,0,1,0,1
AzureAD__microsoft-authentication-library-for-python-454,AzureAD/microsoft-authentication-library-for-python,gold,msal/application.py,msal/authority.py,1,1,1,0,1,0,1
AzureAD__microsoft-authentication-library-for-python-454,AzureAD/microsoft-authentication-library-for-python,gold,msal/application.py,msal/oauth2cli/assertion.py,0,0,1,0,1,0,1
AzureAD__microsoft-authentication-library-for-python-454,AzureAD/microsoft-authentication-library-for-python,gold,msal/application.py,msal/oauth2cli/oauth2.py,0,0,0,1,1,0,2
AzureAD__microsoft-authentication-library-for-python-454,AzureAD/microsoft-authentication-library-for-python,random,msal/application.py,msal/individual_cache.py,1,1,0,0,0,0,2
AzureAD__microsoft-authentication-library-for-python-454,AzureAD/microsoft-authentication-library-for-python,random,msal/application.py,sample/authorization-code-flow-sample/authorization_code_flow_sample.py,0,0,0,0,0,0,inf
AzureAD__microsoft-authentication-library-for-python-454,AzureAD/microsoft-authentication-library-for-python,random,msal/application.py,msal/oauth2cli/__init__.py,0,0,1,0,0,0,1
AzureAD__microsoft-authentication-library-for-python-454,AzureAD/microsoft-authentication-library-for-python,random,msal/application.py,msal/oauth2cli/http.py,0,0,0,1,1,0,inf
AzureAD__microsoft-authentication-library-for-python-454,AzureAD/microsoft-authentication-library-for-python,random,msal/application.py,sample/migrate_rt.py,0,0,0,1,1,0,2
AzureAD__microsoft-authentication-library-for-python-454,AzureAD/microsoft-authentication-library-for-python,random,msal/application.py,msal/telemetry.py,1,1,1,0,1,1,1
AzureAD__microsoft-authentication-library-for-python-454,AzureAD/microsoft-authentication-library-for-python,random,msal/application.py,msal/mex.py,1,1,1,0,0,0,1
AzureAD__microsoft-authentication-library-for-python-454,AzureAD/microsoft-authentication-library-for-python,random,msal/application.py,msal/wstrust_request.py,1,1,1,0,0,0,1
AzureAD__microsoft-authentication-library-for-python-454,AzureAD/microsoft-authentication-library-for-python,random,msal/application.py,sample/username_password_sample.py,0,0,0,1,1,0,2
AzureAD__microsoft-authentication-library-for-python-454,AzureAD/microsoft-authentication-library-for-python,random,msal/application.py,msal/exceptions.py,1,1,0,0,0,0,2
AzureAD__microsoft-authentication-library-for-python-454,AzureAD/microsoft-authentication-library-for-python,gold-other,msal/authority.py,msal/application.py,1,1,1,0,1,0,1
AzureAD__microsoft-authentication-library-for-python-454,AzureAD/microsoft-authentication-library-for-python,gold-other,msal/authority.py,msal/oauth2cli/assertion.py,0,0,0,0,0,0,2
AzureAD__microsoft-authentication-library-for-python-454,AzureAD/microsoft-authentication-library-for-python,gold-other,msal/authority.py,msal/oauth2cli/oauth2.py,0,0,0,1,0,0,3
AzureAD__microsoft-authentication-library-for-python-454,AzureAD/microsoft-authentication-library-for-python,gold-other,msal/oauth2cli/assertion.py,msal/application.py,0,0,1,0,1,0,1
AzureAD__microsoft-authentication-library-for-python-454,AzureAD/microsoft-authentication-library-for-python,gold-other,msal/oauth2cli/assertion.py,msal/authority.py,0,0,0,0,0,0,2
AzureAD__microsoft-authentication-library-for-python-454,AzureAD/microsoft-authentication-library-for-python,gold-other,msal/oauth2cli/assertion.py,msal/oauth2cli/oauth2.py,1,1,0,0,0,0,3
AzureAD__microsoft-authentication-library-for-python-454,AzureAD/microsoft-authentication-library-for-python,gold-other,msal/oauth2cli/oauth2.py,msal/application.py,0,0,0,1,1,0,2
AzureAD__microsoft-authentication-library-for-python-454,AzureAD/microsoft-authentication-library-for-python,gold-other,msal/oauth2cli/oauth2.py,msal/authority.py,0,0,0,1,0,0,3
AzureAD__microsoft-authentication-library-for-python-454,AzureAD/microsoft-authentication-library-for-python,gold-other,msal/oauth2cli/oauth2.py,msal/oauth2cli/assertion.py,1,1,0,0,0,0,3
django__django-18616,django/django,random,django/http/response.py,django/conf/locale/mk/__init__.py,0,0,0,0,0,0,inf
django__django-18616,django/django,random,django/http/response.py,django/contrib/auth/admin.py,0,0,1,0,1,1,1
django__django-18616,django/django,random,django/http/response.py,django/contrib/sites/migrations/0002_alter_domain_unique.py,0,0,0,0,0,0,3
django__django-18616,django/django,random,django/http/response.py,django/contrib/postgres/__init__.py,0,0,0,0,0,0,inf
django__django-18616,django/django,random,django/http/response.py,django/conf/locale/gl/__init__.py,0,0,0,0,0,0,inf
django__django-18616,django/django,random,django/http/response.py,django/core/cache/backends/memcached.py,0,0,0,1,1,0,2
django__django-18616,django/django,random,django/http/response.py,django/contrib/messages/utils.py,0,0,0,0,0,0,2
django__django-18616,django/django,random,django/http/response.py,django/views/__init__.py,0,0,0,0,0,1,2
django__django-18616,django/django,random,django/http/response.py,django/db/models/__init__.py,0,0,0,0,0,1,2
django__django-18616,django/django,random,django/http/response.py,django/views/decorators/common.py,0,0,0,0,0,1,2
django__django-18616,django/django,random,django/shortcuts.py,django/contrib/redirects/apps.py,0,0,0,0,0,0,3
django__django-18616,django/django,random,django/shortcuts.py,django/urls/resolvers.py,0,0,0,1,1,1,2
django__django-18616,django/django,random,django/shortcuts.py,django/utils/http.py,0,0,0,0,0,0,2
django__django-18616,django/django,random,django/shortcuts.py,django/contrib/gis/db/backends/spatialite/base.py,0,0,0,0,0,0,3
django__django-18616,django/django,random,django/shortcuts.py,django/views/i18n.py,0,0,0,1,1,1,2
django__django-18616,django/django,random,django/shortcuts.py,django/conf/locale/ar/formats.py,0,0,0,0,0,0,inf
django__django-18616,django/django,random,django/shortcuts.py,django/conf/locale/ca/formats.py,0,0,0,0,0,0,inf
django__django-18616,django/django,random,django/shortcuts.py,django/db/backends/mysql/features.py,0,0,0,0,0,0,2
django__django-18616,django/django,random,django/shortcuts.py,django/contrib/gis/db/models/lookups.py,0,0,0,0,0,0,3
django__django-18616,django/django,random,django/shortcuts.py,django/conf/locale/ro/__init__.py,0,0,0,0,0,0,inf
django__django-18616,django/django,gold-other,django/http/response.py,django/shortcuts.py,0,0,1,0,1,1,1
django__django-18616,django/django,gold-other,django/shortcuts.py,django/http/response.py,0,0,1,0,1,1,1
Bears-R-Us__arkouda-1969,Bears-R-Us/arkouda,random,arkouda/dataframe.py,benchmarks/str-in1d.py,0,0,0,1,1,0,2
Bears-R-Us__arkouda-1969,Bears-R-Us/arkouda,random,arkouda/dataframe.py,arkouda/pdarraycreation.py,1,1,1,0,1,0,1
Bears-R-Us__arkouda-1969,Bears-R-Us/arkouda,random,arkouda/dataframe.py,arkouda/accessor.py,1,1,0,1,0,0,2
Bears-R-Us__arkouda-1969,Bears-R-Us/arkouda,random,arkouda/dataframe.py,arkouda/segarray.py,1,1,1,0,1,0,1
Bears-R-Us__arkouda-1969,Bears-R-Us/arkouda,random,arkouda/dataframe.py,benchmarks/argsort.py,0,0,0,1,1,0,2
Bears-R-Us__arkouda-1969,Bears-R-Us/arkouda,random,arkouda/dataframe.py,benchmarks/coargsort.py,0,0,0,1,1,0,2
Bears-R-Us__arkouda-1969,Bears-R-Us/arkouda,random,arkouda/dataframe.py,runs/ronawho-2020-10-08/cray-cs-hdr/data/print.py,0,0,0,1,1,0,inf
Bears-R-Us__arkouda-1969,Bears-R-Us/arkouda,random,arkouda/dataframe.py,runs/ronawho-2020-04-16/cray-cs/data/print.py,0,0,0,1,1,0,inf
Bears-R-Us__arkouda-1969,Bears-R-Us/arkouda,random,arkouda/dataframe.py,benchmarks/flatten.py,0,0,0,1,1,0,2
Bears-R-Us__arkouda-1969,Bears-R-Us/arkouda,random,arkouda/dataframe.py,examples/cos_dist.py,0,0,0,0,0,0,2
Bears-R-Us__arkouda-1969,Bears-R-Us/arkouda,random,arkouda/io.py,arkouda/series.py,1,1,0,1,1,0,2
Bears-R-Us__arkouda-1969,Bears-R-Us/arkouda,random,arkouda/io.py,arkouda/row.py,1,1,0,0,0,0,2
Bears-R-Us__arkouda-1969,Bears-R-Us/arkouda,random,arkouda/io.py,converter/hdflow.py,0,0,0,1,1,0,inf
Bears-R-Us__arkouda-1969,Bears-R-Us/arkouda,random,arkouda/io.py,arkouda/util.py,1,1,1,0,1,0,1
Bears-R-Us__arkouda-1969,Bears-R-Us/arkouda,random,arkouda/io.py,benchmarks/gather.py,0,0,0,0,0,0,2
Bears-R-Us__arkouda-1969,Bears-R-Us/arkouda,random,arkouda/io.py,benchmarks/str-gather.py,0,0,0,0,0,0,3
Bears-R-Us__arkouda-1969,Bears-R-Us/arkouda,random,arkouda/io.py,arkouda/plotting.py,1,1,0,0,0,0,2
Bears-R-Us__arkouda-1969,Bears-R-Us/arkouda,random,arkouda/io.py,benchmarks/array_transfer.py,0,0,0,0,0,0,2
Bears-R-Us__arkouda-1969,Bears-R-Us/arkouda,random,arkouda/io.py,converter/lanl_format.py,0,0,0,0,0,0,inf
Bears-R-Us__arkouda-1969,Bears-R-Us/arkouda,random,arkouda/io.py,arkouda/groupbyclass.py,1,1,0,1,0,0,2
Bears-R-Us__arkouda-1969,Bears-R-Us/arkouda,gold-other,arkouda/dataframe.py,arkouda/io.py,1,1,1,0,1,0,1
Bears-R-Us__arkouda-1969,Bears-R-Us/arkouda,gold-other,arkouda/io.py,arkouda/dataframe.py,1,1,1,0,1,0,1
huggingface__transformers-22498,huggingface/transformers,random,src/transformers/modeling_utils.py,src/transformers/models/sew_d/configuration_sew_d.py,0,1,0,1,0,0,2
huggingface__transformers-22498,huggingface/transformers,random,src/transformers/modeling_utils.py,src/transformers/models/albert/__init__.py,0,1,0,0,0,0,2
huggingface__transformers-22498,huggingface/transformers,random,src/transformers/modeling_utils.py,src/transformers/models/levit/modeling_levit.py,0,1,1,0,1,0,1
huggingface__transformers-22498,huggingface/transformers,random,src/transformers/modeling_utils.py,src/transformers/models/align/modeling_align.py,0,1,1,0,1,0,1
huggingface__transformers-22498,huggingface/transformers,random,src/transformers/modeling_utils.py,src/transformers/models/t5/modeling_tf_t5.py,0,1,0,1,1,0,2
huggingface__transformers-22498,huggingface/transformers,random,src/transformers/modeling_utils.py,src/transformers/trainer_tf.py,1,1,0,1,1,0,2
huggingface__transformers-22498,huggingface/transformers,random,src/transformers/modeling_utils.py,src/transformers/models/whisper/modeling_whisper.py,0,1,1,0,1,0,1
huggingface__transformers-22498,huggingface/transformers,random,src/transformers/modeling_utils.py,src/transformers/trainer_seq2seq.py,1,1,1,0,1,0,1
huggingface__transformers-22498,huggingface/transformers,random,src/transformers/modeling_utils.py,examples/research_projects/movement-pruning/masked_run_glue.py,0,0,0,1,1,0,2
huggingface__transformers-22498,huggingface/transformers,random,src/transformers/modeling_utils.py,src/transformers/models/cvt/__init__.py,0,1,0,0,0,0,2
huggingface__transformers-22498,huggingface/transformers,random,src/transformers/trainer.py,src/transformers/models/big_bird/modeling_flax_big_bird.py,0,1,0,1,0,0,2
huggingface__transformers-22498,huggingface/transformers,random,src/transformers/trainer.py,src/transformers/utils/generic.py,0,1,1,0,1,0,1
huggingface__transformers-22498,huggingface/transformers,random,src/transformers/trainer.py,src/transformers/models/layoutxlm/__init__.py,0,1,0,0,0,0,2
huggingface__transformers-22498,huggingface/transformers,random,src/transformers/trainer.py,src/transformers/models/owlvit/convert_owlvit_original_flax_to_hf.py,0,1,0,0,0,0,2
huggingface__transformers-22498,huggingface/transformers,random,src/transformers/trainer.py,src/transformers/models/dpt/image_processing_dpt.py,0,1,0,1,0,0,2
huggingface__transformers-22498,huggingface/transformers,random,src/transformers/trainer.py,src/transformers/models/levit/__init__.py,0,1,0,0,0,0,2
huggingface__transformers-22498,huggingface/transformers,random,src/transformers/trainer.py,src/transformers/models/decision_transformer/modeling_decision_transformer.py,0,1,0,1,0,0,2
huggingface__transformers-22498,huggingface/transformers,random,src/transformers/trainer.py,src/transformers/models/ernie_m/tokenization_ernie_m.py,0,1,0,1,0,0,2
huggingface__transformers-22498,huggingface/transformers,random,src/transformers/trainer.py,src/transformers/models/wav2vec2_conformer/modeling_wav2vec2_conformer.py,0,1,0,1,0,0,2
huggingface__transformers-22498,huggingface/transformers,random,src/transformers/trainer.py,src/transformers/models/unispeech/__init__.py,0,1,0,0,0,0,2
huggingface__transformers-22498,huggingface/transformers,random,src/transformers/training_args.py,src/transformers/models/esm/modeling_esmfold.py,0,1,0,1,0,0,2
huggingface__transformers-22498,huggingface/transformers,random,src/transformers/training_args.py,examples/pytorch/language-modeling/run_plm.py,0,0,1,0,1,0,1
huggingface__transformers-22498,huggingface/transformers,random,src/transformers/training_args.py,src/transformers/models/rembert/tokenization_rembert_fast.py,0,1,0,0,0,0,2
huggingface__transformers-22498,huggingface/transformers,random,src/transformers/training_args.py,src/transformers/models/perceiver/modeling_perceiver.py,0,1,0,1,0,0,2
huggingface__transformers-22498,huggingface/transformers,random,src/transformers/training_args.py,examples/research_projects/quantization-qdqbert/utils_qa.py,0,0,0,0,0,0,inf
huggingface__transformers-22498,huggingface/transformers,random,src/transformers/training_args.py,src/transformers/models/tapas/configuration_tapas.py,0,1,0,0,0,0,2
huggingface__transformers-22498,huggingface/transformers,random,src/transformers/training_args.py,src/transformers/models/decision_transformer/configuration_decision_transformer.py,0,1,0,0,0,0,2
huggingface__transformers-22498,huggingface/transformers,random,src/transformers/training_args.py,src/transformers/models/upernet/modeling_upernet.py,0,1,0,1,0,0,2
huggingface__transformers-22498,huggingface/transformers,random,src/transformers/training_args.py,examples/research_projects/rag/parse_dpr_relevance_data.py,0,0,0,1,0,0,inf
huggingface__transformers-22498,huggingface/transformers,random,src/transformers/training_args.py,examples/pytorch/language-modeling/run_clm.py,0,0,1,0,1,0,1
huggingface__transformers-22498,huggingface/transformers,gold-other,src/transformers/modeling_utils.py,src/transformers/trainer.py,1,1,1,0,1,1,1
huggingface__transformers-22498,huggingface/transformers,gold-other,src/transformers/modeling_utils.py,src/transformers/training_args.py,1,1,0,1,1,1,2
huggingface__transformers-22498,huggingface/transformers,gold-other,src/transformers/trainer.py,src/transformers/modeling_utils.py,1,1,1,0,1,1,1
huggingface__transformers-22498,huggingface/transformers,gold-other,src/transformers/trainer.py,src/transformers/training_args.py,1,1,1,0,1,1,1
huggingface__transformers-22498,huggingface/transformers,gold-other,src/transformers/training_args.py,src/transformers/modeling_utils.py,1,1,0,1,1,1,2
huggingface__transformers-22498,huggingface/transformers,gold-other,src/transformers/training_args.py,src/transformers/trainer.py,1,1,1,0,1,1,1
JackPlowman__repo_standards_validator-137,JackPlowman/repo_standards_validator,random,validator/__main__.py,validator/custom_logging.py,1,1,1,0,1,0,1
JackPlowman__repo_standards_validator-137,JackPlowman/repo_standards_validator,random,validator/__main__.py,validator/action_summary.py,1,1,1,0,1,0,1
JackPlowman__repo_standards_validator-137,JackPlowman/repo_standards_validator,random,validator/__main__.py,validator/configuration.py,1,1,1,0,1,0,1
JackPlowman__repo_standards_validator-137,JackPlowman/repo_standards_validator,random,validator/__main__.py,validator/git_actions.py,1,1,1,0,1,0,1
JackPlowman__repo_standards_validator-137,JackPlowman/repo_standards_validator,random,validator/__main__.py,validator/__init__.py,1,1,0,0,0,0,inf
JackPlowman__repo_standards_validator-137,JackPlowman/repo_standards_validator,random,validator/__main__.py,validator/repositories.py,1,1,1,0,1,0,1
JackPlowman__repo_standards_validator-137,JackPlowman/repo_standards_validator,random,validator/__main__.py,validator/custom_types.py,1,1,1,0,1,0,1
JackPlowman__repo_standards_validator-137,JackPlowman/repo_standards_validator,random,validator/__main__.py,validator/file.py,1,1,0,0,0,0,2
JackPlowman__repo_standards_validator-137,JackPlowman/repo_standards_validator,random,validator/repository_checks.py,validator/__init__.py,1,1,0,0,0,0,inf
JackPlowman__repo_standards_validator-137,JackPlowman/repo_standards_validator,random,validator/repository_checks.py,validator/file.py,1,1,1,0,1,0,1
JackPlowman__repo_standards_validator-137,JackPlowman/repo_standards_validator,random,validator/repository_checks.py,validator/repositories.py,1,1,0,0,0,0,2
JackPlowman__repo_standards_validator-137,JackPlowman/repo_standards_validator,random,validator/repository_checks.py,validator/configuration.py,1,1,0,0,0,0,2
JackPlowman__repo_standards_validator-137,JackPlowman/repo_standards_validator,random,validator/repository_checks.py,validator/custom_types.py,1,1,1,0,1,0,1
JackPlowman__repo_standards_validator-137,JackPlowman/repo_standards_validator,random,validator/repository_checks.py,validator/custom_logging.py,1,1,0,0,0,0,2
JackPlowman__repo_standards_validator-137,JackPlowman/repo_standards_validator,random,validator/repository_checks.py,validator/git_actions.py,1,1,0,0,0,0,2
JackPlowman__repo_standards_validator-137,JackPlowman/repo_standards_validator,random,validator/repository_checks.py,validator/action_summary.py,1,1,0,0,0,0,2
JackPlowman__repo_standards_validator-137,JackPlowman/repo_standards_validator,gold-other,validator/__main__.py,validator/repository_checks.py,1,1,1,0,1,0,1
JackPlowman__repo_standards_validator-137,JackPlowman/repo_standards_validator,gold-other,validator/repository_checks.py,validator/__main__.py,1,1,1,0,1,0,1
django__django-19043,django/django,gold,django/forms/forms.py,django/forms/fields.py,1,1,1,0,1,1,1
django__django-19043,django/django,gold,django/forms/forms.py,django/forms/renderers.py,1,1,1,0,1,0,1
django__django-19043,django/django,random,django/forms/forms.py,django/contrib/auth/migrations/0008_alter_user_username_max_length.py,0,0,0,0,0,0,3
django__django-19043,django/django,random,django/forms/forms.py,django/forms/models.py,1,1,1,0,1,0,1
django__django-19043,django/django,random,django/forms/forms.py,django/contrib/gis/db/backends/spatialite/base.py,0,0,0,0,0,0,2
django__django-19043,django/django,random,django/forms/forms.py,django/contrib/admin/models.py,0,0,0,0,0,0,2
django__django-19043,django/django,random,django/forms/forms.py,django/db/backends/mysql/client.py,0,0,0,0,0,0,3
django__django-19043,django/django,random,django/forms/forms.py,django/db/models/fields/composite.py,0,0,0,1,0,0,2
django__django-19043,django/django,random,django/forms/forms.py,django/core/management/commands/migrate.py,0,0,0,0,0,0,3
django__django-19043,django/django,random,django/forms/forms.py,django/db/backends/oracle/oracledb_any.py,0,0,0,0,0,0,3
django__django-19043,django/django,random,django/forms/forms.py,django/conf/locale/en_AU/formats.py,0,0,0,0,0,0,inf
django__django-19043,django/django,random,django/forms/forms.py,django/contrib/gis/utils/ogrinspect.py,0,0,0,0,0,0,3
django__django-19043,django/django,gold-other,django/forms/fields.py,django/forms/forms.py,1,1,1,0,1,1,1
django__django-19043,django/django,gold-other,django/forms/fields.py,django/forms/renderers.py,1,1,0,1,0,0,2
django__django-19043,django/django,gold-other,django/forms/renderers.py,django/forms/fields.py,1,1,0,1,0,0,2
django__django-19043,django/django,gold-other,django/forms/renderers.py,django/forms/forms.py,1,1,1,0,1,0,1
pandas-dev__pandas-29944,pandas-dev/pandas,random,pandas/plotting/_core.py,pandas/core/reshape/__init__.py,0,0,0,0,0,0,inf
pandas-dev__pandas-29944,pandas-dev/pandas,random,pandas/plotting/_core.py,pandas/core/computation/ops.py,0,0,0,1,1,0,2
pandas-dev__pandas-29944,pandas-dev/pandas,random,pandas/plotting/_core.py,scripts/validate_min_versions_in_sync.py,0,0,0,1,0,0,inf
pandas-dev__pandas-29944,pandas-dev/pandas,random,pandas/plotting/_core.py,scripts/run_vulture.py,0,0,0,0,0,0,inf
pandas-dev__pandas-29944,pandas-dev/pandas,random,pandas/plotting/_core.py,pandas/io/html.py,0,0,0,0,0,0,2
pandas-dev__pandas-29944,pandas-dev/pandas,random,pandas/plotting/_core.py,pandas/core/ops/mask_ops.py,0,0,0,0,0,0,3
pandas-dev__pandas-29944,pandas-dev/pandas,random,pandas/plotting/_core.py,pandas/_testing/__init__.py,0,0,0,0,0,0,2
pandas-dev__pandas-29944,pandas-dev/pandas,random,pandas/plotting/_core.py,pandas/core/computation/parsing.py,0,0,0,0,0,0,3
pandas-dev__pandas-29944,pandas-dev/pandas,random,pandas/plotting/_core.py,pandas/compat/chainmap.py,0,0,0,0,0,0,3
pandas-dev__pandas-29944,pandas-dev/pandas,random,pandas/plotting/_core.py,pandas/core/window/common.py,0,0,0,0,0,0,2
pandas-dev__pandas-29944,pandas-dev/pandas,random,pandas/plotting/_matplotlib/core.py,asv_bench/benchmarks/inference.py,0,0,0,0,0,0,3
pandas-dev__pandas-29944,pandas-dev/pandas,random,pandas/plotting/_matplotlib/core.py,asv_bench/benchmarks/categoricals.py,0,0,0,0,0,0,3
pandas-dev__pandas-29944,pandas-dev/pandas,random,pandas/plotting/_matplotlib/core.py,pandas/io/date_converters.py,0,0,0,0,0,0,3
pandas-dev__pandas-29944,pandas-dev/pandas,random,pandas/plotting/_matplotlib/core.py,pandas/core/accessor.py,0,0,0,0,0,0,2
pandas-dev__pandas-29944,pandas-dev/pandas,random,pandas/plotting/_matplotlib/core.py,pandas/api/indexers/__init__.py,0,0,0,0,0,0,3
pandas-dev__pandas-29944,pandas-dev/pandas,random,pandas/plotting/_matplotlib/core.py,pandas/core/strings/accessor.py,0,0,0,1,1,0,2
pandas-dev__pandas-29944,pandas-dev/pandas,random,pandas/plotting/_matplotlib/core.py,asv_bench/benchmarks/gil.py,0,0,0,0,0,0,3
pandas-dev__pandas-29944,pandas-dev/pandas,random,pandas/plotting/_matplotlib/core.py,asv_bench/benchmarks/algorithms.py,0,0,0,0,0,0,3
pandas-dev__pandas-29944,pandas-dev/pandas,random,pandas/plotting/_matplotlib/core.py,pandas/core/array_algos/take.py,0,0,0,0,0,0,2
pandas-dev__pandas-29944,pandas-dev/pandas,random,pandas/plotting/_matplotlib/core.py,asv_bench/benchmarks/multiindex_object.py,0,0,0,0,0,0,3
pandas-dev__pandas-29944,pandas-dev/pandas,gold-other,pandas/plotting/_core.py,pandas/plotting/_matplotlib/core.py,0,1,0,1,1,0,2
pandas-dev__pandas-29944,pandas-dev/pandas,gold-other,pandas/plotting/_matplotlib/core.py,pandas/plotting/_core.py,0,1,0,1,1,0,2
scikit-learn__scikit-learn-16948,scikit-learn/scikit-learn,gold,examples/applications/plot_topics_extraction_with_nmf_lda.py,sklearn/decomposition/__init__.py,0,0,1,0,0,0,1
scikit-learn__scikit-learn-16948,scikit-learn/scikit-learn,gold,examples/applications/plot_topics_extraction_with_nmf_lda.py,sklearn/decomposition/_nmf.py,0,0,1,0,1,0,1
scikit-learn__scikit-learn-16948,scikit-learn/scikit-learn,gold,examples/applications/plot_topics_extraction_with_nmf_lda.py,sklearn/utils/estimator_checks.py,0,0,0,0,0,0,2
scikit-learn__scikit-learn-16948,scikit-learn/scikit-learn,random,examples/applications/plot_topics_extraction_with_nmf_lda.py,sklearn/linear_model/_linear_loss.py,0,0,0,0,0,0,3
scikit-learn__scikit-learn-16948,scikit-learn/scikit-learn,random,examples/applications/plot_topics_extraction_with_nmf_lda.py,examples/miscellaneous/plot_multioutput_face_completion.py,0,0,0,0,0,0,2
scikit-learn__scikit-learn-16948,scikit-learn/scikit-learn,random,examples/applications/plot_topics_extraction_with_nmf_lda.py,sklearn/utils/_estimator_html_repr.py,0,0,0,0,0,0,3
scikit-learn__scikit-learn-16948,scikit-learn/scikit-learn,random,examples/applications/plot_topics_extraction_with_nmf_lda.py,benchmarks/bench_multilabel_metrics.py,0,0,0,0,0,0,2
scikit-learn__scikit-learn-16948,scikit-learn/scikit-learn,random,examples/applications/plot_topics_extraction_with_nmf_lda.py,asv_benchmarks/benchmarks/svm.py,0,0,0,0,0,0,3
scikit-learn__scikit-learn-16948,scikit-learn/scikit-learn,random,examples/applications/plot_topics_extraction_with_nmf_lda.py,sklearn/metrics/_ranking.py,0,0,0,0,0,0,3
scikit-learn__scikit-learn-16948,scikit-learn/scikit-learn,random,examples/applications/plot_topics_extraction_with_nmf_lda.py,asv_benchmarks/benchmarks/cluster.py,0,0,0,0,0,0,3
scikit-learn__scikit-learn-16948,scikit-learn/scikit-learn,random,examples/applications/plot_topics_extraction_with_nmf_lda.py,sklearn/_loss/__init__.py,0,0,0,0,0,0,4
scikit-learn__scikit-learn-16948,scikit-learn/scikit-learn,random,examples/applications/plot_topics_extraction_with_nmf_lda.py,sklearn/pipeline.py,0,0,0,1,1,0,3
scikit-learn__scikit-learn-16948,scikit-learn/scikit-learn,random,examples/applications/plot_topics_extraction_with_nmf_lda.py,examples/semi_supervised/plot_semi_supervised_newsgroups.py,0,0,0,0,0,0,2
scikit-learn__scikit-learn-16948,scikit-learn/scikit-learn,gold-other,sklearn/decomposition/__init__.py,examples/applications/plot_topics_extraction_with_nmf_lda.py,0,0,1,0,0,0,1
scikit-learn__scikit-learn-16948,scikit-learn/scikit-learn,gold-other,sklearn/decomposition/__init__.py,sklearn/decomposition/_nmf.py,1,1,1,0,0,1,1
scikit-learn__scikit-learn-16948,scikit-learn/scikit-learn,gold-other,sklearn/decomposition/__init__.py,sklearn/utils/estimator_checks.py,0,0,0,0,0,1,2
scikit-learn__scikit-learn-16948,scikit-learn/scikit-learn,gold-other,sklearn/decomposition/_nmf.py,examples/applications/plot_topics_extraction_with_nmf_lda.py,0,0,1,0,1,0,1
scikit-learn__scikit-learn-16948,scikit-learn/scikit-learn,gold-other,sklearn/decomposition/_nmf.py,sklearn/decomposition/__init__.py,1,1,1,0,0,1,1
scikit-learn__scikit-learn-16948,scikit-learn/scikit-learn,gold-other,sklearn/decomposition/_nmf.py,sklearn/utils/estimator_checks.py,0,0,0,1,1,0,2
scikit-learn__scikit-learn-16948,scikit-learn/scikit-learn,gold-other,sklearn/utils/estimator_checks.py,examples/applications/plot_topics_extraction_with_nmf_lda.py,0,0,0,0,0,0,2
scikit-learn__scikit-learn-16948,scikit-learn/scikit-learn,gold-other,sklearn/utils/estimator_checks.py,sklearn/decomposition/__init__.py,0,0,0,0,0,1,2
scikit-learn__scikit-learn-16948,scikit-learn/scikit-learn,gold-other,sklearn/utils/estimator_checks.py,sklearn/decomposition/_nmf.py,0,0,0,1,1,0,2
pandas-dev__pandas-21401,pandas-dev/pandas,random,pandas/core/generic.py,pandas/io/formats/html.py,0,0,0,1,1,0,2
pandas-dev__pandas-21401,pandas-dev/pandas,random,pandas/core/generic.py,pandas/core/reshape/merge.py,0,1,0,1,1,0,2
pandas-dev__pandas-21401,pandas-dev/pandas,random,pandas/core/generic.py,pandas/core/missing.py,1,1,1,0,1,0,1
pandas-dev__pandas-21401,pandas-dev/pandas,random,pandas/core/generic.py,pandas/core/indexes/category.py,0,1,0,1,1,0,2
pandas-dev__pandas-21401,pandas-dev/pandas,random,pandas/core/generic.py,pandas/plotting/_timeseries.py,0,0,0,1,1,0,2
pandas-dev__pandas-21401,pandas-dev/pandas,random,pandas/core/generic.py,pandas/io/feather_format.py,0,0,0,1,1,0,2
pandas-dev__pandas-21401,pandas-dev/pandas,random,pandas/core/generic.py,pandas/io/clipboard/__init__.py,0,0,0,1,0,0,2
pandas-dev__pandas-21401,pandas-dev/pandas,random,pandas/core/generic.py,scripts/merge-pr.py,0,0,0,1,1,0,inf
pandas-dev__pandas-21401,pandas-dev/pandas,random,pandas/core/generic.py,pandas/core/config.py,1,1,1,0,1,0,1
pandas-dev__pandas-21401,pandas-dev/pandas,random,pandas/core/generic.py,pandas/core/reshape/pivot.py,0,1,0,1,1,0,2
pandas-dev__pandas-21401,pandas-dev/pandas,random,pandas/io/sql.py,pandas/core/groupby/categorical.py,0,0,0,0,0,0,3
pandas-dev__pandas-21401,pandas-dev/pandas,random,pandas/io/sql.py,pandas/compat/numpy/function.py,0,0,0,0,0,0,2
pandas-dev__pandas-21401,pandas-dev/pandas,random,pandas/io/sql.py,pandas/core/indexes/category.py,0,0,0,1,1,0,2
pandas-dev__pandas-21401,pandas-dev/pandas,random,pandas/io/sql.py,pandas/core/dtypes/common.py,0,0,1,0,1,1,1
pandas-dev__pandas-21401,pandas-dev/pandas,random,pandas/io/sql.py,asv_bench/benchmarks/frame_ctor.py,0,0,0,0,0,0,3
pandas-dev__pandas-21401,pandas-dev/pandas,random,pandas/io/sql.py,pandas/core/computation/scope.py,0,0,0,0,0,0,2
pandas-dev__pandas-21401,pandas-dev/pandas,random,pandas/io/sql.py,pandas/util/_depr_module.py,0,0,0,0,0,0,inf
pandas-dev__pandas-21401,pandas-dev/pandas,random,pandas/io/sql.py,pandas/plotting/_compat.py,0,0,0,0,0,0,3
pandas-dev__pandas-21401,pandas-dev/pandas,random,pandas/io/sql.py,pandas/core/reshape/util.py,0,0,0,0,0,0,2
pandas-dev__pandas-21401,pandas-dev/pandas,random,pandas/io/sql.py,pandas/io/common.py,1,1,0,1,1,0,2
pandas-dev__pandas-21401,pandas-dev/pandas,gold-other,pandas/core/generic.py,pandas/io/sql.py,0,0,1,0,1,0,1
pandas-dev__pandas-21401,pandas-dev/pandas,gold-other,pandas/io/sql.py,pandas/core/generic.py,0,0,1,0,1,0,1
webcompat__webcompat.com-2731,webcompat/webcompat.com,random,webcompat/api/endpoints.py,webcompat/api/__init__.py,1,1,0,0,0,0,2
webcompat__webcompat.com-2731,webcompat/webcompat.com,random,webcompat/api/endpoints.py,tools/labels.py,0,0,0,0,0,0,2
webcompat__webcompat.com-2731,webcompat/webcompat.com,random,webcompat/api/endpoints.py,webcompat/webhooks/__init__.py,0,0,0,0,0,0,2
webcompat__webcompat.com-2731,webcompat/webcompat.com,random,webcompat/api/endpoints.py,webcompat/api/uploads.py,1,1,0,0,0,0,2
webcompat__webcompat.com-2731,webcompat/webcompat.com,random,webcompat/api/endpoints.py,webcompat/db/__init__.py,0,0,0,0,0,0,2
webcompat__webcompat.com-2731,webcompat/webcompat.com,random,webcompat/api/endpoints.py,webcompat/webhooks/helpers.py,0,0,0,0,0,0,2
webcompat__webcompat.com-2731,webcompat/webcompat.com,random,webcompat/api/endpoints.py,config/environment.py,0,0,0,0,0,0,inf
webcompat__webcompat.com-2731,webcompat/webcompat.com,random,webcompat/api/endpoints.py,webcompat/error_handlers/__init__.py,0,0,0,0,0,0,2
webcompat__webcompat.com-2731,webcompat/webcompat.com,random,webcompat/api/endpoints.py,webcompat/views.py,0,0,0,1,0,0,2
webcompat__webcompat.com-2731,webcompat/webcompat.com,random,webcompat/api/endpoints.py,tools/changelog.py,0,0,0,0,0,0,inf
webcompat__webcompat.com-2731,webcompat/webcompat.com,random,webcompat/helpers.py,webcompat/views.py,1,1,0,1,1,0,2
webcompat__webcompat.com-2731,webcompat/webcompat.com,random,webcompat/helpers.py,webcompat/__init__.py,1,1,1,0,0,1,1
webcompat__webcompat.com-2731,webcompat/webcompat.com,random,webcompat/helpers.py,webcompat/webhooks/__init__.py,0,0,0,0,0,0,2
webcompat__webcompat.com-2731,webcompat/webcompat.com,random,webcompat/helpers.py,webcompat/dashboard.py,1,1,0,0,0,0,3
webcompat__webcompat.com-2731,webcompat/webcompat.com,random,webcompat/helpers.py,webcompat/webhooks/helpers.py,0,0,1,0,1,0,1
webcompat__webcompat.com-2731,webcompat/webcompat.com,random,webcompat/helpers.py,tools/changelog.py,0,0,0,0,0,0,inf
webcompat__webcompat.com-2731,webcompat/webcompat.com,random,webcompat/helpers.py,run.py,0,0,0,0,0,0,2
webcompat__webcompat.com-2731,webcompat/webcompat.com,random,webcompat/helpers.py,tools/topsites.py,0,0,0,1,0,0,2
webcompat__webcompat.com-2731,webcompat/webcompat.com,random,webcompat/helpers.py,webcompat/form.py,1,1,1,0,1,1,1
webcompat__webcompat.com-2731,webcompat/webcompat.com,random,webcompat/helpers.py,webcompat/issues.py,1,1,1,0,1,0,1
webcompat__webcompat.com-2731,webcompat/webcompat.com,gold-other,webcompat/api/endpoints.py,webcompat/helpers.py,0,0,1,0,1,0,1
webcompat__webcompat.com-2731,webcompat/webcompat.com,gold-other,webcompat/helpers.py,webcompat/api/endpoints.py,0,0,1,0,1,0,1
pulp__pulp_rpm-3224,pulp/pulp_rpm,random,pulp_rpm/app/tasks/publishing.py,pulp_rpm/app/viewsets/advisory.py,0,1,0,0,0,0,2
pulp__pulp_rpm-3224,pulp/pulp_rpm,random,pulp_rpm/app/tasks/publishing.py,pulp_rpm/app/viewsets/acs.py,0,1,0,0,0,0,2
pulp__pulp_rpm-3224,pulp/pulp_rpm,random,pulp_rpm/app/tasks/publishing.py,pulp_rpm/app/models/distribution.py,0,1,1,0,0,0,1
pulp__pulp_rpm-3224,pulp/pulp_rpm,random,pulp_rpm/app/tasks/publishing.py,pulp_rpm/app/models/advisory.py,0,1,1,0,1,0,1
pulp__pulp_rpm-3224,pulp/pulp_rpm,random,pulp_rpm/app/tasks/publishing.py,pulp_rpm/app/migrations/0020_remove_updatecollection_m2m.py,0,1,0,0,0,0,inf
pulp__pulp_rpm-3224,pulp/pulp_rpm,random,pulp_rpm/app/tasks/publishing.py,pulp_rpm/app/migrations/0036_checksum_type.py,0,1,0,0,0,0,inf
pulp__pulp_rpm-3224,pulp/pulp_rpm,random,pulp_rpm/app/tasks/publishing.py,pulp_rpm/app/migrations/0018_updatecollection__update_record.py,0,1,0,0,0,0,inf
pulp__pulp_rpm-3224,pulp/pulp_rpm,random,pulp_rpm/app/tasks/publishing.py,pulp_rpm/app/replica.py,0,1,0,0,0,0,2
pulp__pulp_rpm-3224,pulp/pulp_rpm,random,pulp_rpm/app/tasks/publishing.py,pulp_rpm/app/migrations/0008_advisory_pkg_sumtype_as_int.py,0,1,0,0,0,0,inf
pulp__pulp_rpm-3224,pulp/pulp_rpm,random,pulp_rpm/app/tasks/publishing.py,pulp_rpm/app/migrations/0002_updaterecord_reboot_suggested.py,0,1,0,0,0,0,inf
pulp__pulp_rpm-3224,pulp/pulp_rpm,random,pulp_rpm/app/tasks/synchronizing.py,pulp_rpm/app/migrations/0035_fix_auto_publish.py,0,1,0,0,0,0,inf
pulp__pulp_rpm-3224,pulp/pulp_rpm,random,pulp_rpm/app/tasks/synchronizing.py,pulp_rpm/app/exceptions.py,0,1,0,0,0,0,2
pulp__pulp_rpm-3224,pulp/pulp_rpm,random,pulp_rpm/app/tasks/synchronizing.py,pulp_rpm/app/migrations/0051_alter_distributiontree_unique_together_and_more.py,0,1,0,0,0,0,inf
pulp__pulp_rpm-3224,pulp/pulp_rpm,random,pulp_rpm/app/tasks/synchronizing.py,pulp_rpm/app/migrations/0036_checksum_type.py,0,1,0,0,0,0,inf
pulp__pulp_rpm-3224,pulp/pulp_rpm,random,pulp_rpm/app/tasks/synchronizing.py,pulp_rpm/app/migrations/0006_opensuse_support.py,0,1,0,0,0,0,inf
pulp__pulp_rpm-3224,pulp/pulp_rpm,random,pulp_rpm/app/tasks/synchronizing.py,pulp_rpm/app/migrations/0047_modulemd_datefield.py,0,1,0,0,0,0,inf
pulp__pulp_rpm-3224,pulp/pulp_rpm,random,pulp_rpm/app/tasks/synchronizing.py,pulp_rpm/app/comps.py,0,1,1,0,1,0,1
pulp__pulp_rpm-3224,pulp/pulp_rpm,random,pulp_rpm/app/tasks/synchronizing.py,pulp_rpm/app/downloaders.py,0,1,0,0,0,0,2
pulp__pulp_rpm-3224,pulp/pulp_rpm,random,pulp_rpm/app/tasks/synchronizing.py,pulp_rpm/app/migrations/0040_rpmalternatecontentsource.py,0,1,0,0,0,0,inf
pulp__pulp_rpm-3224,pulp/pulp_rpm,random,pulp_rpm/app/tasks/synchronizing.py,pulp_rpm/app/migrations/0033_new_distribution_model.py,0,1,0,0,0,0,inf
pulp__pulp_rpm-3224,pulp/pulp_rpm,gold-other,pulp_rpm/app/tasks/publishing.py,pulp_rpm/app/tasks/synchronizing.py,1,1,0,0,0,0,2
pulp__pulp_rpm-3224,pulp/pulp_rpm,gold-other,pulp_rpm/app/tasks/synchronizing.py,pulp_rpm/app/tasks/publishing.py,1,1,0,0,0,0,2
sancus-tee__sancus-compiler-36,sancus-tee/sancus-compiler,random,src/drivers/linker.py,src/drivers/sancus/paths.py,0,1,1,0,1,0,1
sancus-tee__sancus-compiler-36,sancus-tee/sancus-compiler,random,src/drivers/linker.py,src/drivers/common.py,1,1,1,0,1,0,1
sancus-tee__sancus-compiler-36,sancus-tee/sancus-compiler,random,src/drivers/linker.py,src/drivers/sancus/__init__.py,0,1,1,0,0,0,1
sancus-tee__sancus-compiler-36,sancus-tee/sancus-compiler,random,src/drivers/linker.py,src/drivers/compiler.py,1,1,0,0,0,0,2
sancus-tee__sancus-compiler-36,sancus-tee/sancus-compiler,random,src/drivers/linker.py,src/drivers/sancus/crypto.py,0,1,0,1,1,0,2
sancus-tee__sancus-compiler-36,sancus-tee/sancus-compiler,random,src/drivers/sancus/sancus_config.py,src/drivers/sancus/__init__.py,1,1,0,0,0,0,2
sancus-tee__sancus-compiler-36,sancus-tee/sancus-compiler,random,src/drivers/sancus/sancus_config.py,src/drivers/common.py,0,1,0,1,0,0,2
sancus-tee__sancus-compiler-36,sancus-tee/sancus-compiler,random,src/drivers/sancus/sancus_config.py,src/drivers/sancus/paths.py,1,1,0,0,0,0,2
sancus-tee__sancus-compiler-36,sancus-tee/sancus-compiler,random,src/drivers/sancus/sancus_config.py,src/drivers/compiler.py,0,1,0,0,0,0,3
sancus-tee__sancus-compiler-36,sancus-tee/sancus-compiler,random,src/drivers/sancus/sancus_config.py,src/drivers/sancus/crypto.py,1,1,0,1,0,0,3
sancus-tee__sancus-compiler-36,sancus-tee/sancus-compiler,gold-other,src/drivers/linker.py,src/drivers/sancus/sancus_config.py,0,1,1,0,1,0,1
sancus-tee__sancus-compiler-36,sancus-tee/sancus-compiler,gold-other,src/drivers/sancus/sancus_config.py,src/drivers/linker.py,0,1,1,0,1,0,1
home-assistant__core-15182,home-assistant/core,random,homeassistant/components/http/__init__.py,homeassistant/components/light/qwikswitch.py,0,1,0,0,0,0,3
home-assistant__core-15182,home-assistant/core,random,homeassistant/components/http/__init__.py,homeassistant/components/spc.py,0,1,0,1,0,0,2
home-assistant__core-15182,home-assistant/core,random,homeassistant/components/http/__init__.py,homeassistant/components/image_processing/__init__.py,0,1,0,1,1,1,2
home-assistant__core-15182,home-assistant/core,random,homeassistant/components/http/__init__.py,homeassistant/components/cover/group.py,0,1,0,1,0,0,2
home-assistant__core-15182,home-assistant/core,random,homeassistant/components/http/__init__.py,homeassistant/components/sensor/mfi.py,0,1,0,1,0,0,2
home-assistant__core-15182,home-assistant/core,random,homeassistant/components/http/__init__.py,homeassistant/components/zone/__init__.py,0,1,0,1,0,0,2
home-assistant__core-15182,home-assistant/core,random,homeassistant/components/http/__init__.py,homeassistant/components/lock/nello.py,0,1,0,1,0,0,2
home-assistant__core-15182,home-assistant/core,random,homeassistant/components/http/__init__.py,homeassistant/components/binary_sensor/hikvision.py,0,1,0,1,0,0,2
home-assistant__core-15182,home-assistant/core,random,homeassistant/components/http/__init__.py,homeassistant/components/light/knx.py,0,1,0,1,0,0,2
home-assistant__core-15182,home-assistant/core,random,homeassistant/components/http/__init__.py,homeassistant/components/alarm_control_panel/arlo.py,0,1,0,1,0,0,2
home-assistant__core-15182,home-assistant/core,random,homeassistant/components/http/real_ip.py,homeassistant/components/notify/command_line.py,0,1,0,0,0,0,3
home-assistant__core-15182,home-assistant/core,random,homeassistant/components/http/real_ip.py,homeassistant/components/sensor/arlo.py,0,1,0,0,0,0,2
home-assistant__core-15182,home-assistant/core,random,homeassistant/components/http/real_ip.py,homeassistant/components/zone/config_flow.py,0,1,0,0,0,0,2
home-assistant__core-15182,home-assistant/core,random,homeassistant/components/http/real_ip.py,homeassistant/components/device_tracker/tomato.py,0,1,0,0,0,0,3
home-assistant__core-15182,home-assistant/core,random,homeassistant/components/http/real_ip.py,homeassistant/components/fan/insteon_plm.py,0,1,0,0,0,0,3
home-assistant__core-15182,home-assistant/core,random,homeassistant/components/http/real_ip.py,homeassistant/components/sensor/openweathermap.py,0,1,0,0,0,0,3
home-assistant__core-15182,home-assistant/core,random,homeassistant/components/http/real_ip.py,homeassistant/helpers/entity_values.py,0,0,0,0,0,0,2
home-assistant__core-15182,home-assistant/core,random,homeassistant/components/http/real_ip.py,homeassistant/components/sensor/homematic.py,0,1,0,0,0,0,3
home-assistant__core-15182,home-assistant/core,random,homeassistant/components/http/real_ip.py,homeassistant/components/device_tracker/google_maps.py,0,1,0,0,0,0,3
home-assistant__core-15182,home-assistant/core,random,homeassistant/components/http/real_ip.py,homeassistant/components/camera/usps.py,0,1,0,0,0,0,3
home-assistant__core-15182,home-assistant/core,gold-other,homeassistant/components/http/__init__.py,homeassistant/components/http/real_ip.py,1,1,1,0,1,0,1
home-assistant__core-15182,home-assistant/core,gold-other,homeassistant/components/http/real_ip.py,homeassistant/components/http/__init__.py,1,1,1,0,1,0,1
Innopoints__backend-124,Innopoints/backend,gold,innopoints/blueprints.py,innopoints/schemas/account.py,0,0,0,0,0,0,3
Innopoints__backend-124,Innopoints/backend,gold,innopoints/blueprints.py,innopoints/views/account.py,0,0,1,0,0,0,1
Innopoints__backend-124,Innopoints/backend,gold,innopoints/blueprints.py,innopoints/views/authentication.py,0,0,1,0,0,0,1
Innopoints__backend-124,Innopoints/backend,random,innopoints/blueprints.py,innopoints/core/file_manager/__init__.py,0,0,0,0,0,0,2
Innopoints__backend-124,Innopoints/backend,random,innopoints/blueprints.py,innopoints/views/application.py,0,0,1,0,0,0,1
Innopoints__backend-124,Innopoints/backend,random,innopoints/blueprints.py,migrations/versions/c8f1d96845f3_remove_the_organizer_field.py,0,0,0,0,0,0,inf
Innopoints__backend-124,Innopoints/backend,random,innopoints/blueprints.py,innopoints/models/application.py,0,0,0,0,0,0,3
Innopoints__backend-124,Innopoints/backend,random,innopoints/blueprints.py,run.py,0,0,0,0,0,0,2
Innopoints__backend-124,Innopoints/backend,random,innopoints/blueprints.py,innopoints/models/variety.py,0,0,0,0,0,0,3
Innopoints__backend-124,Innopoints/backend,random,innopoints/blueprints.py,innopoints/schemas/variety.py,0,0,0,0,0,0,3
Innopoints__backend-124,Innopoints/backend,random,innopoints/blueprints.py,migrations/env.py,0,0,0,0,0,0,inf
Innopoints__backend-124,Innopoints/backend,random,innopoints/blueprints.py,innopoints/core/timezone.py,0,0,0,0,0,0,2
Innopoints__backend-124,Innopoints/backend,random,innopoints/blueprints.py,innopoints/models/account.py,0,0,0,0,0,0,3
Innopoints__backend-124,Innopoints/backend,gold,innopoints/core/helpers.py,innopoints/schemas/account.py,0,0,0,0,0,0,3
Innopoints__backend-124,Innopoints/backend,gold,innopoints/core/helpers.py,innopoints/views/account.py,0,0,1,0,1,0,1
Innopoints__backend-124,Innopoints/backend,gold,innopoints/core/helpers.py,innopoints/views/authentication.py,0,0,1,0,1,0,1
Innopoints__backend-124,Innopoints/backend,random,innopoints/core/helpers.py,innopoints/core/file_manager/__init__.py,0,1,0,0,0,0,2
Innopoints__backend-124,Innopoints/backend,random,innopoints/core/helpers.py,innopoints/views/notification.py,0,0,1,0,1,0,1
Innopoints__backend-124,Innopoints/backend,random,innopoints/core/helpers.py,innopoints/models/project.py,0,0,0,0,0,0,3
Innopoints__backend-124,Innopoints/backend,random,innopoints/core/helpers.py,innopoints/models/product.py,0,0,0,0,0,0,3
Innopoints__backend-124,Innopoints/backend,random,innopoints/core/helpers.py,innopoints/schemas/activity.py,0,0,0,0,0,0,3
Innopoints__backend-124,Innopoints/backend,random,innopoints/core/helpers.py,innopoints/models/notification.py,0,0,0,0,0,0,3
Innopoints__backend-124,Innopoints/backend,random,innopoints/core/helpers.py,migrations/versions/bdeeeacbec4d_initial_schema.py,0,0,0,0,0,0,inf
Innopoints__backend-124,Innopoints/backend,random,innopoints/core/helpers.py,innopoints/views/variety.py,0,0,1,0,1,0,1
Innopoints__backend-124,Innopoints/backend,random,innopoints/core/helpers.py,innopoints/extensions.py,0,0,0,0,0,0,2
Innopoints__backend-124,Innopoints/backend,random,innopoints/core/helpers.py,run.py,0,0,0,0,0,0,4
Innopoints__backend-124,Innopoints/backend,gold-other,innopoints/blueprints.py,innopoints/core/helpers.py,0,0,0,0,0,0,2
Innopoints__backend-124,Innopoints/backend,gold-other,innopoints/core/helpers.py,innopoints/blueprints.py,0,0,0,0,0,0,2
Innopoints__backend-124,Innopoints/backend,gold-other,innopoints/schemas/account.py,innopoints/blueprints.py,0,0,0,0,0,0,3
Innopoints__backend-124,Innopoints/backend,gold-other,innopoints/schemas/account.py,innopoints/core/helpers.py,0,0,0,0,0,0,3
Innopoints__backend-124,Innopoints/backend,gold-other,innopoints/schemas/account.py,innopoints/views/account.py,0,0,0,1,1,0,2
Innopoints__backend-124,Innopoints/backend,gold-other,innopoints/schemas/account.py,innopoints/views/authentication.py,0,0,0,0,0,0,2
Innopoints__backend-124,Innopoints/backend,gold-other,innopoints/views/account.py,innopoints/blueprints.py,0,0,1,0,0,0,1
Innopoints__backend-124,Innopoints/backend,gold-other,innopoints/views/account.py,innopoints/core/helpers.py,0,0,1,0,1,0,1
Innopoints__backend-124,Innopoints/backend,gold-other,innopoints/views/account.py,innopoints/schemas/account.py,0,0,0,1,1,0,2
Innopoints__backend-124,Innopoints/backend,gold-other,innopoints/views/account.py,innopoints/views/authentication.py,1,1,0,0,0,0,2
Innopoints__backend-124,Innopoints/backend,gold-other,innopoints/views/authentication.py,innopoints/blueprints.py,0,0,1,0,0,0,1
Innopoints__backend-124,Innopoints/backend,gold-other,innopoints/views/authentication.py,innopoints/core/helpers.py,0,0,1,0,1,0,1
Innopoints__backend-124,Innopoints/backend,gold-other,innopoints/views/authentication.py,innopoints/schemas/account.py,0,0,0,0,0,0,2
Innopoints__backend-124,Innopoints/backend,gold-other,innopoints/views/authentication.py,innopoints/views/account.py,1,1,0,0,0,0,2
modin-project__modin-3404,modin-project/modin,random,modin/experimental/xgboost/xgboost.py,asv_bench/benchmarks/omnisci/benchmarks.py,0,0,0,0,0,0,3
modin-project__modin-3404,modin-project/modin,random,modin/experimental/xgboost/xgboost.py,modin/core/execution/ray/generic/modin_aqp.py,0,0,0,0,0,0,3
modin-project__modin-3404,modin-project/modin,random,modin/experimental/xgboost/xgboost.py,modin/pandas/dataframe.py,0,0,0,1,1,0,2
modin-project__modin-3404,modin-project/modin,random,modin/experimental/xgboost/xgboost.py,modin/core/execution/dask/implementations/pandas_on_dask/dataframe/__init__.py,0,0,0,0,0,0,inf
modin-project__modin-3404,modin-project/modin,random,modin/experimental/xgboost/xgboost.py,modin/core/execution/python/implementations/pandas_on_python/dataframe/dataframe.py,0,0,0,0,0,0,4
modin-project__modin-3404,modin-project/modin,random,modin/experimental/xgboost/xgboost.py,modin/experimental/cloud/omnisci.py,0,1,0,0,0,0,4
modin-project__modin-3404,modin-project/modin,random,modin/experimental/xgboost/xgboost.py,modin/core/execution/ray/implementations/pandas_on_ray/partitioning/__init__.py,0,0,0,0,0,0,inf
modin-project__modin-3404,modin-project/modin,random,modin/experimental/xgboost/xgboost.py,modin/core/storage_formats/pandas/query_compiler.py,0,0,0,1,1,0,2
modin-project__modin-3404,modin-project/modin,random,modin/experimental/xgboost/xgboost.py,stress_tests/kaggle/kaggle22.py,0,0,0,1,0,0,2
modin-project__modin-3404,modin-project/modin,random,modin/experimental/xgboost/xgboost.py,modin/experimental/core/execution/ray/implementations/pyarrow_on_ray/io/__init__.py,0,1,0,0,0,0,3
modin-project__modin-3404,modin-project/modin,random,modin/experimental/xgboost/xgboost_ray.py,modin/pandas/io.py,0,0,0,0,0,0,3
modin-project__modin-3404,modin-project/modin,random,modin/experimental/xgboost/xgboost_ray.py,modin/core/execution/ray/generic/modin_aqp.py,0,0,0,0,0,0,4
modin-project__modin-3404,modin-project/modin,random,modin/experimental/xgboost/xgboost_ray.py,examples/docker/modin-ray/plasticc.py,0,0,0,1,1,0,3
modin-project__modin-3404,modin-project/modin,random,modin/experimental/xgboost/xgboost_ray.py,modin/core/execution/ray/implementations/cudf_on_ray/io/text/csv_dispatcher.py,0,0,0,0,0,0,4
modin-project__modin-3404,modin-project/modin,random,modin/experimental/xgboost/xgboost_ray.py,modin/core/storage_formats/pyarrow/__init__.py,0,0,0,0,0,0,4
modin-project__modin-3404,modin-project/modin,random,modin/experimental/xgboost/xgboost_ray.py,modin/core/storage_formats/cudf/query_compiler.py,0,0,0,0,0,0,3
modin-project__modin-3404,modin-project/modin,random,modin/experimental/xgboost/xgboost_ray.py,modin/core/execution/dask/implementations/pandas_on_dask/io/io.py,0,0,0,0,0,0,3
modin-project__modin-3404,modin-project/modin,random,modin/experimental/xgboost/xgboost_ray.py,modin/core/execution/dispatching/factories/factories.py,0,0,0,0,0,0,3
modin-project__modin-3404,modin-project/modin,random,modin/experimental/xgboost/xgboost_ray.py,modin/core/io/sql/__init__.py,0,0,0,0,0,0,inf
modin-project__modin-3404,modin-project/modin,random,modin/experimental/xgboost/xgboost_ray.py,modin/experimental/core/execution/native/implementations/omnisci_on_native/calcite_algebra.py,0,1,0,1,1,0,5
modin-project__modin-3404,modin-project/modin,gold-other,modin/experimental/xgboost/xgboost.py,modin/experimental/xgboost/xgboost_ray.py,1,1,1,0,1,0,1
modin-project__modin-3404,modin-project/modin,gold-other,modin/experimental/xgboost/xgboost_ray.py,modin/experimental/xgboost/xgboost.py,1,1,1,0,1,0,1
pyca__pyopenssl-578,pyca/pyopenssl,random,src/OpenSSL/SSL.py,examples/certgen.py,0,0,0,0,0,0,2
pyca__pyopenssl-578,pyca/pyopenssl,random,src/OpenSSL/SSL.py,src/OpenSSL/crypto.py,1,1,1,0,1,1,1
pyca__pyopenssl-578,pyca/pyopenssl,random,src/OpenSSL/SSL.py,examples/sni/client.py,0,0,1,0,0,0,1
pyca__pyopenssl-578,pyca/pyopenssl,random,src/OpenSSL/SSL.py,leakcheck/context-info-callback.py,0,0,1,0,0,0,1
pyca__pyopenssl-578,pyca/pyopenssl,random,src/OpenSSL/SSL.py,src/OpenSSL/version.py,1,1,0,0,0,0,2
pyca__pyopenssl-578,pyca/pyopenssl,random,src/OpenSSL/SSL.py,setup.py,0,0,0,0,0,0,inf
pyca__pyopenssl-578,pyca/pyopenssl,random,src/OpenSSL/SSL.py,examples/SecureXMLRPCServer.py,0,0,1,0,1,0,1
pyca__pyopenssl-578,pyca/pyopenssl,random,src/OpenSSL/SSL.py,doc/conf.py,0,0,0,0,0,0,inf
pyca__pyopenssl-578,pyca/pyopenssl,random,src/OpenSSL/SSL.py,src/OpenSSL/tsafe.py,1,1,1,0,1,1,1
pyca__pyopenssl-578,pyca/pyopenssl,random,src/OpenSSL/SSL.py,examples/proxy.py,0,0,1,0,0,0,1
pyca__pyopenssl-578,pyca/pyopenssl,random,src/OpenSSL/_util.py,doc/conf.py,0,0,0,1,0,0,inf
pyca__pyopenssl-578,pyca/pyopenssl,random,src/OpenSSL/_util.py,src/OpenSSL/__init__.py,1,1,0,0,0,0,2
pyca__pyopenssl-578,pyca/pyopenssl,random,src/OpenSSL/_util.py,examples/mk_simple_certs.py,0,0,0,0,0,0,2
pyca__pyopenssl-578,pyca/pyopenssl,random,src/OpenSSL/_util.py,src/OpenSSL/version.py,1,1,0,0,0,0,3
pyca__pyopenssl-578,pyca/pyopenssl,random,src/OpenSSL/_util.py,src/OpenSSL/rand.py,1,1,1,0,0,0,1
pyca__pyopenssl-578,pyca/pyopenssl,random,src/OpenSSL/_util.py,examples/SecureXMLRPCServer.py,0,0,0,0,0,0,2
pyca__pyopenssl-578,pyca/pyopenssl,random,src/OpenSSL/_util.py,leakcheck/crypto.py,0,0,1,0,0,0,1
pyca__pyopenssl-578,pyca/pyopenssl,random,src/OpenSSL/_util.py,src/OpenSSL/crypto.py,1,1,1,0,0,1,1
pyca__pyopenssl-578,pyca/pyopenssl,random,src/OpenSSL/_util.py,examples/simple/client.py,0,0,0,0,0,0,2
pyca__pyopenssl-578,pyca/pyopenssl,random,src/OpenSSL/_util.py,leakcheck/thread-crash.py,0,0,0,0,0,0,2
pyca__pyopenssl-578,pyca/pyopenssl,gold-other,src/OpenSSL/SSL.py,src/OpenSSL/_util.py,1,1,1,0,0,1,1
pyca__pyopenssl-578,pyca/pyopenssl,gold-other,src/OpenSSL/_util.py,src/OpenSSL/SSL.py,1,1,1,0,0,1,1
matchms__matchms-backup-187,matchms/matchms-backup,gold,matchms/utils.py,matchms/filtering/derive_inchi_from_smiles.py,0,0,1,0,1,0,1
matchms__matchms-backup-187,matchms/matchms-backup,gold,matchms/utils.py,matchms/filtering/derive_inchikey_from_inchi.py,0,0,1,0,1,0,1
matchms__matchms-backup-187,matchms/matchms-backup,gold,matchms/utils.py,matchms/filtering/derive_smiles_from_inchi.py,0,0,1,0,1,0,1
matchms__matchms-backup-187,matchms/matchms-backup,random,matchms/utils.py,matchms/filtering/select_by_intensity.py,0,0,0,0,0,0,3
matchms__matchms-backup-187,matchms/matchms-backup,random,matchms/utils.py,matchms/importing/__init__.py,0,0,0,0,0,0,4
matchms__matchms-backup-187,matchms/matchms-backup,random,matchms/utils.py,matchms/calculate_scores.py,1,1,0,0,0,0,4
matchms__matchms-backup-187,matchms/matchms-backup,random,matchms/utils.py,matchms/filtering/harmonize_undefined_inchi.py,0,0,0,0,0,0,3
matchms__matchms-backup-187,matchms/matchms-backup,random,matchms/utils.py,matchms/filtering/correct_charge.py,0,0,0,0,0,0,3
matchms__matchms-backup-187,matchms/matchms-backup,random,matchms/utils.py,matchms/filtering/make_ionmode_lowercase.py,0,0,0,0,0,0,3
matchms__matchms-backup-187,matchms/matchms-backup,random,matchms/utils.py,matchms/exporting/save_as_mgf.py,0,0,0,0,0,0,4
matchms__matchms-backup-187,matchms/matchms-backup,random,matchms/utils.py,matchms/similarity/spec2vec/Spec2Vec.py,0,0,0,0,0,0,5
matchms__matchms-backup-187,matchms/matchms-backup,random,matchms/utils.py,matchms/constants.py,1,1,0,0,0,0,4
matchms__matchms-backup-187,matchms/matchms-backup,random,matchms/utils.py,matchms/similarity/spec2vec/SpectrumDocument.py,0,0,0,0,0,0,5
matchms__matchms-backup-187,matchms/matchms-backup,gold-other,matchms/filtering/derive_inchi_from_smiles.py,matchms/filtering/derive_inchikey_from_inchi.py,1,1,0,0,0,0,2
matchms__matchms-backup-187,matchms/matchms-backup,gold-other,matchms/filtering/derive_inchi_from_smiles.py,matchms/filtering/derive_smiles_from_inchi.py,1,1,0,0,0,0,2
matchms__matchms-backup-187,matchms/matchms-backup,gold-other,matchms/filtering/derive_inchi_from_smiles.py,matchms/utils.py,0,0,1,0,1,0,1
matchms__matchms-backup-187,matchms/matchms-backup,gold-other,matchms/filtering/derive_inchikey_from_inchi.py,matchms/filtering/derive_inchi_from_smiles.py,1,1,0,0,0,0,2
matchms__matchms-backup-187,matchms/matchms-backup,gold-other,matchms/filtering/derive_inchikey_from_inchi.py,matchms/filtering/derive_smiles_from_inchi.py,1,1,0,0,0,0,2
matchms__matchms-backup-187,matchms/matchms-backup,gold-other,matchms/filtering/derive_inchikey_from_inchi.py,matchms/utils.py,0,0,1,0,1,0,1
matchms__matchms-backup-187,matchms/matchms-backup,gold-other,matchms/filtering/derive_smiles_from_inchi.py,matchms/filtering/derive_inchi_from_smiles.py,1,1,0,0,0,0,2
matchms__matchms-backup-187,matchms/matchms-backup,gold-other,matchms/filtering/derive_smiles_from_inchi.py,matchms/filtering/derive_inchikey_from_inchi.py,1,1,0,0,0,0,2
matchms__matchms-backup-187,matchms/matchms-backup,gold-other,matchms/filtering/derive_smiles_from_inchi.py,matchms/utils.py,0,0,1,0,1,0,1
latchset__jwcrypto-195,latchset/jwcrypto,random,jwcrypto/jwe.py,jwcrypto/tests.py,1,1,1,0,1,0,1
latchset__jwcrypto-195,latchset/jwcrypto,random,jwcrypto/jwe.py,setup.py,0,0,0,0,0,0,inf
latchset__jwcrypto-195,latchset/jwcrypto,random,jwcrypto/jwe.py,jwcrypto/jwa.py,1,1,1,0,1,0,1
latchset__jwcrypto-195,latchset/jwcrypto,random,jwcrypto/jwe.py,jwcrypto/jws.py,1,1,0,1,0,0,2
latchset__jwcrypto-195,latchset/jwcrypto,random,jwcrypto/jwe.py,docs/source/conf.py,0,0,0,0,0,0,inf
latchset__jwcrypto-195,latchset/jwcrypto,random,jwcrypto/jwe.py,jwcrypto/jwk.py,1,1,0,1,1,0,2
latchset__jwcrypto-195,latchset/jwcrypto,random,jwcrypto/jwe.py,jwcrypto/__init__.py,1,1,0,0,0,0,inf
latchset__jwcrypto-195,latchset/jwcrypto,random,jwcrypto/jwe.py,jwcrypto/common.py,1,1,1,0,1,0,1
latchset__jwcrypto-195,latchset/jwcrypto,random,jwcrypto/jwe.py,jwcrypto/tests-cookbook.py,1,1,1,0,1,0,1
latchset__jwcrypto-195,latchset/jwcrypto,random,jwcrypto/jwt.py,jwcrypto/jwk.py,1,1,1,0,1,0,1
latchset__jwcrypto-195,latchset/jwcrypto,random,jwcrypto/jwt.py,jwcrypto/jwa.py,1,1,0,1,0,0,2
latchset__jwcrypto-195,latchset/jwcrypto,random,jwcrypto/jwt.py,jwcrypto/__init__.py,1,1,0,0,0,0,inf
latchset__jwcrypto-195,latchset/jwcrypto,random,jwcrypto/jwt.py,jwcrypto/tests-cookbook.py,1,1,0,1,1,0,2
latchset__jwcrypto-195,latchset/jwcrypto,random,jwcrypto/jwt.py,jwcrypto/tests.py,1,1,1,0,1,0,1
latchset__jwcrypto-195,latchset/jwcrypto,random,jwcrypto/jwt.py,docs/source/conf.py,0,0,0,0,0,0,inf
latchset__jwcrypto-195,latchset/jwcrypto,random,jwcrypto/jwt.py,jwcrypto/jws.py,1,1,1,0,1,0,1
latchset__jwcrypto-195,latchset/jwcrypto,random,jwcrypto/jwt.py,jwcrypto/common.py,1,1,1,0,1,0,1
latchset__jwcrypto-195,latchset/jwcrypto,random,jwcrypto/jwt.py,setup.py,0,0,0,0,0,0,inf
latchset__jwcrypto-195,latchset/jwcrypto,gold-other,jwcrypto/jwe.py,jwcrypto/jwt.py,1,1,1,0,1,0,1
latchset__jwcrypto-195,latchset/jwcrypto,gold-other,jwcrypto/jwt.py,jwcrypto/jwe.py,1,1,1,0,1,0,1
jax-ml__jax-25114,jax-ml/jax,random,jax/_src/compiler.py,setup.py,0,0,0,0,0,0,inf
jax-ml__jax-25114,jax-ml/jax,random,jax/_src/compiler.py,jax/experimental/rnn.py,0,0,0,0,0,0,2
jax-ml__jax-25114,jax-ml/jax,random,jax/_src/compiler.py,examples/mnist_classifier_fromscratch.py,0,0,0,0,0,0,3
jax-ml__jax-25114,jax-ml/jax,random,jax/_src/compiler.py,jax/experimental/sparse/random.py,0,0,0,0,0,0,3
jax-ml__jax-25114,jax-ml/jax,random,jax/_src/compiler.py,jax/experimental/jax2tf/jax2tf.py,0,0,0,0,0,0,2
jax-ml__jax-25114,jax-ml/jax,random,jax/_src/compiler.py,jax/_src/dlpack.py,1,1,0,0,0,0,2
jax-ml__jax-25114,jax-ml/jax,random,jax/_src/compiler.py,jax/experimental/mosaic/__init__.py,0,0,0,0,0,0,3
jax-ml__jax-25114,jax-ml/jax,random,jax/_src/compiler.py,jax/_src/internal_test_util/export_back_compat_test_data/cpu_cholesky_lapack_potrf.py,0,1,0,0,0,0,3
jax-ml__jax-25114,jax-ml/jax,random,jax/_src/compiler.py,jax/extend/mlir/dialects/sparse_tensor.py,0,0,0,0,0,0,inf
jax-ml__jax-25114,jax-ml/jax,random,jax/_src/compiler.py,jax/experimental/pallas/ops/gpu/decode_attention.py,0,0,0,0,0,0,3
jax-ml__jax-25114,jax-ml/jax,random,jax/_src/config.py,jax/_src/clusters/ompi_cluster.py,0,1,0,0,0,0,3
jax-ml__jax-25114,jax-ml/jax,random,jax/_src/config.py,jax/_src/third_party/scipy/special.py,0,1,0,1,0,0,2
jax-ml__jax-25114,jax-ml/jax,random,jax/_src/config.py,jax/_src/debugger/colab_lib.py,0,1,0,1,1,0,4
jax-ml__jax-25114,jax-ml/jax,random,jax/_src/config.py,jax/_src/internal_test_util/export_back_compat_test_data/pallas/triton_add_one.py,0,1,0,0,0,1,2
jax-ml__jax-25114,jax-ml/jax,random,jax/_src/config.py,examples/mnist_vae.py,0,0,0,0,0,0,2
jax-ml__jax-25114,jax-ml/jax,random,jax/_src/config.py,jax/_src/scipy/cluster/__init__.py,0,1,0,0,0,0,inf
jax-ml__jax-25114,jax-ml/jax,random,jax/_src/config.py,jax/_src/partition_spec.py,1,1,0,0,0,1,2
jax-ml__jax-25114,jax-ml/jax,random,jax/_src/config.py,jax/_src/scipy/stats/t.py,0,1,0,1,0,0,2
jax-ml__jax-25114,jax-ml/jax,random,jax/_src/config.py,jax/experimental/pallas/ops/gpu/softmax.py,0,0,0,1,0,1,2
jax-ml__jax-25114,jax-ml/jax,random,jax/_src/config.py,jax/_src/internal_test_util/export_back_compat_test_data/cuda_lu_cusolver_getrf.py,0,1,0,0,0,1,2
jax-ml__jax-25114,jax-ml/jax,gold-other,jax/_src/compiler.py,jax/_src/config.py,1,1,1,0,1,1,1
jax-ml__jax-25114,jax-ml/jax,gold-other,jax/_src/config.py,jax/_src/compiler.py,1,1,1,0,1,1,1
justin13601__ACES-145,justin13601/ACES,random,src/aces/config.py,src/aces/__init__.py,1,1,0,0,0,0,inf
justin13601__ACES-145,justin13601/ACES,random,src/aces/config.py,docs/source/conf.py,0,0,0,0,0,0,inf
justin13601__ACES-145,justin13601/ACES,random,src/aces/config.py,src/aces/aggregate.py,1,1,0,0,0,0,2
justin13601__ACES-145,justin13601/ACES,random,src/aces/config.py,src/aces/expand_shards.py,1,1,0,0,0,0,inf
justin13601__ACES-145,justin13601/ACES,random,src/aces/config.py,src/aces/extract_subtree.py,1,1,0,0,0,0,2
justin13601__ACES-145,justin13601/ACES,random,src/aces/config.py,src/aces/utils.py,1,1,1,0,1,0,1
justin13601__ACES-145,justin13601/ACES,random,src/aces/config.py,src/aces/configs/__init__.py,0,1,0,1,0,0,inf
justin13601__ACES-145,justin13601/ACES,random,src/aces/config.py,src/aces/__main__.py,1,1,1,0,1,0,1
justin13601__ACES-145,justin13601/ACES,random,src/aces/config.py,src/aces/constraints.py,1,1,0,0,0,0,2
justin13601__ACES-145,justin13601/ACES,random,src/aces/config.py,src/aces/types.py,1,1,1,0,1,0,1
justin13601__ACES-145,justin13601/ACES,random,src/aces/predicates.py,docs/source/conf.py,0,0,0,0,0,0,inf
justin13601__ACES-145,justin13601/ACES,random,src/aces/predicates.py,src/aces/__main__.py,1,1,1,0,1,0,1
justin13601__ACES-145,justin13601/ACES,random,src/aces/predicates.py,src/aces/configs/__init__.py,0,1,0,0,0,0,inf
justin13601__ACES-145,justin13601/ACES,random,src/aces/predicates.py,src/aces/types.py,1,1,1,0,0,0,1
justin13601__ACES-145,justin13601/ACES,random,src/aces/predicates.py,src/aces/__init__.py,1,1,0,0,0,0,inf
justin13601__ACES-145,justin13601/ACES,random,src/aces/predicates.py,src/aces/constraints.py,1,1,0,0,0,0,2
justin13601__ACES-145,justin13601/ACES,random,src/aces/predicates.py,src/aces/expand_shards.py,1,1,0,0,0,0,inf
justin13601__ACES-145,justin13601/ACES,random,src/aces/predicates.py,src/aces/aggregate.py,1,1,0,0,0,0,2
justin13601__ACES-145,justin13601/ACES,random,src/aces/predicates.py,src/aces/utils.py,1,1,0,0,0,0,2
justin13601__ACES-145,justin13601/ACES,random,src/aces/predicates.py,src/aces/extract_subtree.py,1,1,0,0,0,0,3
justin13601__ACES-145,justin13601/ACES,random,src/aces/query.py,src/aces/aggregate.py,1,1,0,0,0,0,2
justin13601__ACES-145,justin13601/ACES,random,src/aces/query.py,docs/source/conf.py,0,0,0,1,0,0,inf
justin13601__ACES-145,justin13601/ACES,random,src/aces/query.py,src/aces/constraints.py,1,1,1,0,1,0,1
justin13601__ACES-145,justin13601/ACES,random,src/aces/query.py,src/aces/__main__.py,1,1,1,0,1,0,1
justin13601__ACES-145,justin13601/ACES,random,src/aces/query.py,src/aces/extract_subtree.py,1,1,1,0,1,0,1
justin13601__ACES-145,justin13601/ACES,random,src/aces/query.py,src/aces/expand_shards.py,1,1,0,1,0,0,inf
justin13601__ACES-145,justin13601/ACES,random,src/aces/query.py,src/aces/__init__.py,1,1,0,0,0,0,inf
justin13601__ACES-145,justin13601/ACES,random,src/aces/query.py,src/aces/configs/__init__.py,0,1,0,0,0,0,inf
justin13601__ACES-145,justin13601/ACES,random,src/aces/query.py,src/aces/types.py,1,1,0,0,0,0,2
justin13601__ACES-145,justin13601/ACES,random,src/aces/query.py,src/aces/utils.py,1,1,1,0,1,0,1
justin13601__ACES-145,justin13601/ACES,gold-other,src/aces/config.py,src/aces/predicates.py,1,1,1,0,1,0,1
justin13601__ACES-145,justin13601/ACES,gold-other,src/aces/config.py,src/aces/query.py,1,1,1,0,0,0,1
justin13601__ACES-145,justin13601/ACES,gold-other,src/aces/predicates.py,src/aces/config.py,1,1,1,0,1,0,1
justin13601__ACES-145,justin13601/ACES,gold-other,src/aces/predicates.py,src/aces/query.py,1,1,0,0,0,0,2
justin13601__ACES-145,justin13601/ACES,gold-other,src/aces/query.py,src/aces/config.py,1,1,1,0,0,0,1
justin13601__ACES-145,justin13601/ACES,gold-other,src/aces/query.py,src/aces/predicates.py,1,1,0,0,0,0,2
jupyterhub__oauthenticator-764,jupyterhub/oauthenticator,random,oauthenticator/google.py,examples/auth_state/jupyterhub_config.py,0,0,0,0,0,0,3
jupyterhub__oauthenticator-764,jupyterhub/oauthenticator,random,oauthenticator/google.py,oauthenticator/auth0.py,1,1,0,1,0,0,2
jupyterhub__oauthenticator-764,jupyterhub/oauthenticator,random,oauthenticator/google.py,oauthenticator/openshift.py,1,1,0,1,1,0,2
jupyterhub__oauthenticator-764,jupyterhub/oauthenticator,random,oauthenticator/google.py,docs/source/how-to/example-oauthenticator.py,0,0,0,1,1,0,2
jupyterhub__oauthenticator-764,jupyterhub/oauthenticator,random,oauthenticator/google.py,oauthenticator/cilogon.py,1,1,0,1,1,0,2
jupyterhub__oauthenticator-764,jupyterhub/oauthenticator,random,oauthenticator/google.py,oauthenticator/_version.py,1,1,0,0,0,0,2
jupyterhub__oauthenticator-764,jupyterhub/oauthenticator,random,oauthenticator/google.py,docs/source/conf.py,0,0,0,0,0,0,2
jupyterhub__oauthenticator-764,jupyterhub/oauthenticator,random,oauthenticator/google.py,oauthenticator/globus.py,1,1,0,1,1,0,2
jupyterhub__oauthenticator-764,jupyterhub/oauthenticator,random,oauthenticator/google.py,examples/mock-provider/jupyterhub_config.py,0,0,0,0,0,0,inf
jupyterhub__oauthenticator-764,jupyterhub/oauthenticator,random,oauthenticator/google.py,oauthenticator/bitbucket.py,1,1,0,1,1,0,2
jupyterhub__oauthenticator-764,jupyterhub/oauthenticator,random,setup.py,oauthenticator/mediawiki.py,0,0,0,1,0,0,inf
jupyterhub__oauthenticator-764,jupyterhub/oauthenticator,random,setup.py,docs/source/how-to/example-oauthenticator.py,0,0,0,0,0,0,inf
jupyterhub__oauthenticator-764,jupyterhub/oauthenticator,random,setup.py,oauthenticator/bitbucket.py,0,0,0,1,0,0,inf
jupyterhub__oauthenticator-764,jupyterhub/oauthenticator,random,setup.py,oauthenticator/openshift.py,0,0,0,1,0,0,inf
jupyterhub__oauthenticator-764,jupyterhub/oauthenticator,random,setup.py,oauthenticator/gitlab.py,0,0,0,1,0,0,inf
jupyterhub__oauthenticator-764,jupyterhub/oauthenticator,random,setup.py,oauthenticator/globus.py,0,0,0,1,0,0,inf
jupyterhub__oauthenticator-764,jupyterhub/oauthenticator,random,setup.py,examples/full/jupyterhub_config.py,0,0,0,0,0,0,inf
jupyterhub__oauthenticator-764,jupyterhub/oauthenticator,random,setup.py,docs/source/conf.py,0,0,0,1,1,0,inf
jupyterhub__oauthenticator-764,jupyterhub/oauthenticator,random,setup.py,oauthenticator/github.py,0,0,0,1,0,0,inf
jupyterhub__oauthenticator-764,jupyterhub/oauthenticator,random,setup.py,oauthenticator/cilogon.py,0,0,0,1,0,0,inf
jupyterhub__oauthenticator-764,jupyterhub/oauthenticator,gold-other,oauthenticator/google.py,setup.py,0,0,0,1,0,0,inf
jupyterhub__oauthenticator-764,jupyterhub/oauthenticator,gold-other,setup.py,oauthenticator/google.py,0,0,0,1,0,0,inf
scikit-learn__scikit-learn-24076,scikit-learn/scikit-learn,gold,sklearn/neighbors/_base.py,setup.py,0,0,0,0,0,0,3
scikit-learn__scikit-learn-24076,scikit-learn/scikit-learn,gold,sklearn/neighbors/_base.py,sklearn/metrics/_pairwise_distances_reduction/__init__.py,0,0,1,0,0,0,1
scikit-learn__scikit-learn-24076,scikit-learn/scikit-learn,gold,sklearn/neighbors/_base.py,sklearn/metrics/_pairwise_distances_reduction/_dispatcher.py,0,0,1,0,1,0,1
scikit-learn__scikit-learn-24076,scikit-learn/scikit-learn,random,sklearn/neighbors/_base.py,sklearn/experimental/enable_halving_search_cv.py,0,0,0,0,0,0,3
scikit-learn__scikit-learn-24076,scikit-learn/scikit-learn,random,sklearn/neighbors/_base.py,examples/model_selection/plot_grid_search_refit_callable.py,0,0,0,0,0,0,3
scikit-learn__scikit-learn-24076,scikit-learn/scikit-learn,random,sklearn/neighbors/_base.py,examples/ensemble/plot_forest_importances.py,0,0,0,0,0,0,3
scikit-learn__scikit-learn-24076,scikit-learn/scikit-learn,random,sklearn/neighbors/_base.py,examples/neighbors/approximate_nearest_neighbors.py,0,0,0,1,0,0,2
scikit-learn__scikit-learn-24076,scikit-learn/scikit-learn,random,sklearn/neighbors/_base.py,examples/feature_selection/plot_feature_selection_pipeline.py,0,0,0,0,0,0,2
scikit-learn__scikit-learn-24076,scikit-learn/scikit-learn,random,sklearn/neighbors/_base.py,sklearn/cluster/_bisect_k_means.py,0,0,0,1,1,0,2
scikit-learn__scikit-learn-24076,scikit-learn/scikit-learn,random,sklearn/neighbors/_base.py,examples/cluster/plot_agglomerative_clustering_metrics.py,0,0,0,0,0,0,2
scikit-learn__scikit-learn-24076,scikit-learn/scikit-learn,random,sklearn/neighbors/_base.py,examples/svm/plot_svm_kernels.py,0,0,0,0,0,0,4
scikit-learn__scikit-learn-24076,scikit-learn/scikit-learn,random,sklearn/neighbors/_base.py,examples/ensemble/plot_voting_regressor.py,0,0,0,0,0,0,3
scikit-learn__scikit-learn-24076,scikit-learn/scikit-learn,random,sklearn/neighbors/_base.py,sklearn/decomposition/_incremental_pca.py,0,0,0,0,0,0,2
scikit-learn__scikit-learn-24076,scikit-learn/scikit-learn,gold,sklearn/neighbors/_classification.py,setup.py,0,0,0,0,0,0,3
scikit-learn__scikit-learn-24076,scikit-learn/scikit-learn,gold,sklearn/neighbors/_classification.py,sklearn/metrics/_pairwise_distances_reduction/__init__.py,0,0,0,0,0,0,2
scikit-learn__scikit-learn-24076,scikit-learn/scikit-learn,gold,sklearn/neighbors/_classification.py,sklearn/metrics/_pairwise_distances_reduction/_dispatcher.py,0,0,0,1,0,0,2
scikit-learn__scikit-learn-24076,scikit-learn/scikit-learn,random,sklearn/neighbors/_classification.py,sklearn/datasets/_olivetti_faces.py,0,0,0,0,0,0,2
scikit-learn__scikit-learn-24076,scikit-learn/scikit-learn,random,sklearn/neighbors/_classification.py,sklearn/impute/__init__.py,0,0,0,0,0,1,2
scikit-learn__scikit-learn-24076,scikit-learn/scikit-learn,random,sklearn/neighbors/_classification.py,sklearn/preprocessing/_label.py,0,0,0,1,0,1,2
scikit-learn__scikit-learn-24076,scikit-learn/scikit-learn,random,sklearn/neighbors/_classification.py,sklearn/_loss/__init__.py,0,0,0,0,0,0,3
scikit-learn__scikit-learn-24076,scikit-learn/scikit-learn,random,sklearn/neighbors/_classification.py,doc/sphinxext/github_link.py,0,0,0,0,0,0,4
scikit-learn__scikit-learn-24076,scikit-learn/scikit-learn,random,sklearn/neighbors/_classification.py,sklearn/random_projection.py,0,0,0,1,0,1,2
scikit-learn__scikit-learn-24076,scikit-learn/scikit-learn,random,sklearn/neighbors/_classification.py,examples/model_selection/plot_confusion_matrix.py,0,0,0,0,0,0,3
scikit-learn__scikit-learn-24076,scikit-learn/scikit-learn,random,sklearn/neighbors/_classification.py,asv_benchmarks/benchmarks/decomposition.py,0,0,0,0,0,0,3
scikit-learn__scikit-learn-24076,scikit-learn/scikit-learn,random,sklearn/neighbors/_classification.py,sklearn/metrics/_plot/roc_curve.py,0,0,0,1,0,0,3
scikit-learn__scikit-learn-24076,scikit-learn/scikit-learn,random,sklearn/neighbors/_classification.py,examples/gaussian_process/plot_gpc_xor.py,0,0,0,1,1,0,3
scikit-learn__scikit-learn-24076,scikit-learn/scikit-learn,gold-other,setup.py,sklearn/metrics/_pairwise_distances_reduction/__init__.py,0,0,0,0,0,0,3
scikit-learn__scikit-learn-24076,scikit-learn/scikit-learn,gold-other,setup.py,sklearn/metrics/_pairwise_distances_reduction/_dispatcher.py,0,0,0,0,0,0,2
scikit-learn__scikit-learn-24076,scikit-learn/scikit-learn,gold-other,setup.py,sklearn/neighbors/_base.py,0,0,0,0,0,0,3
scikit-learn__scikit-learn-24076,scikit-learn/scikit-learn,gold-other,setup.py,sklearn/neighbors/_classification.py,0,0,0,0,0,0,3
scikit-learn__scikit-learn-24076,scikit-learn/scikit-learn,gold-other,sklearn/metrics/_pairwise_distances_reduction/__init__.py,setup.py,0,0,0,0,0,0,3
scikit-learn__scikit-learn-24076,scikit-learn/scikit-learn,gold-other,sklearn/metrics/_pairwise_distances_reduction/__init__.py,sklearn/metrics/_pairwise_distances_reduction/_dispatcher.py,1,1,1,0,0,1,1
scikit-learn__scikit-learn-24076,scikit-learn/scikit-learn,gold-other,sklearn/metrics/_pairwise_distances_reduction/__init__.py,sklearn/neighbors/_base.py,0,0,1,0,0,0,1
scikit-learn__scikit-learn-24076,scikit-learn/scikit-learn,gold-other,sklearn/metrics/_pairwise_distances_reduction/__init__.py,sklearn/neighbors/_classification.py,0,0,0,0,0,0,2
scikit-learn__scikit-learn-24076,scikit-learn/scikit-learn,gold-other,sklearn/metrics/_pairwise_distances_reduction/_dispatcher.py,setup.py,0,0,0,0,0,0,2
scikit-learn__scikit-learn-24076,scikit-learn/scikit-learn,gold-other,sklearn/metrics/_pairwise_distances_reduction/_dispatcher.py,sklearn/metrics/_pairwise_distances_reduction/__init__.py,1,1,1,0,0,1,1
scikit-learn__scikit-learn-24076,scikit-learn/scikit-learn,gold-other,sklearn/metrics/_pairwise_distances_reduction/_dispatcher.py,sklearn/neighbors/_base.py,0,0,1,0,1,0,1
scikit-learn__scikit-learn-24076,scikit-learn/scikit-learn,gold-other,sklearn/metrics/_pairwise_distances_reduction/_dispatcher.py,sklearn/neighbors/_classification.py,0,0,0,1,0,0,2
scikit-learn__scikit-learn-24076,scikit-learn/scikit-learn,gold-other,sklearn/neighbors/_base.py,sklearn/neighbors/_classification.py,1,1,1,0,1,0,1
scikit-learn__scikit-learn-24076,scikit-learn/scikit-learn,gold-other,sklearn/neighbors/_classification.py,sklearn/neighbors/_base.py,1,1,1,0,1,0,1
Deltares__imod-python-1159,Deltares/imod-python,gold,imod/mf6/simulation.py,imod/typing/grid.py,0,0,1,0,1,1,1
Deltares__imod-python-1159,Deltares/imod-python,random,imod/mf6/simulation.py,imod/mf6/dis.py,1,1,0,1,1,1,2
Deltares__imod-python-1159,Deltares/imod-python,random,imod/mf6/simulation.py,imod/msw/coupler_mapping.py,0,0,0,0,0,0,3
Deltares__imod-python-1159,Deltares/imod-python,random,imod/mf6/simulation.py,examples/imod-wq/Elder.py,0,0,0,1,1,0,2
Deltares__imod-python-1159,Deltares/imod-python,random,imod/mf6/simulation.py,imod/msw/idf_mapping.py,0,0,0,1,0,0,3
Deltares__imod-python-1159,Deltares/imod-python,random,imod/mf6/simulation.py,imod/flow/dis.py,0,0,0,1,1,0,3
Deltares__imod-python-1159,Deltares/imod-python,random,imod/mf6/simulation.py,examples/prepare/reproject.py,0,0,0,0,0,0,2
Deltares__imod-python-1159,Deltares/imod-python,random,imod/mf6/simulation.py,imod/flow/sto.py,0,0,0,0,0,0,3
Deltares__imod-python-1159,Deltares/imod-python,random,imod/mf6/simulation.py,imod/visualize/waterbalance.py,0,0,0,0,0,0,3
Deltares__imod-python-1159,Deltares/imod-python,random,imod/mf6/simulation.py,imod/msw/grid_data.py,0,0,0,0,0,0,3
Deltares__imod-python-1159,Deltares/imod-python,random,imod/mf6/simulation.py,imod/logging/logging_decorators.py,0,0,1,0,1,0,1
Deltares__imod-python-1159,Deltares/imod-python,gold,imod/schemata.py,imod/typing/grid.py,0,0,0,1,0,1,2
Deltares__imod-python-1159,Deltares/imod-python,random,imod/schemata.py,examples/visualize/flowvel_streamlines.py,0,0,0,0,0,0,3
Deltares__imod-python-1159,Deltares/imod-python,random,imod/schemata.py,imod/mf6/model_gwf.py,0,0,0,0,0,1,2
Deltares__imod-python-1159,Deltares/imod-python,random,imod/schemata.py,imod/wq/oc.py,0,0,0,0,0,0,4
Deltares__imod-python-1159,Deltares/imod-python,random,imod/schemata.py,imod/flow/ghb.py,0,0,0,0,0,0,4
Deltares__imod-python-1159,Deltares/imod-python,random,imod/schemata.py,imod/util/structured.py,0,0,0,1,0,0,2
Deltares__imod-python-1159,Deltares/imod-python,random,imod/schemata.py,imod/msw/timeutil.py,0,0,0,0,0,0,4
Deltares__imod-python-1159,Deltares/imod-python,random,imod/schemata.py,imod/testing.py,1,1,0,0,0,0,3
Deltares__imod-python-1159,Deltares/imod-python,random,imod/schemata.py,docs/conf.py,0,0,0,0,0,0,inf
Deltares__imod-python-1159,Deltares/imod-python,random,imod/schemata.py,examples/mf6/circle.py,0,0,0,0,0,0,3
Deltares__imod-python-1159,Deltares/imod-python,random,imod/schemata.py,imod/flow/oc.py,0,0,0,0,0,0,4
Deltares__imod-python-1159,Deltares/imod-python,gold-other,imod/mf6/simulation.py,imod/schemata.py,0,0,1,0,1,1,1
Deltares__imod-python-1159,Deltares/imod-python,gold-other,imod/schemata.py,imod/mf6/simulation.py,0,0,1,0,1,1,1
Deltares__imod-python-1159,Deltares/imod-python,gold-other,imod/typing/grid.py,imod/mf6/simulation.py,0,0,1,0,1,1,1
Deltares__imod-python-1159,Deltares/imod-python,gold-other,imod/typing/grid.py,imod/schemata.py,0,0,0,1,0,1,2
Project-MONAI__MONAI-8123,Project-MONAI/MONAI,gold,monai/networks/nets/vista3d.py,monai/networks/nets/segresnet_ds.py,1,1,1,0,1,1,1
Project-MONAI__MONAI-8123,Project-MONAI/MONAI,random,monai/networks/nets/vista3d.py,monai/transforms/regularization/array.py,0,0,0,1,0,0,3
Project-MONAI__MONAI-8123,Project-MONAI/MONAI,random,monai/networks/nets/vista3d.py,monai/networks/nets/diffusion_model_unet.py,1,1,0,1,1,0,2
Project-MONAI__MONAI-8123,Project-MONAI/MONAI,random,monai/networks/nets/vista3d.py,monai/apps/auto3dseg/auto_runner.py,0,0,0,0,0,0,2
Project-MONAI__MONAI-8123,Project-MONAI/MONAI,random,monai/networks/nets/vista3d.py,monai/networks/schedulers/ddim.py,0,1,0,0,0,0,3
Project-MONAI__MONAI-8123,Project-MONAI/MONAI,random,monai/networks/nets/vista3d.py,monai/data/wsi_reader.py,0,0,0,0,0,0,2
Project-MONAI__MONAI-8123,Project-MONAI/MONAI,random,monai/networks/nets/vista3d.py,monai/losses/ssim_loss.py,0,0,0,1,0,0,2
Project-MONAI__MONAI-8123,Project-MONAI/MONAI,random,monai/networks/nets/vista3d.py,monai/networks/layers/vector_quantizer.py,0,1,0,1,0,0,3
Project-MONAI__MONAI-8123,Project-MONAI/MONAI,random,monai/networks/nets/vista3d.py,monai/losses/ds_loss.py,0,0,0,1,0,0,2
Project-MONAI__MONAI-8123,Project-MONAI/MONAI,random,monai/networks/nets/vista3d.py,monai/networks/blocks/unetr_block.py,0,1,1,0,1,0,1
Project-MONAI__MONAI-8123,Project-MONAI/MONAI,random,monai/networks/nets/vista3d.py,monai/networks/nets/classifier.py,1,1,0,1,0,0,2
Project-MONAI__MONAI-8123,Project-MONAI/MONAI,gold-other,monai/networks/nets/segresnet_ds.py,monai/networks/nets/vista3d.py,1,1,1,0,1,1,1
Qiskit__qiskit-13052,Qiskit/qiskit,gold,qiskit/transpiler/passes/utils/filter_op_nodes.py,qiskit/__init__.py,0,0,0,0,0,1,2
Qiskit__qiskit-13052,Qiskit/qiskit,random,qiskit/transpiler/passes/utils/filter_op_nodes.py,qiskit/transpiler/passes/optimization/commutative_cancellation.py,0,1,0,0,0,0,2
Qiskit__qiskit-13052,Qiskit/qiskit,random,qiskit/transpiler/passes/utils/filter_op_nodes.py,qiskit/circuit/library/templates/nct/template_nct_6c_1.py,0,0,0,0,0,0,3
Qiskit__qiskit-13052,Qiskit/qiskit,random,qiskit/transpiler/passes/utils/filter_op_nodes.py,qiskit/transpiler/coupling.py,0,1,0,1,0,0,3
Qiskit__qiskit-13052,Qiskit/qiskit,random,qiskit/transpiler/passes/utils/filter_op_nodes.py,examples/python/teleport.py,0,0,0,0,0,0,3
Qiskit__qiskit-13052,Qiskit/qiskit,random,qiskit/transpiler/passes/utils/filter_op_nodes.py,qiskit/primitives/estimator.py,0,0,0,0,0,0,3
Qiskit__qiskit-13052,Qiskit/qiskit,random,qiskit/transpiler/passes/utils/filter_op_nodes.py,qiskit/primitives/containers/primitive_result.py,0,0,0,0,0,0,3
Qiskit__qiskit-13052,Qiskit/qiskit,random,qiskit/transpiler/passes/utils/filter_op_nodes.py,qiskit/synthesis/qft/__init__.py,0,0,0,0,0,0,4
Qiskit__qiskit-13052,Qiskit/qiskit,random,qiskit/transpiler/passes/utils/filter_op_nodes.py,qiskit/quantum_info/operators/mixins/multiply.py,0,0,0,0,0,0,4
Qiskit__qiskit-13052,Qiskit/qiskit,random,qiskit/transpiler/passes/utils/filter_op_nodes.py,qiskit/transpiler/preset_passmanagers/common.py,0,1,1,0,1,0,1
Qiskit__qiskit-13052,Qiskit/qiskit,random,qiskit/transpiler/passes/utils/filter_op_nodes.py,qiskit/circuit/library/n_local/evolved_operator_ansatz.py,0,0,0,0,0,0,3
Qiskit__qiskit-13052,Qiskit/qiskit,gold-other,qiskit/__init__.py,qiskit/transpiler/passes/utils/filter_op_nodes.py,0,0,0,0,0,1,2
ivadomed__ivadomed-1081,ivadomed/ivadomed,gold,ivadomed/main.py,ivadomed/evaluation.py,1,1,1,0,1,0,1
ivadomed__ivadomed-1081,ivadomed/ivadomed,gold,ivadomed/main.py,ivadomed/metrics.py,1,1,1,0,1,0,1
ivadomed__ivadomed-1081,ivadomed/ivadomed,random,ivadomed/main.py,ivadomed/loader/__init__.py,0,0,0,0,0,0,inf
ivadomed__ivadomed-1081,ivadomed/ivadomed,random,ivadomed/main.py,ivadomed/scripts/visualize_transforms.py,0,0,0,1,1,0,2
ivadomed__ivadomed-1081,ivadomed/ivadomed,random,ivadomed/main.py,ivadomed/uncertainty.py,1,1,0,0,0,0,2
ivadomed__ivadomed-1081,ivadomed/ivadomed,random,ivadomed/main.py,ivadomed/mixup.py,1,1,0,0,0,0,2
ivadomed__ivadomed-1081,ivadomed/ivadomed,random,ivadomed/main.py,ivadomed/loader/loader.py,0,0,1,0,1,0,1
ivadomed__ivadomed-1081,ivadomed/ivadomed,random,ivadomed/main.py,ivadomed/transforms.py,1,1,1,0,1,0,1
ivadomed__ivadomed-1081,ivadomed/ivadomed,random,ivadomed/main.py,ivadomed/loader/utils.py,0,0,1,0,1,0,1
ivadomed__ivadomed-1081,ivadomed/ivadomed,random,ivadomed/main.py,setup.py,0,0,0,1,0,0,inf
ivadomed__ivadomed-1081,ivadomed/ivadomed,random,ivadomed/main.py,ivadomed/scripts/training_curve.py,0,0,0,1,1,0,2
ivadomed__ivadomed-1081,ivadomed/ivadomed,random,ivadomed/main.py,ivadomed/scripts/convert_to_onnx.py,0,0,0,1,1,0,2
ivadomed__ivadomed-1081,ivadomed/ivadomed,gold-other,ivadomed/evaluation.py,ivadomed/main.py,1,1,1,0,1,0,1
ivadomed__ivadomed-1081,ivadomed/ivadomed,gold-other,ivadomed/evaluation.py,ivadomed/metrics.py,1,1,1,0,1,0,1
ivadomed__ivadomed-1081,ivadomed/ivadomed,gold-other,ivadomed/metrics.py,ivadomed/evaluation.py,1,1,1,0,1,0,1
ivadomed__ivadomed-1081,ivadomed/ivadomed,gold-other,ivadomed/metrics.py,ivadomed/main.py,1,1,1,0,1,0,1
zulip__zulip-31168,zulip/zulip,gold-other,zerver/lib/users.py,zerver/views/streams.py,0,0,1,0,1,0,1
zulip__zulip-31168,zulip/zulip,gold-other,zerver/views/streams.py,zerver/lib/users.py,0,0,1,0,1,0,1
kiasambrook__tfl-live-tracker-7,kiasambrook/tfl-live-tracker,random,app/api/tfl_api.py,app/ui/cli_ui.py,0,0,0,1,1,0,inf
kiasambrook__tfl-live-tracker-7,kiasambrook/tfl-live-tracker,random,app/api/tfl_api.py,app/ui/dropdown.py,0,0,0,0,0,0,inf
kiasambrook__tfl-live-tracker-7,kiasambrook/tfl-live-tracker,random,app/api/tfl_api.py,app/config.py,0,0,0,0,0,0,inf
kiasambrook__tfl-live-tracker-7,kiasambrook/tfl-live-tracker,random,app/api/tfl_api.py,app/__init__.py,0,0,0,0,0,0,inf
kiasambrook__tfl-live-tracker-7,kiasambrook/tfl-live-tracker,random,app/api/tfl_api.py,app/ui/__init__.py,0,0,0,0,0,0,inf
kiasambrook__tfl-live-tracker-7,kiasambrook/tfl-live-tracker,random,app/api/tfl_api.py,app/api/__init__.py,1,1,0,0,0,0,inf
kiasambrook__tfl-live-tracker-7,kiasambrook/tfl-live-tracker,random,app/api/tfl_api.py,app/main.py,0,0,0,1,1,0,inf
kiasambrook__tfl-live-tracker-7,kiasambrook/tfl-live-tracker,random,app/ui/main_window.py,app/__init__.py,0,0,0,0,0,0,inf
kiasambrook__tfl-live-tracker-7,kiasambrook/tfl-live-tracker,random,app/ui/main_window.py,app/api/__init__.py,0,0,0,0,0,0,inf
kiasambrook__tfl-live-tracker-7,kiasambrook/tfl-live-tracker,random,app/ui/main_window.py,app/main.py,0,0,0,1,1,0,inf
kiasambrook__tfl-live-tracker-7,kiasambrook/tfl-live-tracker,random,app/ui/main_window.py,app/ui/__init__.py,1,1,0,0,0,0,inf
kiasambrook__tfl-live-tracker-7,kiasambrook/tfl-live-tracker,random,app/ui/main_window.py,app/config.py,0,0,0,0,0,0,inf
kiasambrook__tfl-live-tracker-7,kiasambrook/tfl-live-tracker,random,app/ui/main_window.py,app/ui/cli_ui.py,1,1,0,0,0,0,inf
kiasambrook__tfl-live-tracker-7,kiasambrook/tfl-live-tracker,random,app/ui/main_window.py,app/ui/dropdown.py,1,1,0,1,1,0,inf
kiasambrook__tfl-live-tracker-7,kiasambrook/tfl-live-tracker,gold-other,app/api/tfl_api.py,app/ui/main_window.py,0,0,0,0,0,0,inf
kiasambrook__tfl-live-tracker-7,kiasambrook/tfl-live-tracker,gold-other,app/ui/main_window.py,app/api/tfl_api.py,0,0,0,0,0,0,inf
ckan__ckan-8226,ckan/ckan,gold,ckan/lib/helpers.py,ckan/config/middleware/flask_app.py,0,0,1,0,1,1,1
ckan__ckan-8226,ckan/ckan,random,ckan/lib/helpers.py,ckan/lib/navl/dictization_functions.py,0,1,0,1,0,0,2
ckan__ckan-8226,ckan/ckan,random,ckan/lib/helpers.py,ckanext/example_iauthfunctions/plugin_v6_parent_auth_functions.py,0,0,0,0,0,0,2
ckan__ckan-8226,ckan/ckan,random,ckan/lib/helpers.py,ckanext/example_blanket_implementation/plugin.py,0,0,0,0,0,0,2
ckan__ckan-8226,ckan/ckan,random,ckan/lib/helpers.py,ckanext/example_blanket_implementation/__init__.py,0,0,0,0,0,0,inf
ckan__ckan-8226,ckan/ckan,random,ckan/lib/helpers.py,ckan/migration/versions/014_93519b684820_hash_2.py,0,0,0,0,0,0,3
ckan__ckan-8226,ckan/ckan,random,ckan/lib/helpers.py,ckan/logic/action/update.py,0,0,1,0,1,0,1
ckan__ckan-8226,ckan/ckan,random,ckan/lib/helpers.py,ckan/migration/versions/034_6c600693af5b_resource_group_table.py,0,0,0,0,0,0,3
ckan__ckan-8226,ckan/ckan,random,ckan/lib/helpers.py,ckan/lib/navl/validators.py,0,1,0,1,0,0,2
ckan__ckan-8226,ckan/ckan,random,ckan/lib/helpers.py,ckanext/example_theme_docs/custom_emails/plugin.py,0,0,0,0,0,0,2
ckan__ckan-8226,ckan/ckan,random,ckan/lib/helpers.py,ckanext/example_iauthfunctions/plugin_v1.py,0,0,0,0,0,0,2
ckan__ckan-8226,ckan/ckan,gold,ckan/lib/jinja_extensions.py,ckan/config/middleware/flask_app.py,0,0,1,0,1,0,1
ckan__ckan-8226,ckan/ckan,random,ckan/lib/jinja_extensions.py,ckan/model/domain_object.py,0,0,0,0,0,0,3
ckan__ckan-8226,ckan/ckan,random,ckan/lib/jinja_extensions.py,ckan/cli/config_tool.py,0,0,0,0,0,0,3
ckan__ckan-8226,ckan/ckan,random,ckan/lib/jinja_extensions.py,ckan/migration/versions/077_51171a04d86d_add_revisions_to_system_info.py,0,0,0,0,0,0,4
ckan__ckan-8226,ckan/ckan,random,ckan/lib/jinja_extensions.py,ckan/migration/versions/038_fd6622e3d964_delete_migration_tables.py,0,0,0,0,0,0,4
ckan__ckan-8226,ckan/ckan,random,ckan/lib/jinja_extensions.py,ckanext/tracking/tests.py,0,0,0,0,0,0,2
ckan__ckan-8226,ckan/ckan,random,ckan/lib/jinja_extensions.py,ckanext/datapusher/cli.py,0,0,0,0,0,0,3
ckan__ckan-8226,ckan/ckan,random,ckan/lib/jinja_extensions.py,ckan/migration/versions/098_ddbd0a9a4489_add_image_url_field_to_user_table.py,0,0,0,0,0,0,inf
ckan__ckan-8226,ckan/ckan,random,ckan/lib/jinja_extensions.py,ckan/migration/versions/066_ad16b3bd8cb6_default_package_type.py,0,0,0,0,0,0,4
ckan__ckan-8226,ckan/ckan,random,ckan/lib/jinja_extensions.py,ckan/migration/__init__.py,0,0,0,0,0,0,3
ckan__ckan-8226,ckan/ckan,random,ckan/lib/jinja_extensions.py,ckan/cli/search_index.py,0,0,0,0,0,0,2
ckan__ckan-8226,ckan/ckan,gold-other,ckan/config/middleware/flask_app.py,ckan/lib/helpers.py,0,0,1,0,1,1,1
ckan__ckan-8226,ckan/ckan,gold-other,ckan/config/middleware/flask_app.py,ckan/lib/jinja_extensions.py,0,0,1,0,1,0,1
ckan__ckan-8226,ckan/ckan,gold-other,ckan/lib/helpers.py,ckan/lib/jinja_extensions.py,1,1,1,0,1,0,1
ckan__ckan-8226,ckan/ckan,gold-other,ckan/lib/jinja_extensions.py,ckan/lib/helpers.py,1,1,1,0,1,0,1
nautobot__nautobot-6364,nautobot/nautobot,gold,nautobot/extras/views.py,nautobot/core/models/tree_queries.py,0,0,0,1,0,0,2
nautobot__nautobot-6364,nautobot/nautobot,gold,nautobot/extras/views.py,nautobot/core/signals.py,0,0,0,1,0,0,3
nautobot__nautobot-6364,nautobot/nautobot,gold,nautobot/extras/views.py,nautobot/extras/models/groups.py,0,1,1,0,1,0,1
nautobot__nautobot-6364,nautobot/nautobot,random,nautobot/extras/views.py,nautobot/core/constants.py,0,0,0,1,0,0,2
nautobot__nautobot-6364,nautobot/nautobot,random,nautobot/extras/views.py,nautobot/core/models/fields.py,0,0,0,1,1,0,2
nautobot__nautobot-6364,nautobot/nautobot,random,nautobot/extras/views.py,examples/azure_ad/group_sync.py,0,0,0,0,0,0,inf
nautobot__nautobot-6364,nautobot/nautobot,random,nautobot/extras/views.py,examples/example_app/example_app/migrations/0004_example_models_dynamicgroup.py,0,0,0,0,0,0,inf
nautobot__nautobot-6364,nautobot/nautobot,random,nautobot/extras/views.py,nautobot/dcim/migrations/0056_update_all_charfields_max_length_to_255.py,0,0,0,0,0,0,3
nautobot__nautobot-6364,nautobot/nautobot,random,nautobot/extras/views.py,nautobot/extras/migrations/0030_webhook_alter_unique_together.py,0,1,0,0,0,0,inf
nautobot__nautobot-6364,nautobot/nautobot,random,nautobot/extras/views.py,nautobot/circuits/migrations/0013_alter_circuittermination__path.py,0,0,0,0,0,0,3
nautobot__nautobot-6364,nautobot/nautobot,random,nautobot/extras/views.py,nautobot/ipam/api/__init__.py,0,0,0,0,0,0,inf
nautobot__nautobot-6364,nautobot/nautobot,random,nautobot/extras/views.py,nautobot/core/templatetags/form_helpers.py,0,0,0,0,0,0,inf
nautobot__nautobot-6364,nautobot/nautobot,random,nautobot/extras/views.py,nautobot/extras/migrations/0005_configcontext_device_types.py,0,1,0,0,0,0,inf
nautobot__nautobot-6364,nautobot/nautobot,gold-other,nautobot/core/models/tree_queries.py,nautobot/core/signals.py,0,1,1,0,0,0,1
nautobot__nautobot-6364,nautobot/nautobot,gold-other,nautobot/core/models/tree_queries.py,nautobot/extras/models/groups.py,0,0,0,1,1,0,2
nautobot__nautobot-6364,nautobot/nautobot,gold-other,nautobot/core/models/tree_queries.py,nautobot/extras/views.py,0,0,0,1,0,0,2
nautobot__nautobot-6364,nautobot/nautobot,gold-other,nautobot/core/signals.py,nautobot/core/models/tree_queries.py,0,1,1,0,0,0,1
nautobot__nautobot-6364,nautobot/nautobot,gold-other,nautobot/core/signals.py,nautobot/extras/models/groups.py,0,0,0,1,1,0,3
nautobot__nautobot-6364,nautobot/nautobot,gold-other,nautobot/core/signals.py,nautobot/extras/views.py,0,0,0,1,0,0,3
nautobot__nautobot-6364,nautobot/nautobot,gold-other,nautobot/extras/models/groups.py,nautobot/core/models/tree_queries.py,0,0,0,1,1,0,2
nautobot__nautobot-6364,nautobot/nautobot,gold-other,nautobot/extras/models/groups.py,nautobot/core/signals.py,0,0,0,1,1,0,3
nautobot__nautobot-6364,nautobot/nautobot,gold-other,nautobot/extras/models/groups.py,nautobot/extras/views.py,0,1,1,0,1,0,1
intelowlproject__GreedyBear-397,intelowlproject/GreedyBear,random,api/serializers.py,greedybear/cronjobs/monitor_honeypots.py,0,0,0,0,0,0,2
intelowlproject__GreedyBear-397,intelowlproject/GreedyBear,random,api/serializers.py,authentication/views.py,0,0,0,0,0,0,2
intelowlproject__GreedyBear-397,intelowlproject/GreedyBear,random,api/serializers.py,greedybear/slack.py,0,0,0,0,0,0,5
intelowlproject__GreedyBear-397,intelowlproject/GreedyBear,random,api/serializers.py,greedybear/cronjobs/sensors.py,0,0,0,0,0,0,2
intelowlproject__GreedyBear-397,intelowlproject/GreedyBear,random,api/serializers.py,greedybear/urls.py,0,0,0,0,0,0,inf
intelowlproject__GreedyBear-397,intelowlproject/GreedyBear,random,api/serializers.py,greedybear/migrations/0003_statistics.py,0,0,0,0,0,0,inf
intelowlproject__GreedyBear-397,intelowlproject/GreedyBear,random,api/serializers.py,greedybear/tasks.py,0,0,0,0,0,0,3
intelowlproject__GreedyBear-397,intelowlproject/GreedyBear,random,api/serializers.py,greedybear/cronjobs/attacks.py,0,0,0,0,0,0,2
intelowlproject__GreedyBear-397,intelowlproject/GreedyBear,random,api/serializers.py,greedybear/migrations/0009_alter_ioc_general_field.py,0,0,0,0,0,0,inf
intelowlproject__GreedyBear-397,intelowlproject/GreedyBear,random,api/serializers.py,greedybear/cronjobs/general.py,0,0,0,0,0,0,2
intelowlproject__GreedyBear-397,intelowlproject/GreedyBear,random,api/views.py,greedybear/migrations/0004_alter_id_field.py,0,0,0,0,0,0,inf
intelowlproject__GreedyBear-397,intelowlproject/GreedyBear,random,api/views.py,greedybear/migrations/0009_alter_ioc_general_field.py,0,0,0,0,0,0,inf
intelowlproject__GreedyBear-397,intelowlproject/GreedyBear,random,api/views.py,greedybear/admin.py,0,0,0,0,0,0,2
intelowlproject__GreedyBear-397,intelowlproject/GreedyBear,random,api/views.py,authentication/__init__.py,0,0,0,0,0,0,inf
intelowlproject__GreedyBear-397,intelowlproject/GreedyBear,random,api/views.py,authentication/models.py,0,0,0,0,0,0,3
intelowlproject__GreedyBear-397,intelowlproject/GreedyBear,random,api/views.py,authentication/views.py,0,0,0,0,0,0,2
intelowlproject__GreedyBear-397,intelowlproject/GreedyBear,random,api/views.py,api/admin.py,1,1,0,0,0,0,inf
intelowlproject__GreedyBear-397,intelowlproject/GreedyBear,random,api/views.py,greedybear/cronjobs/log4pot.py,0,0,0,0,0,0,2
intelowlproject__GreedyBear-397,intelowlproject/GreedyBear,random,api/views.py,api/apps.py,1,1,0,0,0,0,inf
intelowlproject__GreedyBear-397,intelowlproject/GreedyBear,random,api/views.py,manage.py,0,0,0,0,0,0,inf
intelowlproject__GreedyBear-397,intelowlproject/GreedyBear,random,greedybear/settings.py,authentication/admin.py,0,0,0,0,0,0,4
intelowlproject__GreedyBear-397,intelowlproject/GreedyBear,random,greedybear/settings.py,greedybear/apps.py,1,1,0,1,0,0,inf
intelowlproject__GreedyBear-397,intelowlproject/GreedyBear,random,greedybear/settings.py,authentication/urls.py,0,0,0,0,0,0,2
intelowlproject__GreedyBear-397,intelowlproject/GreedyBear,random,greedybear/settings.py,greedybear/regex.py,1,1,0,0,0,0,4
intelowlproject__GreedyBear-397,intelowlproject/GreedyBear,random,greedybear/settings.py,authentication/migrations/0001_initial.py,0,0,0,0,0,0,inf
intelowlproject__GreedyBear-397,intelowlproject/GreedyBear,random,greedybear/settings.py,greedybear/migrations/0008_auto_20230120_1548.py,0,0,0,0,0,0,inf
intelowlproject__GreedyBear-397,intelowlproject/GreedyBear,random,greedybear/settings.py,greedybear/wsgi.py,1,1,0,0,0,0,inf
intelowlproject__GreedyBear-397,intelowlproject/GreedyBear,random,greedybear/settings.py,greedybear/migrations/0009_alter_ioc_general_field.py,0,0,0,0,0,0,inf
intelowlproject__GreedyBear-397,intelowlproject/GreedyBear,random,greedybear/settings.py,authentication/models.py,0,0,0,0,0,0,3
intelowlproject__GreedyBear-397,intelowlproject/GreedyBear,random,greedybear/settings.py,greedybear/migrations/__init__.py,0,0,0,0,0,0,inf
intelowlproject__GreedyBear-397,intelowlproject/GreedyBear,gold-other,api/serializers.py,api/views.py,1,1,1,0,1,0,1
intelowlproject__GreedyBear-397,intelowlproject/GreedyBear,gold-other,api/serializers.py,greedybear/settings.py,0,0,0,0,0,0,3
intelowlproject__GreedyBear-397,intelowlproject/GreedyBear,gold-other,api/views.py,api/serializers.py,1,1,1,0,1,0,1
intelowlproject__GreedyBear-397,intelowlproject/GreedyBear,gold-other,api/views.py,greedybear/settings.py,0,0,0,0,0,0,3
intelowlproject__GreedyBear-397,intelowlproject/GreedyBear,gold-other,greedybear/settings.py,api/serializers.py,0,0,0,0,0,0,3
intelowlproject__GreedyBear-397,intelowlproject/GreedyBear,gold-other,greedybear/settings.py,api/views.py,0,0,0,0,0,0,3
UXARRAY__uxarray-1144,UXARRAY/uxarray,gold,uxarray/grid/grid.py,uxarray/formatting_html.py,0,0,1,0,1,0,1
UXARRAY__uxarray-1144,UXARRAY/uxarray,random,uxarray/grid/grid.py,uxarray/cmaps.py,0,0,0,0,0,0,2
UXARRAY__uxarray-1144,UXARRAY/uxarray,random,uxarray/grid/grid.py,uxarray/io/_delaunay.py,0,0,1,0,1,0,1
UXARRAY__uxarray-1144,UXARRAY/uxarray,random,uxarray/grid/grid.py,uxarray/constants.py,0,0,1,0,0,0,1
UXARRAY__uxarray-1144,UXARRAY/uxarray,random,uxarray/grid/grid.py,benchmarks/mpas_ocean.py,0,0,0,1,1,0,2
UXARRAY__uxarray-1144,UXARRAY/uxarray,random,uxarray/grid/grid.py,uxarray/cross_sections/dataarray_accessor.py,0,0,0,1,1,0,2
UXARRAY__uxarray-1144,UXARRAY/uxarray,random,uxarray/grid/grid.py,uxarray/io/_geopandas.py,0,0,1,0,1,0,1
UXARRAY__uxarray-1144,UXARRAY/uxarray,random,uxarray/grid/grid.py,uxarray/io/_voronoi.py,0,0,1,0,1,0,1
UXARRAY__uxarray-1144,UXARRAY/uxarray,random,uxarray/grid/grid.py,uxarray/io/_topology.py,0,0,1,0,1,0,1
UXARRAY__uxarray-1144,UXARRAY/uxarray,random,uxarray/grid/grid.py,uxarray/grid/neighbors.py,1,1,1,0,1,0,1
UXARRAY__uxarray-1144,UXARRAY/uxarray,random,uxarray/grid/grid.py,uxarray/cross_sections/__init__.py,0,0,1,0,0,0,1
UXARRAY__uxarray-1144,UXARRAY/uxarray,gold-other,uxarray/formatting_html.py,uxarray/grid/grid.py,0,0,1,0,1,0,1
UXARRAY__uxarray-1151,UXARRAY/uxarray,gold,uxarray/grid/slice.py,uxarray/subset/dataarray_accessor.py,0,0,0,0,0,0,3
UXARRAY__uxarray-1151,UXARRAY/uxarray,random,uxarray/grid/slice.py,uxarray/io/_scrip.py,0,0,0,0,0,0,2
UXARRAY__uxarray-1151,UXARRAY/uxarray,random,uxarray/grid/slice.py,uxarray/io/_voronoi.py,0,0,0,0,0,0,2
UXARRAY__uxarray-1151,UXARRAY/uxarray,random,uxarray/grid/slice.py,uxarray/io/_esmf.py,0,0,0,0,0,0,2
UXARRAY__uxarray-1151,UXARRAY/uxarray,random,uxarray/grid/slice.py,uxarray/core/__init__.py,0,0,0,0,0,0,3
UXARRAY__uxarray-1151,UXARRAY/uxarray,random,uxarray/grid/slice.py,uxarray/formatting.py,0,0,0,0,0,0,inf
UXARRAY__uxarray-1151,UXARRAY/uxarray,random,uxarray/grid/slice.py,uxarray/plot/constants.py,0,0,0,0,0,0,inf
UXARRAY__uxarray-1151,UXARRAY/uxarray,random,uxarray/grid/slice.py,uxarray/plot/dataarray_plot.py,0,0,0,0,0,0,3
UXARRAY__uxarray-1151,UXARRAY/uxarray,random,uxarray/grid/slice.py,uxarray/grid/area.py,1,1,0,0,0,0,2
UXARRAY__uxarray-1151,UXARRAY/uxarray,random,uxarray/grid/slice.py,uxarray/utils/computing.py,0,0,0,0,0,0,3
UXARRAY__uxarray-1151,UXARRAY/uxarray,random,uxarray/grid/slice.py,benchmarks/mpas_ocean.py,0,0,0,0,0,0,3
UXARRAY__uxarray-1151,UXARRAY/uxarray,gold,uxarray/subset/grid_accessor.py,uxarray/subset/dataarray_accessor.py,1,1,0,1,1,0,2
UXARRAY__uxarray-1151,UXARRAY/uxarray,random,uxarray/subset/grid_accessor.py,uxarray/io/utils.py,0,0,0,0,0,0,2
UXARRAY__uxarray-1151,UXARRAY/uxarray,random,uxarray/subset/grid_accessor.py,uxarray/cross_sections/dataarray_accessor.py,0,0,0,0,0,0,3
UXARRAY__uxarray-1151,UXARRAY/uxarray,random,uxarray/subset/grid_accessor.py,uxarray/core/utils.py,0,0,0,0,0,0,3
UXARRAY__uxarray-1151,UXARRAY/uxarray,random,uxarray/subset/grid_accessor.py,uxarray/grid/connectivity.py,0,0,0,0,0,0,2
UXARRAY__uxarray-1151,UXARRAY/uxarray,random,uxarray/subset/grid_accessor.py,uxarray/io/_vertices.py,0,0,0,0,0,0,2
UXARRAY__uxarray-1151,UXARRAY/uxarray,random,uxarray/subset/grid_accessor.py,uxarray/conventions/__init__.py,0,0,0,0,0,0,inf
UXARRAY__uxarray-1151,UXARRAY/uxarray,random,uxarray/subset/grid_accessor.py,uxarray/grid/__init__.py,0,0,1,0,0,0,1
UXARRAY__uxarray-1151,UXARRAY/uxarray,random,uxarray/subset/grid_accessor.py,uxarray/utils/__init__.py,0,0,0,0,0,0,inf
UXARRAY__uxarray-1151,UXARRAY/uxarray,random,uxarray/subset/grid_accessor.py,uxarray/remap/dataset_accessor.py,0,0,0,1,0,0,2
UXARRAY__uxarray-1151,UXARRAY/uxarray,random,uxarray/subset/grid_accessor.py,uxarray/grid/neighbors.py,0,0,0,1,1,0,2
UXARRAY__uxarray-1151,UXARRAY/uxarray,gold-other,uxarray/grid/slice.py,uxarray/subset/grid_accessor.py,0,0,0,0,0,0,2
UXARRAY__uxarray-1151,UXARRAY/uxarray,gold-other,uxarray/subset/dataarray_accessor.py,uxarray/grid/slice.py,0,0,0,0,0,0,3
UXARRAY__uxarray-1151,UXARRAY/uxarray,gold-other,uxarray/subset/dataarray_accessor.py,uxarray/subset/grid_accessor.py,1,1,0,1,1,0,2
UXARRAY__uxarray-1151,UXARRAY/uxarray,gold-other,uxarray/subset/grid_accessor.py,uxarray/grid/slice.py,0,0,0,0,0,0,2
nautobot__nautobot-6837,nautobot/nautobot,gold,nautobot/core/views/utils.py,nautobot/dcim/views.py,0,0,0,1,0,0,2
nautobot__nautobot-6837,nautobot/nautobot,gold,nautobot/core/views/utils.py,nautobot/extras/models/customfields.py,0,0,1,0,1,0,1
nautobot__nautobot-6837,nautobot/nautobot,gold,nautobot/core/views/utils.py,nautobot/extras/signals.py,0,0,0,0,0,0,2
nautobot__nautobot-6837,nautobot/nautobot,random,nautobot/core/views/utils.py,nautobot/virtualization/graphql/types.py,0,0,0,0,0,0,2
nautobot__nautobot-6837,nautobot/nautobot,random,nautobot/core/views/utils.py,nautobot/dcim/tables/power.py,0,0,0,0,0,0,2
nautobot__nautobot-6837,nautobot/nautobot,random,nautobot/core/views/utils.py,nautobot/circuits/factory.py,0,0,0,0,0,0,2
nautobot__nautobot-6837,nautobot/nautobot,random,nautobot/core/views/utils.py,nautobot/ipam/api/urls.py,0,0,0,0,0,0,3
nautobot__nautobot-6837,nautobot/nautobot,random,nautobot/core/views/utils.py,nautobot/core/api/constants.py,0,1,0,0,0,0,3
nautobot__nautobot-6837,nautobot/nautobot,random,nautobot/core/views/utils.py,nautobot/ipam/migrations/0046_update_all_charfields_max_length_to_255.py,0,0,0,0,0,0,inf
nautobot__nautobot-6837,nautobot/nautobot,random,nautobot/core/views/utils.py,nautobot/dcim/migrations/0049_remove_slugs_and_change_device_primary_ip_fields.py,0,0,0,0,0,0,inf
nautobot__nautobot-6837,nautobot/nautobot,random,nautobot/core/views/utils.py,nautobot/users/migrations/0006_make_object_permission_name_globally_unique.py,0,0,0,0,0,0,inf
nautobot__nautobot-6837,nautobot/nautobot,random,nautobot/core/views/utils.py,nautobot/extras/management/commands/remove_stale_scheduled_jobs.py,0,0,0,0,0,0,2
nautobot__nautobot-6837,nautobot/nautobot,random,nautobot/core/views/utils.py,nautobot/core/templatetags/netutils.py,0,1,0,0,0,0,inf
nautobot__nautobot-6837,nautobot/nautobot,gold-other,nautobot/dcim/views.py,nautobot/core/views/utils.py,0,0,0,1,0,0,2
nautobot__nautobot-6837,nautobot/nautobot,gold-other,nautobot/dcim/views.py,nautobot/extras/models/customfields.py,0,0,0,1,1,1,2
nautobot__nautobot-6837,nautobot/nautobot,gold-other,nautobot/dcim/views.py,nautobot/extras/signals.py,0,0,0,1,1,0,2
nautobot__nautobot-6837,nautobot/nautobot,gold-other,nautobot/extras/models/customfields.py,nautobot/core/views/utils.py,0,0,1,0,1,0,1
nautobot__nautobot-6837,nautobot/nautobot,gold-other,nautobot/extras/models/customfields.py,nautobot/dcim/views.py,0,0,0,1,1,1,2
nautobot__nautobot-6837,nautobot/nautobot,gold-other,nautobot/extras/models/customfields.py,nautobot/extras/signals.py,0,1,1,0,1,0,1
nautobot__nautobot-6837,nautobot/nautobot,gold-other,nautobot/extras/signals.py,nautobot/core/views/utils.py,0,0,0,0,0,0,2
nautobot__nautobot-6837,nautobot/nautobot,gold-other,nautobot/extras/signals.py,nautobot/dcim/views.py,0,0,0,1,1,0,2
nautobot__nautobot-6837,nautobot/nautobot,gold-other,nautobot/extras/signals.py,nautobot/extras/models/customfields.py,0,1,1,0,1,0,1
spacetelescope__stcal-337,spacetelescope/stcal,random,src/stcal/jump/jump.py,src/stcal/tweakreg/tweakreg.py,0,1,0,0,0,0,inf
spacetelescope__stcal-337,spacetelescope/stcal,random,src/stcal/jump/jump.py,src/stcal/__init__.py,0,1,0,0,0,0,inf
spacetelescope__stcal-337,spacetelescope/stcal,random,src/stcal/jump/jump.py,src/stcal/tweakreg/__init__.py,0,1,0,0,0,0,inf
spacetelescope__stcal-337,spacetelescope/stcal,random,src/stcal/jump/jump.py,src/stcal/alignment/resample_utils.py,0,1,0,0,0,0,inf
spacetelescope__stcal-337,spacetelescope/stcal,random,src/stcal/jump/jump.py,src/stcal/saturation/saturation.py,0,1,0,0,0,0,inf
spacetelescope__stcal-337,spacetelescope/stcal,random,src/stcal/jump/jump.py,src/stcal/ramp_fitting/gls_fit.py,0,1,0,0,0,0,inf
spacetelescope__stcal-337,spacetelescope/stcal,random,src/stcal/jump/jump.py,src/stcal/dark_current/dark_class.py,0,1,0,0,0,0,inf
spacetelescope__stcal-337,spacetelescope/stcal,random,src/stcal/jump/jump.py,src/stcal/jump/jump_class.py,1,1,0,1,0,1,2
spacetelescope__stcal-337,spacetelescope/stcal,random,src/stcal/jump/jump.py,src/stcal/tweakreg/utils.py,0,1,0,0,0,0,inf
spacetelescope__stcal-337,spacetelescope/stcal,random,src/stcal/jump/jump.py,src/stcal/ramp_fitting/ramp_fit_class.py,0,1,0,0,0,0,inf
spacetelescope__stcal-337,spacetelescope/stcal,random,src/stcal/jump/twopoint_difference.py,src/stcal/alignment/__init__.py,0,1,0,0,0,0,inf
spacetelescope__stcal-337,spacetelescope/stcal,random,src/stcal/jump/twopoint_difference.py,src/stcal/testing_helpers.py,0,1,0,0,0,0,inf
spacetelescope__stcal-337,spacetelescope/stcal,random,src/stcal/jump/twopoint_difference.py,src/stcal/ramp_fitting/likely_fit.py,0,1,0,0,0,0,inf
spacetelescope__stcal-337,spacetelescope/stcal,random,src/stcal/jump/twopoint_difference.py,src/stcal/jump/jump_class.py,1,1,0,0,0,0,3
spacetelescope__stcal-337,spacetelescope/stcal,random,src/stcal/jump/twopoint_difference.py,setup.py,0,0,0,0,0,0,inf
spacetelescope__stcal-337,spacetelescope/stcal,random,src/stcal/jump/twopoint_difference.py,src/stcal/jump/__init__.py,1,1,0,0,0,0,inf
spacetelescope__stcal-337,spacetelescope/stcal,random,src/stcal/jump/twopoint_difference.py,src/stcal/outlier_detection/utils.py,0,1,0,0,0,0,inf
spacetelescope__stcal-337,spacetelescope/stcal,random,src/stcal/jump/twopoint_difference.py,docs/conf.py,0,0,0,0,0,0,inf
spacetelescope__stcal-337,spacetelescope/stcal,random,src/stcal/jump/twopoint_difference.py,src/stcal/ramp_fitting/ols_cas22/__init__.py,0,1,0,0,0,0,inf
spacetelescope__stcal-337,spacetelescope/stcal,random,src/stcal/jump/twopoint_difference.py,src/stcal/alignment/util.py,0,1,0,0,0,0,inf
spacetelescope__stcal-337,spacetelescope/stcal,gold-other,src/stcal/jump/jump.py,src/stcal/jump/twopoint_difference.py,1,1,1,0,1,0,1
spacetelescope__stcal-337,spacetelescope/stcal,gold-other,src/stcal/jump/twopoint_difference.py,src/stcal/jump/jump.py,1,1,1,0,1,0,1
CWorthy-ocean__roms-tools-227,CWorthy-ocean/roms-tools,random,roms_tools/setup/datasets.py,roms_tools/setup/river_forcing.py,1,1,1,0,1,1,1
CWorthy-ocean__roms-tools-227,CWorthy-ocean/roms-tools,random,roms_tools/setup/datasets.py,roms_tools/setup/grid.py,1,1,0,1,1,1,2
CWorthy-ocean__roms-tools-227,CWorthy-ocean/roms-tools,random,roms_tools/setup/datasets.py,roms_tools/regrid.py,0,0,0,1,1,0,2
CWorthy-ocean__roms-tools-227,CWorthy-ocean/roms-tools,random,roms_tools/setup/datasets.py,roms_tools/analysis/roms_output.py,0,0,0,1,0,0,2
CWorthy-ocean__roms-tools-227,CWorthy-ocean/roms-tools,random,roms_tools/setup/datasets.py,roms_tools/setup/fill.py,1,1,1,0,1,0,1
CWorthy-ocean__roms-tools-227,CWorthy-ocean/roms-tools,random,roms_tools/setup/datasets.py,roms_tools/plot.py,0,0,0,0,0,0,2
CWorthy-ocean__roms-tools-227,CWorthy-ocean/roms-tools,random,roms_tools/setup/datasets.py,roms_tools/setup/boundary_forcing.py,1,1,1,0,1,1,1
CWorthy-ocean__roms-tools-227,CWorthy-ocean/roms-tools,random,roms_tools/setup/datasets.py,roms_tools/utils.py,0,0,1,0,1,0,1
CWorthy-ocean__roms-tools-227,CWorthy-ocean/roms-tools,random,roms_tools/setup/datasets.py,roms_tools/download.py,0,0,1,0,1,1,1
CWorthy-ocean__roms-tools-227,CWorthy-ocean/roms-tools,random,roms_tools/setup/datasets.py,roms_tools/setup/tides.py,1,1,1,0,1,1,1
CWorthy-ocean__roms-tools-227,CWorthy-ocean/roms-tools,random,roms_tools/setup/surface_forcing.py,roms_tools/setup/mask.py,1,1,0,0,0,0,2
CWorthy-ocean__roms-tools-227,CWorthy-ocean/roms-tools,random,roms_tools/setup/surface_forcing.py,roms_tools/setup/__init__.py,1,1,0,0,0,0,inf
CWorthy-ocean__roms-tools-227,CWorthy-ocean/roms-tools,random,roms_tools/setup/surface_forcing.py,roms_tools/setup/topography.py,1,1,0,1,1,0,2
CWorthy-ocean__roms-tools-227,CWorthy-ocean/roms-tools,random,roms_tools/setup/surface_forcing.py,roms_tools/regrid.py,0,0,1,0,1,0,1
CWorthy-ocean__roms-tools-227,CWorthy-ocean/roms-tools,random,roms_tools/setup/surface_forcing.py,roms_tools/utils.py,0,0,0,1,0,0,2
CWorthy-ocean__roms-tools-227,CWorthy-ocean/roms-tools,random,roms_tools/setup/surface_forcing.py,roms_tools/analysis/roms_output.py,0,0,0,1,0,0,2
CWorthy-ocean__roms-tools-227,CWorthy-ocean/roms-tools,random,roms_tools/setup/surface_forcing.py,roms_tools/setup/grid.py,1,1,1,0,1,1,1
CWorthy-ocean__roms-tools-227,CWorthy-ocean/roms-tools,random,roms_tools/setup/surface_forcing.py,roms_tools/setup/fill.py,1,1,0,1,1,0,2
CWorthy-ocean__roms-tools-227,CWorthy-ocean/roms-tools,random,roms_tools/setup/surface_forcing.py,roms_tools/setup/initial_conditions.py,1,1,0,1,1,1,2
CWorthy-ocean__roms-tools-227,CWorthy-ocean/roms-tools,random,roms_tools/setup/surface_forcing.py,roms_tools/setup/boundary_forcing.py,1,1,0,1,1,1,2
CWorthy-ocean__roms-tools-227,CWorthy-ocean/roms-tools,random,roms_tools/setup/utils.py,roms_tools/setup/tides.py,1,1,1,0,1,0,1
CWorthy-ocean__roms-tools-227,CWorthy-ocean/roms-tools,random,roms_tools/setup/utils.py,roms_tools/setup/grid.py,1,1,1,0,1,1,1
CWorthy-ocean__roms-tools-227,CWorthy-ocean/roms-tools,random,roms_tools/setup/utils.py,roms_tools/utils.py,0,0,1,0,1,0,1
CWorthy-ocean__roms-tools-227,CWorthy-ocean/roms-tools,random,roms_tools/setup/utils.py,roms_tools/plot.py,0,0,0,0,0,0,2
CWorthy-ocean__roms-tools-227,CWorthy-ocean/roms-tools,random,roms_tools/setup/utils.py,roms_tools/setup/initial_conditions.py,1,1,1,0,1,0,1
CWorthy-ocean__roms-tools-227,CWorthy-ocean/roms-tools,random,roms_tools/setup/utils.py,roms_tools/analysis/roms_output.py,0,0,0,0,0,0,2
CWorthy-ocean__roms-tools-227,CWorthy-ocean/roms-tools,random,roms_tools/setup/utils.py,docs/conf.py,0,0,0,0,0,0,inf
CWorthy-ocean__roms-tools-227,CWorthy-ocean/roms-tools,random,roms_tools/setup/utils.py,roms_tools/setup/fill.py,1,1,0,0,0,0,2
CWorthy-ocean__roms-tools-227,CWorthy-ocean/roms-tools,random,roms_tools/setup/utils.py,roms_tools/setup/river_forcing.py,1,1,1,0,1,0,1
CWorthy-ocean__roms-tools-227,CWorthy-ocean/roms-tools,random,roms_tools/setup/utils.py,roms_tools/vertical_coordinate.py,0,0,0,0,0,0,2
CWorthy-ocean__roms-tools-227,CWorthy-ocean/roms-tools,gold-other,roms_tools/setup/datasets.py,roms_tools/setup/surface_forcing.py,1,1,1,0,1,1,1
CWorthy-ocean__roms-tools-227,CWorthy-ocean/roms-tools,gold-other,roms_tools/setup/datasets.py,roms_tools/setup/utils.py,1,1,1,0,1,1,1
CWorthy-ocean__roms-tools-227,CWorthy-ocean/roms-tools,gold-other,roms_tools/setup/surface_forcing.py,roms_tools/setup/datasets.py,1,1,1,0,1,1,1
CWorthy-ocean__roms-tools-227,CWorthy-ocean/roms-tools,gold-other,roms_tools/setup/surface_forcing.py,roms_tools/setup/utils.py,1,1,1,0,1,0,1
CWorthy-ocean__roms-tools-227,CWorthy-ocean/roms-tools,gold-other,roms_tools/setup/utils.py,roms_tools/setup/datasets.py,1,1,1,0,1,1,1
CWorthy-ocean__roms-tools-227,CWorthy-ocean/roms-tools,gold-other,roms_tools/setup/utils.py,roms_tools/setup/surface_forcing.py,1,1,1,0,1,0,1
traceloop__openllmetry-2577,traceloop/openllmetry,gold-other,packages/opentelemetry-instrumentation-groq/opentelemetry/instrumentation/groq/utils.py,packages/opentelemetry-instrumentation-openai/opentelemetry/instrumentation/openai/shared/__init__.py,0,0,0,1,1,0,inf
traceloop__openllmetry-2577,traceloop/openllmetry,gold-other,packages/opentelemetry-instrumentation-groq/opentelemetry/instrumentation/groq/utils.py,packages/opentelemetry-instrumentation-openai/opentelemetry/instrumentation/openai/utils.py,0,0,0,1,0,0,inf
traceloop__openllmetry-2577,traceloop/openllmetry,gold-other,packages/opentelemetry-instrumentation-openai/opentelemetry/instrumentation/openai/shared/__init__.py,packages/opentelemetry-instrumentation-groq/opentelemetry/instrumentation/groq/utils.py,0,0,0,1,1,0,inf
traceloop__openllmetry-2577,traceloop/openllmetry,gold-other,packages/opentelemetry-instrumentation-openai/opentelemetry/instrumentation/openai/shared/__init__.py,packages/opentelemetry-instrumentation-openai/opentelemetry/instrumentation/openai/utils.py,0,1,0,1,1,0,2
traceloop__openllmetry-2577,traceloop/openllmetry,gold-other,packages/opentelemetry-instrumentation-openai/opentelemetry/instrumentation/openai/utils.py,packages/opentelemetry-instrumentation-groq/opentelemetry/instrumentation/groq/utils.py,0,0,0,1,0,0,inf
traceloop__openllmetry-2577,traceloop/openllmetry,gold-other,packages/opentelemetry-instrumentation-openai/opentelemetry/instrumentation/openai/utils.py,packages/opentelemetry-instrumentation-openai/opentelemetry/instrumentation/openai/shared/__init__.py,0,1,0,1,1,0,2
hyeneung__tech-blog-hub-site-49,hyeneung/tech-blog-hub-site,gold,serverless/apis/recommend/lambda_function.py,serverless/apis/recommend/recommend.py,1,1,1,0,1,0,1
hyeneung__tech-blog-hub-site-49,hyeneung/tech-blog-hub-site,random,serverless/apis/recommend/lambda_function.py,serverless/apis/recommend/bigquery/user_log_analyze.py,0,1,0,0,0,0,inf
hyeneung__tech-blog-hub-site-49,hyeneung/tech-blog-hub-site,random,serverless/apis/recommend/lambda_function.py,log_analysis/recommend.py,0,0,0,1,1,0,inf
hyeneung__tech-blog-hub-site-49,hyeneung/tech-blog-hub-site,random,serverless/apis/recommend/lambda_function.py,serverless/apis/recommend/opensearch/content_based_filtering.py,0,1,0,0,0,0,inf
hyeneung__tech-blog-hub-site-49,hyeneung/tech-blog-hub-site,random,serverless/apis/recommend/lambda_function.py,log_analysis/recommend_utils/content_based_filtering.py,0,0,0,0,0,0,inf
hyeneung__tech-blog-hub-site-49,hyeneung/tech-blog-hub-site,random,serverless/apis/recommend/lambda_function.py,text_handler/model/llm_request_utils.py,0,0,0,0,0,0,inf
hyeneung__tech-blog-hub-site-49,hyeneung/tech-blog-hub-site,random,serverless/apis/recommend/lambda_function.py,serverless/apis/recommend/utils/get_recommendation_proportions.py,0,1,0,0,0,0,inf
hyeneung__tech-blog-hub-site-49,hyeneung/tech-blog-hub-site,random,serverless/apis/recommend/lambda_function.py,serverless/text_handler/lambda_function.py,0,0,0,1,0,0,inf
hyeneung__tech-blog-hub-site-49,hyeneung/tech-blog-hub-site,random,serverless/apis/recommend/lambda_function.py,serverless/text_handler/summarize/summarizeModule.py,0,0,0,0,0,0,inf
hyeneung__tech-blog-hub-site-49,hyeneung/tech-blog-hub-site,random,serverless/apis/recommend/lambda_function.py,text_handler/generated/crawler_text_handler_pb2.py,0,0,0,0,0,0,inf
hyeneung__tech-blog-hub-site-49,hyeneung/tech-blog-hub-site,random,serverless/apis/recommend/lambda_function.py,text_handler/utils/preprocess.py,0,0,0,0,0,0,inf
hyeneung__tech-blog-hub-site-49,hyeneung/tech-blog-hub-site,gold,serverless/apis/recommend/opensearch/article_analyze.py,serverless/apis/recommend/recommend.py,0,1,0,1,1,0,inf
hyeneung__tech-blog-hub-site-49,hyeneung/tech-blog-hub-site,random,serverless/apis/recommend/opensearch/article_analyze.py,text_handler/model/fewshot_examples.py,0,0,0,0,0,0,inf
hyeneung__tech-blog-hub-site-49,hyeneung/tech-blog-hub-site,random,serverless/apis/recommend/opensearch/article_analyze.py,log_analysis/recommend_utils/get_recommendation_proportions.py,0,0,0,0,0,0,inf
hyeneung__tech-blog-hub-site-49,hyeneung/tech-blog-hub-site,random,serverless/apis/recommend/opensearch/article_analyze.py,serverless/apis/recommend/opensearch/content_based_filtering.py,1,1,0,0,0,0,inf
hyeneung__tech-blog-hub-site-49,hyeneung/tech-blog-hub-site,random,serverless/apis/recommend/opensearch/article_analyze.py,log_analysis/recommend_utils/content_based_filtering.py,0,0,0,0,0,0,inf
hyeneung__tech-blog-hub-site-49,hyeneung/tech-blog-hub-site,random,serverless/apis/recommend/opensearch/article_analyze.py,serverless/apis/recommend/utils/get_recommendation_proportions.py,0,1,0,0,0,0,inf
hyeneung__tech-blog-hub-site-49,hyeneung/tech-blog-hub-site,random,serverless/apis/recommend/opensearch/article_analyze.py,serverless/text_handler/hashtag/fewshot_examples.py,0,0,0,0,0,0,inf
hyeneung__tech-blog-hub-site-49,hyeneung/tech-blog-hub-site,random,serverless/apis/recommend/opensearch/article_analyze.py,text_handler/main.py,0,0,0,0,0,0,inf
hyeneung__tech-blog-hub-site-49,hyeneung/tech-blog-hub-site,random,serverless/apis/recommend/opensearch/article_analyze.py,serverless/apis/recommend/utils/exploratory_filtering.py,0,1,0,0,0,0,inf
hyeneung__tech-blog-hub-site-49,hyeneung/tech-blog-hub-site,random,serverless/apis/recommend/opensearch/article_analyze.py,log_analysis/als_train_model.py,0,0,0,0,0,0,inf
hyeneung__tech-blog-hub-site-49,hyeneung/tech-blog-hub-site,random,serverless/apis/recommend/opensearch/article_analyze.py,log_analysis/recommend_utils/exploratory_filtering.py,0,0,0,0,0,0,inf
hyeneung__tech-blog-hub-site-49,hyeneung/tech-blog-hub-site,gold-other,serverless/apis/recommend/lambda_function.py,serverless/apis/recommend/opensearch/article_analyze.py,0,1,0,0,0,0,inf
hyeneung__tech-blog-hub-site-49,hyeneung/tech-blog-hub-site,gold-other,serverless/apis/recommend/opensearch/article_analyze.py,serverless/apis/recommend/lambda_function.py,0,1,0,0,0,0,inf
hyeneung__tech-blog-hub-site-49,hyeneung/tech-blog-hub-site,gold-other,serverless/apis/recommend/recommend.py,serverless/apis/recommend/lambda_function.py,1,1,1,0,1,0,1
hyeneung__tech-blog-hub-site-49,hyeneung/tech-blog-hub-site,gold-other,serverless/apis/recommend/recommend.py,serverless/apis/recommend/opensearch/article_analyze.py,0,1,0,1,1,0,inf
home-assistant__core-136739,home-assistant/core,gold,homeassistant/components/fritzbox/light.py,homeassistant/components/fritzbox/climate.py,1,1,0,1,0,0,2
home-assistant__core-136739,home-assistant/core,gold,homeassistant/components/fritzbox/light.py,homeassistant/components/fritzbox/cover.py,1,1,0,1,0,0,2
home-assistant__core-136739,home-assistant/core,random,homeassistant/components/fritzbox/light.py,homeassistant/components/otbr/config_flow.py,0,1,0,0,0,0,2
home-assistant__core-136739,home-assistant/core,random,homeassistant/components/fritzbox/light.py,homeassistant/components/twilio_call/__init__.py,0,1,0,0,0,0,inf
home-assistant__core-136739,home-assistant/core,random,homeassistant/components/fritzbox/light.py,homeassistant/components/peco/__init__.py,0,1,0,1,0,0,2
home-assistant__core-136739,home-assistant/core,random,homeassistant/components/fritzbox/light.py,homeassistant/components/flo/coordinator.py,0,1,0,1,0,0,2
home-assistant__core-136739,home-assistant/core,random,homeassistant/components/fritzbox/light.py,homeassistant/components/surepetcare/sensor.py,0,1,0,1,0,0,2
home-assistant__core-136739,home-assistant/core,random,homeassistant/components/fritzbox/light.py,homeassistant/components/ambient_station/binary_sensor.py,0,1,0,1,0,0,2
home-assistant__core-136739,home-assistant/core,random,homeassistant/components/fritzbox/light.py,homeassistant/components/lifx/binary_sensor.py,0,1,0,1,0,0,2
home-assistant__core-136739,home-assistant/core,random,homeassistant/components/fritzbox/light.py,homeassistant/components/mysensors/config_flow.py,0,1,0,0,0,0,2
home-assistant__core-136739,home-assistant/core,random,homeassistant/components/fritzbox/light.py,homeassistant/components/ccm15/config_flow.py,0,1,0,0,0,0,3
home-assistant__core-136739,home-assistant/core,random,homeassistant/components/fritzbox/light.py,homeassistant/components/powerfox/entity.py,0,1,0,0,0,0,3
home-assistant__core-136739,home-assistant/core,gold,homeassistant/components/fritzbox/switch.py,homeassistant/components/fritzbox/climate.py,1,1,0,1,0,0,2
home-assistant__core-136739,home-assistant/core,gold,homeassistant/components/fritzbox/switch.py,homeassistant/components/fritzbox/cover.py,1,1,0,1,0,0,2
home-assistant__core-136739,home-assistant/core,random,homeassistant/components/fritzbox/switch.py,homeassistant/components/recorder/table_managers/event_data.py,0,1,0,0,0,0,2
home-assistant__core-136739,home-assistant/core,random,homeassistant/components/fritzbox/switch.py,homeassistant/components/pencom/__init__.py,0,1,0,0,0,0,inf
home-assistant__core-136739,home-assistant/core,random,homeassistant/components/fritzbox/switch.py,homeassistant/components/linksys_smart/__init__.py,0,1,0,0,0,0,inf
home-assistant__core-136739,home-assistant/core,random,homeassistant/components/fritzbox/switch.py,homeassistant/components/demo/water_heater.py,0,1,0,1,0,0,2
home-assistant__core-136739,home-assistant/core,random,homeassistant/components/fritzbox/switch.py,homeassistant/components/dormakaba_dkey/const.py,0,1,0,0,0,0,3
home-assistant__core-136739,home-assistant/core,random,homeassistant/components/fritzbox/switch.py,homeassistant/components/qnap_qsw/sensor.py,0,1,0,1,0,0,2
home-assistant__core-136739,home-assistant/core,random,homeassistant/components/fritzbox/switch.py,homeassistant/components/cmus/media_player.py,0,1,0,0,0,0,2
home-assistant__core-136739,home-assistant/core,random,homeassistant/components/fritzbox/switch.py,homeassistant/components/deluge/sensor.py,0,1,0,1,0,0,2
home-assistant__core-136739,home-assistant/core,random,homeassistant/components/fritzbox/switch.py,homeassistant/components/stream/recorder.py,0,1,0,0,0,0,2
home-assistant__core-136739,home-assistant/core,random,homeassistant/components/fritzbox/switch.py,homeassistant/components/lg_netcast/triggers/turn_on.py,0,1,0,0,0,0,2
home-assistant__core-136739,home-assistant/core,gold-other,homeassistant/components/fritzbox/climate.py,homeassistant/components/fritzbox/cover.py,1,1,0,1,0,0,2
home-assistant__core-136739,home-assistant/core,gold-other,homeassistant/components/fritzbox/climate.py,homeassistant/components/fritzbox/light.py,1,1,0,1,0,0,2
home-assistant__core-136739,home-assistant/core,gold-other,homeassistant/components/fritzbox/climate.py,homeassistant/components/fritzbox/switch.py,1,1,0,1,0,0,2
home-assistant__core-136739,home-assistant/core,gold-other,homeassistant/components/fritzbox/cover.py,homeassistant/components/fritzbox/climate.py,1,1,0,1,0,0,2
home-assistant__core-136739,home-assistant/core,gold-other,homeassistant/components/fritzbox/cover.py,homeassistant/components/fritzbox/light.py,1,1,0,1,0,0,2
home-assistant__core-136739,home-assistant/core,gold-other,homeassistant/components/fritzbox/cover.py,homeassistant/components/fritzbox/switch.py,1,1,0,1,0,0,2
home-assistant__core-136739,home-assistant/core,gold-other,homeassistant/components/fritzbox/light.py,homeassistant/components/fritzbox/switch.py,1,1,0,1,0,0,2
home-assistant__core-136739,home-assistant/core,gold-other,homeassistant/components/fritzbox/switch.py,homeassistant/components/fritzbox/light.py,1,1,0,1,0,0,2
Standard-Labs__real-intent-27,Standard-Labs/real-intent,random,bigdbm/validate/email.py,bigdbm/client.py,0,0,0,0,0,0,2
Standard-Labs__real-intent-27,Standard-Labs/real-intent,random,bigdbm/validate/email.py,bigdbm/format/base.py,0,0,0,0,0,0,2
Standard-Labs__real-intent-27,Standard-Labs/real-intent,random,bigdbm/validate/email.py,bigdbm/format/csv.py,0,0,0,0,0,0,2
Standard-Labs__real-intent-27,Standard-Labs/real-intent,random,bigdbm/validate/email.py,bigdbm/validate/base.py,1,1,1,0,0,0,1
Standard-Labs__real-intent-27,Standard-Labs/real-intent,random,bigdbm/validate/email.py,bigdbm/process/fill.py,0,0,0,1,1,0,2
Standard-Labs__real-intent-27,Standard-Labs/real-intent,random,bigdbm/validate/email.py,bigdbm/error.py,0,0,0,0,0,0,3
Standard-Labs__real-intent-27,Standard-Labs/real-intent,random,bigdbm/validate/email.py,bigdbm/validate/simple.py,1,1,0,1,0,0,2
Standard-Labs__real-intent-27,Standard-Labs/real-intent,random,bigdbm/validate/email.py,bigdbm/validate/home_attrs.py,1,1,0,1,0,0,2
Standard-Labs__real-intent-27,Standard-Labs/real-intent,random,bigdbm/validate/email.py,bigdbm/validate/__init__.py,1,1,0,0,0,0,inf
Standard-Labs__real-intent-27,Standard-Labs/real-intent,random,bigdbm/validate/email.py,bigdbm/process/base.py,0,0,0,1,0,0,2
Standard-Labs__real-intent-27,Standard-Labs/real-intent,random,bigdbm/validate/phone.py,bigdbm/__init__.py,0,0,0,0,0,0,2
Standard-Labs__real-intent-27,Standard-Labs/real-intent,random,bigdbm/validate/phone.py,bigdbm/validate/pii.py,1,1,0,1,1,0,2
Standard-Labs__real-intent-27,Standard-Labs/real-intent,random,bigdbm/validate/phone.py,bigdbm/schemas.py,0,0,1,0,0,0,1
Standard-Labs__real-intent-27,Standard-Labs/real-intent,random,bigdbm/validate/phone.py,bigdbm/taxonomy.py,0,0,0,0,0,0,2
Standard-Labs__real-intent-27,Standard-Labs/real-intent,random,bigdbm/validate/phone.py,bigdbm/process/base.py,0,0,0,1,0,0,2
Standard-Labs__real-intent-27,Standard-Labs/real-intent,random,bigdbm/validate/phone.py,bigdbm/process/simple.py,0,0,0,1,1,0,2
Standard-Labs__real-intent-27,Standard-Labs/real-intent,random,bigdbm/validate/phone.py,bigdbm/format/base.py,0,0,0,0,0,0,2
Standard-Labs__real-intent-27,Standard-Labs/real-intent,random,bigdbm/validate/phone.py,bigdbm/validate/__init__.py,1,1,0,0,0,0,inf
Standard-Labs__real-intent-27,Standard-Labs/real-intent,random,bigdbm/validate/phone.py,bigdbm/format/csv.py,0,0,0,0,0,0,2
Standard-Labs__real-intent-27,Standard-Labs/real-intent,random,bigdbm/validate/phone.py,bigdbm/client.py,0,0,0,0,0,0,2
Standard-Labs__real-intent-27,Standard-Labs/real-intent,gold-other,bigdbm/validate/email.py,bigdbm/validate/phone.py,1,1,0,1,1,0,2
Standard-Labs__real-intent-27,Standard-Labs/real-intent,gold-other,bigdbm/validate/phone.py,bigdbm/validate/email.py,1,1,0,1,1,0,2
Standard-Labs__real-intent-102,Standard-Labs/real-intent,gold-other,real_intent/deliver/followupboss/vanilla.py,real_intent/deliver/kvcore/__init__.py,0,1,0,1,0,0,2
Standard-Labs__real-intent-102,Standard-Labs/real-intent,gold-other,real_intent/deliver/kvcore/__init__.py,real_intent/deliver/followupboss/vanilla.py,0,1,0,1,0,0,2
NCSU-High-Powered-Rocketry-Club__AirbrakesV2-151,NCSU-High-Powered-Rocketry-Club/AirbrakesV2,gold,airbrakes/airbrakes.py,airbrakes/hardware/base_imu.py,0,0,1,0,1,0,1
NCSU-High-Powered-Rocketry-Club__AirbrakesV2-151,NCSU-High-Powered-Rocketry-Club/AirbrakesV2,gold,airbrakes/airbrakes.py,airbrakes/utils.py,1,1,1,0,1,0,1
NCSU-High-Powered-Rocketry-Club__AirbrakesV2-151,NCSU-High-Powered-Rocketry-Club/AirbrakesV2,random,airbrakes/airbrakes.py,airbrakes/main.py,1,1,1,0,1,0,1
NCSU-High-Powered-Rocketry-Club__AirbrakesV2-151,NCSU-High-Powered-Rocketry-Club/AirbrakesV2,random,airbrakes/airbrakes.py,airbrakes/telemetry/packets/servo_data_packet.py,0,0,1,0,1,0,1
NCSU-High-Powered-Rocketry-Club__AirbrakesV2-151,NCSU-High-Powered-Rocketry-Club/AirbrakesV2,random,airbrakes/airbrakes.py,scripts/run_imu.py,0,0,0,1,1,0,2
NCSU-High-Powered-Rocketry-Club__AirbrakesV2-151,NCSU-High-Powered-Rocketry-Club/AirbrakesV2,random,airbrakes/airbrakes.py,airbrakes/mock/mock_imu.py,0,0,0,1,0,1,2
NCSU-High-Powered-Rocketry-Club__AirbrakesV2-151,NCSU-High-Powered-Rocketry-Club/AirbrakesV2,random,airbrakes/airbrakes.py,scripts/run_logger.py,0,0,0,1,1,0,2
NCSU-High-Powered-Rocketry-Club__AirbrakesV2-151,NCSU-High-Powered-Rocketry-Club/AirbrakesV2,random,airbrakes/airbrakes.py,scripts/run_buzzer.py,0,0,0,0,0,0,inf
NCSU-High-Powered-Rocketry-Club__AirbrakesV2-151,NCSU-High-Powered-Rocketry-Club/AirbrakesV2,random,airbrakes/airbrakes.py,airbrakes/mock/__init__.py,0,0,0,0,0,0,inf
NCSU-High-Powered-Rocketry-Club__AirbrakesV2-151,NCSU-High-Powered-Rocketry-Club/AirbrakesV2,random,airbrakes/airbrakes.py,scripts/run_servo_and_encoder.py,0,0,0,1,1,0,2
NCSU-High-Powered-Rocketry-Club__AirbrakesV2-151,NCSU-High-Powered-Rocketry-Club/AirbrakesV2,random,airbrakes/airbrakes.py,airbrakes/mock/display.py,0,0,1,0,1,1,1
NCSU-High-Powered-Rocketry-Club__AirbrakesV2-151,NCSU-High-Powered-Rocketry-Club/AirbrakesV2,random,airbrakes/airbrakes.py,airbrakes/simulation/sim_config.py,0,0,0,0,0,0,3
NCSU-High-Powered-Rocketry-Club__AirbrakesV2-151,NCSU-High-Powered-Rocketry-Club/AirbrakesV2,gold,airbrakes/telemetry/logger.py,airbrakes/hardware/base_imu.py,0,0,0,1,1,0,2
NCSU-High-Powered-Rocketry-Club__AirbrakesV2-151,NCSU-High-Powered-Rocketry-Club/AirbrakesV2,gold,airbrakes/telemetry/logger.py,airbrakes/utils.py,0,0,1,0,1,1,1
NCSU-High-Powered-Rocketry-Club__AirbrakesV2-151,NCSU-High-Powered-Rocketry-Club/AirbrakesV2,random,airbrakes/telemetry/logger.py,airbrakes/telemetry/data_processor.py,1,1,0,1,1,1,2
NCSU-High-Powered-Rocketry-Club__AirbrakesV2-151,NCSU-High-Powered-Rocketry-Club/AirbrakesV2,random,airbrakes/telemetry/logger.py,airbrakes/mock/display.py,0,0,0,1,1,0,2
NCSU-High-Powered-Rocketry-Club__AirbrakesV2-151,NCSU-High-Powered-Rocketry-Club/AirbrakesV2,random,airbrakes/telemetry/logger.py,airbrakes/mock/mock_logger.py,0,0,1,0,1,1,1
NCSU-High-Powered-Rocketry-Club__AirbrakesV2-151,NCSU-High-Powered-Rocketry-Club/AirbrakesV2,random,airbrakes/telemetry/logger.py,scripts/data_visualizer.py,0,0,0,0,0,0,inf
NCSU-High-Powered-Rocketry-Club__AirbrakesV2-151,NCSU-High-Powered-Rocketry-Club/AirbrakesV2,random,airbrakes/telemetry/logger.py,scripts/run_servo.py,0,0,0,0,0,0,2
NCSU-High-Powered-Rocketry-Club__AirbrakesV2-151,NCSU-High-Powered-Rocketry-Club/AirbrakesV2,random,airbrakes/telemetry/logger.py,scripts/__init__.py,0,0,0,0,0,0,inf
NCSU-High-Powered-Rocketry-Club__AirbrakesV2-151,NCSU-High-Powered-Rocketry-Club/AirbrakesV2,random,airbrakes/telemetry/logger.py,airbrakes/hardware/servo.py,0,0,0,1,1,1,2
NCSU-High-Powered-Rocketry-Club__AirbrakesV2-151,NCSU-High-Powered-Rocketry-Club/AirbrakesV2,random,airbrakes/telemetry/logger.py,airbrakes/hardware/__init__.py,0,0,0,0,0,0,inf
NCSU-High-Powered-Rocketry-Club__AirbrakesV2-151,NCSU-High-Powered-Rocketry-Club/AirbrakesV2,random,airbrakes/telemetry/logger.py,airbrakes/simulation/sim_utils.py,0,0,0,0,0,0,3
NCSU-High-Powered-Rocketry-Club__AirbrakesV2-151,NCSU-High-Powered-Rocketry-Club/AirbrakesV2,random,airbrakes/telemetry/logger.py,airbrakes/telemetry/packets/processor_data_packet.py,0,1,1,0,0,1,1
NCSU-High-Powered-Rocketry-Club__AirbrakesV2-151,NCSU-High-Powered-Rocketry-Club/AirbrakesV2,gold,airbrakes/telemetry/packets/logger_data_packet.py,airbrakes/hardware/base_imu.py,0,0,0,1,0,0,3
NCSU-High-Powered-Rocketry-Club__AirbrakesV2-151,NCSU-High-Powered-Rocketry-Club/AirbrakesV2,gold,airbrakes/telemetry/packets/logger_data_packet.py,airbrakes/utils.py,0,0,0,0,0,0,2
NCSU-High-Powered-Rocketry-Club__AirbrakesV2-151,NCSU-High-Powered-Rocketry-Club/AirbrakesV2,random,airbrakes/telemetry/packets/logger_data_packet.py,scripts/run_servo_and_encoder.py,0,0,0,0,0,0,3
NCSU-High-Powered-Rocketry-Club__AirbrakesV2-151,NCSU-High-Powered-Rocketry-Club/AirbrakesV2,random,airbrakes/telemetry/packets/logger_data_packet.py,airbrakes/telemetry/packets/apogee_predictor_data_packet.py,1,1,0,0,0,1,2
NCSU-High-Powered-Rocketry-Club__AirbrakesV2-151,NCSU-High-Powered-Rocketry-Club/AirbrakesV2,random,airbrakes/telemetry/packets/logger_data_packet.py,scripts/__init__.py,0,0,0,0,0,0,inf
NCSU-High-Powered-Rocketry-Club__AirbrakesV2-151,NCSU-High-Powered-Rocketry-Club/AirbrakesV2,random,airbrakes/telemetry/packets/logger_data_packet.py,airbrakes/telemetry/apogee_predictor.py,0,1,0,0,0,0,3
NCSU-High-Powered-Rocketry-Club__AirbrakesV2-151,NCSU-High-Powered-Rocketry-Club/AirbrakesV2,random,airbrakes/telemetry/packets/logger_data_packet.py,airbrakes/__init__.py,0,0,0,0,0,0,inf
NCSU-High-Powered-Rocketry-Club__AirbrakesV2-151,NCSU-High-Powered-Rocketry-Club/AirbrakesV2,random,airbrakes/telemetry/packets/logger_data_packet.py,airbrakes/mock/mock_imu.py,0,0,0,0,0,0,3
NCSU-High-Powered-Rocketry-Club__AirbrakesV2-151,NCSU-High-Powered-Rocketry-Club/AirbrakesV2,random,airbrakes/telemetry/packets/logger_data_packet.py,airbrakes/telemetry/__init__.py,0,1,0,0,0,0,inf
NCSU-High-Powered-Rocketry-Club__AirbrakesV2-151,NCSU-High-Powered-Rocketry-Club/AirbrakesV2,random,airbrakes/telemetry/packets/logger_data_packet.py,airbrakes/simulation/__init__.py,0,0,0,0,0,0,inf
NCSU-High-Powered-Rocketry-Club__AirbrakesV2-151,NCSU-High-Powered-Rocketry-Club/AirbrakesV2,random,airbrakes/telemetry/packets/logger_data_packet.py,airbrakes/telemetry/packets/__init__.py,1,1,0,0,0,0,inf
NCSU-High-Powered-Rocketry-Club__AirbrakesV2-151,NCSU-High-Powered-Rocketry-Club/AirbrakesV2,random,airbrakes/telemetry/packets/logger_data_packet.py,airbrakes/telemetry/packets/processor_data_packet.py,1,1,0,0,0,1,2
NCSU-High-Powered-Rocketry-Club__AirbrakesV2-151,NCSU-High-Powered-Rocketry-Club/AirbrakesV2,gold-other,airbrakes/airbrakes.py,airbrakes/telemetry/logger.py,0,0,1,0,1,1,1
NCSU-High-Powered-Rocketry-Club__AirbrakesV2-151,NCSU-High-Powered-Rocketry-Club/AirbrakesV2,gold-other,airbrakes/airbrakes.py,airbrakes/telemetry/packets/logger_data_packet.py,0,0,0,0,0,0,2
NCSU-High-Powered-Rocketry-Club__AirbrakesV2-151,NCSU-High-Powered-Rocketry-Club/AirbrakesV2,gold-other,airbrakes/hardware/base_imu.py,airbrakes/airbrakes.py,0,0,1,0,1,0,1
NCSU-High-Powered-Rocketry-Club__AirbrakesV2-151,NCSU-High-Powered-Rocketry-Club/AirbrakesV2,gold-other,airbrakes/hardware/base_imu.py,airbrakes/telemetry/logger.py,0,0,0,1,1,0,2
NCSU-High-Powered-Rocketry-Club__AirbrakesV2-151,NCSU-High-Powered-Rocketry-Club/AirbrakesV2,gold-other,airbrakes/hardware/base_imu.py,airbrakes/telemetry/packets/logger_data_packet.py,0,0,0,1,0,0,3
NCSU-High-Powered-Rocketry-Club__AirbrakesV2-151,NCSU-High-Powered-Rocketry-Club/AirbrakesV2,gold-other,airbrakes/hardware/base_imu.py,airbrakes/utils.py,0,0,0,0,0,0,2
NCSU-High-Powered-Rocketry-Club__AirbrakesV2-151,NCSU-High-Powered-Rocketry-Club/AirbrakesV2,gold-other,airbrakes/telemetry/logger.py,airbrakes/airbrakes.py,0,0,1,0,1,1,1
NCSU-High-Powered-Rocketry-Club__AirbrakesV2-151,NCSU-High-Powered-Rocketry-Club/AirbrakesV2,gold-other,airbrakes/telemetry/logger.py,airbrakes/telemetry/packets/logger_data_packet.py,0,1,1,0,0,1,1
NCSU-High-Powered-Rocketry-Club__AirbrakesV2-151,NCSU-High-Powered-Rocketry-Club/AirbrakesV2,gold-other,airbrakes/telemetry/packets/logger_data_packet.py,airbrakes/airbrakes.py,0,0,0,0,0,0,2
NCSU-High-Powered-Rocketry-Club__AirbrakesV2-151,NCSU-High-Powered-Rocketry-Club/AirbrakesV2,gold-other,airbrakes/telemetry/packets/logger_data_packet.py,airbrakes/telemetry/logger.py,0,1,1,0,0,1,1
NCSU-High-Powered-Rocketry-Club__AirbrakesV2-151,NCSU-High-Powered-Rocketry-Club/AirbrakesV2,gold-other,airbrakes/utils.py,airbrakes/airbrakes.py,1,1,1,0,1,0,1
NCSU-High-Powered-Rocketry-Club__AirbrakesV2-151,NCSU-High-Powered-Rocketry-Club/AirbrakesV2,gold-other,airbrakes/utils.py,airbrakes/hardware/base_imu.py,0,0,0,0,0,0,2
NCSU-High-Powered-Rocketry-Club__AirbrakesV2-151,NCSU-High-Powered-Rocketry-Club/AirbrakesV2,gold-other,airbrakes/utils.py,airbrakes/telemetry/logger.py,0,0,1,0,1,1,1
NCSU-High-Powered-Rocketry-Club__AirbrakesV2-151,NCSU-High-Powered-Rocketry-Club/AirbrakesV2,gold-other,airbrakes/utils.py,airbrakes/telemetry/packets/logger_data_packet.py,0,0,0,0,0,0,2
scikit-learn__scikit-learn-8478,scikit-learn/scikit-learn,gold,sklearn/impute.py,examples/plot_missing_values.py,0,0,1,0,1,0,1
scikit-learn__scikit-learn-8478,scikit-learn/scikit-learn,gold,sklearn/impute.py,sklearn/utils/estimator_checks.py,0,0,0,1,1,0,2
scikit-learn__scikit-learn-8478,scikit-learn/scikit-learn,random,sklearn/impute.py,sklearn/externals/joblib/_memory_helpers.py,0,0,0,0,0,0,3
scikit-learn__scikit-learn-8478,scikit-learn/scikit-learn,random,sklearn/impute.py,examples/model_selection/plot_precision_recall.py,0,0,0,0,0,0,3
scikit-learn__scikit-learn-8478,scikit-learn/scikit-learn,random,sklearn/impute.py,sklearn/utils/metaestimators.py,0,0,0,0,0,0,2
scikit-learn__scikit-learn-8478,scikit-learn/scikit-learn,random,sklearn/impute.py,examples/cluster/plot_ward_structured_vs_unstructured.py,0,0,0,0,0,0,3
scikit-learn__scikit-learn-8478,scikit-learn/scikit-learn,random,sklearn/impute.py,examples/plot_digits_pipe.py,0,0,0,0,0,0,3
scikit-learn__scikit-learn-8478,scikit-learn/scikit-learn,random,sklearn/impute.py,sklearn/multioutput.py,1,1,0,0,0,0,2
scikit-learn__scikit-learn-8478,scikit-learn/scikit-learn,random,sklearn/impute.py,sklearn/compose/__init__.py,0,0,0,0,0,0,3
scikit-learn__scikit-learn-8478,scikit-learn/scikit-learn,random,sklearn/impute.py,examples/preprocessing/plot_function_transformer.py,0,0,0,1,1,0,3
scikit-learn__scikit-learn-8478,scikit-learn/scikit-learn,random,sklearn/impute.py,sklearn/ensemble/weight_boosting.py,0,0,0,0,0,0,2
scikit-learn__scikit-learn-8478,scikit-learn/scikit-learn,random,sklearn/impute.py,examples/linear_model/plot_logistic_l1_l2_sparsity.py,0,0,0,0,0,0,3
scikit-learn__scikit-learn-8478,scikit-learn/scikit-learn,gold-other,examples/plot_missing_values.py,sklearn/impute.py,0,0,1,0,1,0,1
scikit-learn__scikit-learn-8478,scikit-learn/scikit-learn,gold-other,examples/plot_missing_values.py,sklearn/utils/estimator_checks.py,0,0,0,0,0,0,2
scikit-learn__scikit-learn-8478,scikit-learn/scikit-learn,gold-other,sklearn/utils/estimator_checks.py,examples/plot_missing_values.py,0,0,0,0,0,0,2
scikit-learn__scikit-learn-8478,scikit-learn/scikit-learn,gold-other,sklearn/utils/estimator_checks.py,sklearn/impute.py,0,0,0,1,1,0,2
cupy__cupy-3730,cupy/cupy,gold,cupy/fft/fft.py,cupy/fft/config.py,1,1,1,0,0,1,1
cupy__cupy-3730,cupy/cupy,random,cupy/fft/fft.py,cupy/linalg/decomposition.py,0,0,0,0,0,0,2
cupy__cupy-3730,cupy/cupy,random,cupy/fft/fft.py,cupyx/scipy/fft/__init__.py,0,0,0,0,0,1,2
cupy__cupy-3730,cupy/cupy,random,cupy/fft/fft.py,examples/gmm/gmm.py,0,0,0,0,0,0,2
cupy__cupy-3730,cupy/cupy,random,cupy/fft/fft.py,cupy/_creation/basic.py,0,0,0,1,1,0,2
cupy__cupy-3730,cupy/cupy,random,cupy/fft/fft.py,cupyx/scipy/ndimage/interpolation.py,0,0,0,1,0,0,2
cupy__cupy-3730,cupy/cupy,random,cupy/fft/fft.py,cupyx/scipy/special/digamma.py,0,0,0,0,0,0,3
cupy__cupy-3730,cupy/cupy,random,cupy/fft/fft.py,cupy/polynomial/polyutils.py,0,0,0,0,0,0,2
cupy__cupy-3730,cupy/cupy,random,cupy/fft/fft.py,cupy/math/special.py,0,0,0,0,0,0,2
cupy__cupy-3730,cupy/cupy,random,cupy/fft/fft.py,cupy/cusparse.py,0,0,0,0,0,0,2
cupy__cupy-3730,cupy/cupy,random,cupy/fft/fft.py,cupyx/scipy/special/__init__.py,0,0,0,0,0,0,3
cupy__cupy-3730,cupy/cupy,gold,cupy_setup_build.py,cupy/fft/config.py,0,0,0,0,0,0,inf
cupy__cupy-3730,cupy/cupy,random,cupy_setup_build.py,cupy/core/_fusion_optimization.py,0,0,0,0,0,0,inf
cupy__cupy-3730,cupy/cupy,random,cupy_setup_build.py,cupy/sparse/linalg/__init__.py,0,0,0,0,0,0,inf
cupy__cupy-3730,cupy/cupy,random,cupy_setup_build.py,cupy/polynomial/__init__.py,0,0,0,0,0,0,inf
cupy__cupy-3730,cupy/cupy,random,cupy_setup_build.py,cupyx/scipy/special/__init__.py,0,0,0,0,0,0,inf
cupy__cupy-3730,cupy/cupy,random,cupy_setup_build.py,cupy/core/_fusion_interface.py,0,0,0,1,1,0,inf
cupy__cupy-3730,cupy/cupy,random,cupy_setup_build.py,cupy/random/__init__.py,0,0,0,0,0,0,inf
cupy__cupy-3730,cupy/cupy,random,cupy_setup_build.py,cupyx/scipy/sparse/base.py,0,0,0,1,1,0,inf
cupy__cupy-3730,cupy/cupy,random,cupy_setup_build.py,cupyx/scipy/sparse/construct.py,0,0,0,0,0,0,inf
cupy__cupy-3730,cupy/cupy,random,cupy_setup_build.py,cupy/math/arithmetic.py,0,0,0,1,0,0,inf
cupy__cupy-3730,cupy/cupy,random,cupy_setup_build.py,cupyx/scipy/fft/fft.py,0,0,0,0,0,0,inf
cupy__cupy-3730,cupy/cupy,gold,cupyx/scipy/fftpack/_fft.py,cupy/fft/config.py,0,0,1,0,0,1,1
cupy__cupy-3730,cupy/cupy,random,cupyx/scipy/fftpack/_fft.py,cupy/cuda/profiler.py,0,0,0,0,0,0,inf
cupy__cupy-3730,cupy/cupy,random,cupyx/scipy/fftpack/_fft.py,examples/stream/map_reduce.py,0,0,0,0,0,0,2
cupy__cupy-3730,cupy/cupy,random,cupyx/scipy/fftpack/_fft.py,cupy/lib/__init__.py,0,0,0,0,0,0,2
cupy__cupy-3730,cupy/cupy,random,cupyx/scipy/fftpack/_fft.py,cupyx/scipy/special/polygamma.py,0,1,0,0,0,0,2
cupy__cupy-3730,cupy/cupy,random,cupyx/scipy/fftpack/_fft.py,cupy/io/npz.py,0,0,0,0,0,0,2
cupy__cupy-3730,cupy/cupy,random,cupyx/scipy/fftpack/_fft.py,cupyx/tools/__init__.py,0,0,0,0,0,0,inf
cupy__cupy-3730,cupy/cupy,random,cupyx/scipy/fftpack/_fft.py,cupy/linalg/einsum_opt.py,0,0,0,0,0,0,3
cupy__cupy-3730,cupy/cupy,random,cupyx/scipy/fftpack/_fft.py,cupy/manipulation/shape.py,0,0,0,1,0,0,2
cupy__cupy-3730,cupy/cupy,random,cupyx/scipy/fftpack/_fft.py,cupyx/optimizing/_optimize.py,0,0,0,0,0,0,3
cupy__cupy-3730,cupy/cupy,random,cupyx/scipy/fftpack/_fft.py,cupyx/scipy/ndimage/filters.py,0,1,0,0,0,0,2
cupy__cupy-3730,cupy/cupy,gold-other,cupy/fft/config.py,cupy/fft/fft.py,1,1,1,0,0,1,1
cupy__cupy-3730,cupy/cupy,gold-other,cupy/fft/config.py,cupy_setup_build.py,0,0,0,0,0,0,inf
cupy__cupy-3730,cupy/cupy,gold-other,cupy/fft/config.py,cupyx/scipy/fftpack/_fft.py,0,0,1,0,0,1,1
cupy__cupy-3730,cupy/cupy,gold-other,cupy/fft/fft.py,cupy_setup_build.py,0,0,0,0,0,0,inf
cupy__cupy-3730,cupy/cupy,gold-other,cupy/fft/fft.py,cupyx/scipy/fftpack/_fft.py,0,0,1,0,1,1,1
cupy__cupy-3730,cupy/cupy,gold-other,cupy_setup_build.py,cupy/fft/fft.py,0,0,0,0,0,0,inf
cupy__cupy-3730,cupy/cupy,gold-other,cupy_setup_build.py,cupyx/scipy/fftpack/_fft.py,0,0,0,0,0,0,inf
cupy__cupy-3730,cupy/cupy,gold-other,cupyx/scipy/fftpack/_fft.py,cupy/fft/fft.py,0,0,1,0,1,1,1
cupy__cupy-3730,cupy/cupy,gold-other,cupyx/scipy/fftpack/_fft.py,cupy_setup_build.py,0,0,0,0,0,0,inf
scikit-learn__scikit-learn-17443,scikit-learn/scikit-learn,gold,examples/calibration/plot_calibration_curve.py,sklearn/metrics/_plot/base.py,0,0,0,0,0,0,3
scikit-learn__scikit-learn-17443,scikit-learn/scikit-learn,random,examples/calibration/plot_calibration_curve.py,sklearn/experimental/enable_halving_search_cv.py,0,0,0,0,0,0,2
scikit-learn__scikit-learn-17443,scikit-learn/scikit-learn,random,examples/calibration/plot_calibration_curve.py,sklearn/_config.py,0,0,0,0,0,0,3
scikit-learn__scikit-learn-17443,scikit-learn/scikit-learn,random,examples/calibration/plot_calibration_curve.py,examples/ensemble/plot_gradient_boosting_regularization.py,0,0,0,0,0,0,2
scikit-learn__scikit-learn-17443,scikit-learn/scikit-learn,random,examples/calibration/plot_calibration_curve.py,sklearn/datasets/_svmlight_format_io.py,0,0,0,0,0,0,2
scikit-learn__scikit-learn-17443,scikit-learn/scikit-learn,random,examples/calibration/plot_calibration_curve.py,examples/model_selection/plot_learning_curve.py,0,0,0,0,0,0,2
scikit-learn__scikit-learn-17443,scikit-learn/scikit-learn,random,examples/calibration/plot_calibration_curve.py,examples/mixture/plot_gmm_sin.py,0,0,0,0,0,0,4
scikit-learn__scikit-learn-17443,scikit-learn/scikit-learn,random,examples/calibration/plot_calibration_curve.py,sklearn/utils/_arpack.py,0,0,0,0,0,0,3
scikit-learn__scikit-learn-17443,scikit-learn/scikit-learn,random,examples/calibration/plot_calibration_curve.py,examples/manifold/plot_t_sne_perplexity.py,0,0,0,0,0,0,2
scikit-learn__scikit-learn-17443,scikit-learn/scikit-learn,random,examples/calibration/plot_calibration_curve.py,sklearn/decomposition/_lda.py,0,0,0,1,0,0,3
scikit-learn__scikit-learn-17443,scikit-learn/scikit-learn,random,examples/calibration/plot_calibration_curve.py,examples/cluster/plot_kmeans_silhouette_analysis.py,0,0,0,0,0,0,2
scikit-learn__scikit-learn-17443,scikit-learn/scikit-learn,gold,examples/calibration/plot_compare_calibration.py,sklearn/metrics/_plot/base.py,0,0,0,0,0,0,3
scikit-learn__scikit-learn-17443,scikit-learn/scikit-learn,random,examples/calibration/plot_compare_calibration.py,sklearn/ensemble/__init__.py,0,0,1,0,0,0,1
scikit-learn__scikit-learn-17443,scikit-learn/scikit-learn,random,examples/calibration/plot_compare_calibration.py,sklearn/utils/_mocking.py,0,0,0,1,1,0,3
scikit-learn__scikit-learn-17443,scikit-learn/scikit-learn,random,examples/calibration/plot_compare_calibration.py,examples/applications/plot_species_distribution_modeling.py,0,0,0,0,0,0,2
scikit-learn__scikit-learn-17443,scikit-learn/scikit-learn,random,examples/calibration/plot_compare_calibration.py,sklearn/model_selection/_split.py,0,0,0,0,0,0,2
scikit-learn__scikit-learn-17443,scikit-learn/scikit-learn,random,examples/calibration/plot_compare_calibration.py,sklearn/neighbors/setup.py,0,0,0,0,0,0,inf
scikit-learn__scikit-learn-17443,scikit-learn/scikit-learn,random,examples/calibration/plot_compare_calibration.py,sklearn/inspection/_permutation_importance.py,0,0,0,0,0,0,3
scikit-learn__scikit-learn-17443,scikit-learn/scikit-learn,random,examples/calibration/plot_compare_calibration.py,maint_tools/check_pxd_in_installation.py,0,0,0,0,0,0,inf
scikit-learn__scikit-learn-17443,scikit-learn/scikit-learn,random,examples/calibration/plot_compare_calibration.py,sklearn/metrics/_plot/det_curve.py,0,0,0,1,1,0,3
scikit-learn__scikit-learn-17443,scikit-learn/scikit-learn,random,examples/calibration/plot_compare_calibration.py,build_tools/generate_authors_table.py,0,0,0,0,0,0,inf
scikit-learn__scikit-learn-17443,scikit-learn/scikit-learn,random,examples/calibration/plot_compare_calibration.py,doc/tutorial/text_analytics/solutions/exercise_02_sentiment.py,0,0,0,0,0,0,2
scikit-learn__scikit-learn-17443,scikit-learn/scikit-learn,gold,sklearn/calibration.py,sklearn/metrics/_plot/base.py,0,0,0,1,0,0,2
scikit-learn__scikit-learn-17443,scikit-learn/scikit-learn,random,sklearn/calibration.py,examples/decomposition/plot_ica_vs_pca.py,0,0,0,0,0,0,3
scikit-learn__scikit-learn-17443,scikit-learn/scikit-learn,random,sklearn/calibration.py,examples/classification/plot_classifier_comparison.py,0,0,0,1,1,0,2
scikit-learn__scikit-learn-17443,scikit-learn/scikit-learn,random,sklearn/calibration.py,sklearn/utils/_joblib.py,0,0,0,0,0,0,2
scikit-learn__scikit-learn-17443,scikit-learn/scikit-learn,random,sklearn/calibration.py,sklearn/ensemble/_hist_gradient_boosting/gradient_boosting.py,0,0,0,1,1,0,2
scikit-learn__scikit-learn-17443,scikit-learn/scikit-learn,random,sklearn/calibration.py,sklearn/linear_model/_base.py,0,0,0,1,1,0,2
scikit-learn__scikit-learn-17443,scikit-learn/scikit-learn,random,sklearn/calibration.py,sklearn/preprocessing/_function_transformer.py,0,0,0,1,1,0,2
scikit-learn__scikit-learn-17443,scikit-learn/scikit-learn,random,sklearn/calibration.py,benchmarks/bench_isolation_forest.py,0,0,0,0,0,0,2
scikit-learn__scikit-learn-17443,scikit-learn/scikit-learn,random,sklearn/calibration.py,examples/linear_model/plot_ols_3d.py,0,0,0,1,1,0,3
scikit-learn__scikit-learn-17443,scikit-learn/scikit-learn,random,sklearn/calibration.py,sklearn/ensemble/_hist_gradient_boosting/predictor.py,0,0,0,1,1,0,3
scikit-learn__scikit-learn-17443,scikit-learn/scikit-learn,random,sklearn/calibration.py,sklearn/exceptions.py,1,1,0,1,0,1,2
scikit-learn__scikit-learn-17443,scikit-learn/scikit-learn,gold-other,examples/calibration/plot_calibration_curve.py,examples/calibration/plot_compare_calibration.py,1,1,0,0,0,0,2
scikit-learn__scikit-learn-17443,scikit-learn/scikit-learn,gold-other,examples/calibration/plot_calibration_curve.py,sklearn/calibration.py,0,0,1,0,1,0,1
scikit-learn__scikit-learn-17443,scikit-learn/scikit-learn,gold-other,examples/calibration/plot_compare_calibration.py,examples/calibration/plot_calibration_curve.py,1,1,0,0,0,0,2
scikit-learn__scikit-learn-17443,scikit-learn/scikit-learn,gold-other,examples/calibration/plot_compare_calibration.py,sklearn/calibration.py,0,0,1,0,1,0,1
scikit-learn__scikit-learn-17443,scikit-learn/scikit-learn,gold-other,sklearn/calibration.py,examples/calibration/plot_calibration_curve.py,0,0,1,0,1,0,1
scikit-learn__scikit-learn-17443,scikit-learn/scikit-learn,gold-other,sklearn/calibration.py,examples/calibration/plot_compare_calibration.py,0,0,1,0,1,0,1
scikit-learn__scikit-learn-17443,scikit-learn/scikit-learn,gold-other,sklearn/metrics/_plot/base.py,examples/calibration/plot_calibration_curve.py,0,0,0,0,0,0,3
scikit-learn__scikit-learn-17443,scikit-learn/scikit-learn,gold-other,sklearn/metrics/_plot/base.py,examples/calibration/plot_compare_calibration.py,0,0,0,0,0,0,3
scikit-learn__scikit-learn-17443,scikit-learn/scikit-learn,gold-other,sklearn/metrics/_plot/base.py,sklearn/calibration.py,0,0,0,1,0,0,2
Qiskit__qiskit-13141,Qiskit/qiskit,gold,qiskit/transpiler/passes/synthesis/unitary_synthesis.py,qiskit/__init__.py,0,0,0,0,0,1,2
Qiskit__qiskit-13141,Qiskit/qiskit,random,qiskit/transpiler/passes/synthesis/unitary_synthesis.py,qiskit/providers/fake_provider/backends_v1/fake_5q/__init__.py,0,0,0,0,0,0,3
Qiskit__qiskit-13141,Qiskit/qiskit,random,qiskit/transpiler/passes/synthesis/unitary_synthesis.py,tools/find_stray_release_notes.py,0,0,0,0,0,0,inf
Qiskit__qiskit-13141,Qiskit/qiskit,random,qiskit/transpiler/passes/synthesis/unitary_synthesis.py,qiskit/circuit/classical/expr/constructors.py,0,0,0,1,0,0,2
Qiskit__qiskit-13141,Qiskit/qiskit,random,qiskit/transpiler/passes/synthesis/unitary_synthesis.py,qiskit/transpiler/passes/synthesis/high_level_synthesis.py,1,1,0,1,0,0,2
Qiskit__qiskit-13141,Qiskit/qiskit,random,qiskit/transpiler/passes/synthesis/unitary_synthesis.py,qiskit/transpiler/passes/optimization/normalize_rx_angle.py,0,1,0,0,0,0,2
Qiskit__qiskit-13141,Qiskit/qiskit,random,qiskit/transpiler/passes/synthesis/unitary_synthesis.py,qiskit/circuit/library/arithmetic/linear_amplitude_function.py,0,0,0,0,0,0,2
Qiskit__qiskit-13141,Qiskit/qiskit,random,qiskit/transpiler/passes/synthesis/unitary_synthesis.py,qiskit/result/distributions/quasi.py,0,0,0,0,0,0,3
Qiskit__qiskit-13141,Qiskit/qiskit,random,qiskit/transpiler/passes/synthesis/unitary_synthesis.py,qiskit/providers/basic_provider/basic_provider_job.py,0,0,0,1,0,0,3
Qiskit__qiskit-13141,Qiskit/qiskit,random,qiskit/transpiler/passes/synthesis/unitary_synthesis.py,qiskit/circuit/library/templates/nct/template_nct_6a_1.py,0,0,0,0,0,0,3
Qiskit__qiskit-13141,Qiskit/qiskit,random,qiskit/transpiler/passes/synthesis/unitary_synthesis.py,qiskit/circuit/library/templates/rzx/rzx_zz2.py,0,0,0,0,0,0,2
Qiskit__qiskit-13141,Qiskit/qiskit,gold-other,qiskit/__init__.py,qiskit/transpiler/passes/synthesis/unitary_synthesis.py,0,0,0,0,0,1,2
Happy-Algorithms-League__hal-cgp-180,Happy-Algorithms-League/hal-cgp,random,cgp/genome.py,cgp/node_validation.py,1,1,1,0,1,0,1
Happy-Algorithms-League__hal-cgp-180,Happy-Algorithms-League/hal-cgp,random,cgp/genome.py,cgp/individual.py,1,1,1,0,1,1,1
Happy-Algorithms-League__hal-cgp-180,Happy-Algorithms-League/hal-cgp,random,cgp/genome.py,cgp/cartesian_graph.py,1,1,1,0,1,0,1
Happy-Algorithms-League__hal-cgp-180,Happy-Algorithms-League/hal-cgp,random,cgp/genome.py,cgp/primitives.py,1,1,1,0,1,0,1
Happy-Algorithms-League__hal-cgp-180,Happy-Algorithms-League/hal-cgp,random,cgp/genome.py,setup.py,0,0,0,0,0,0,inf
Happy-Algorithms-League__hal-cgp-180,Happy-Algorithms-League/hal-cgp,random,cgp/genome.py,cgp/node_impl.py,1,1,0,1,0,0,2
Happy-Algorithms-League__hal-cgp-180,Happy-Algorithms-League/hal-cgp,random,cgp/genome.py,cgp/node_input_output.py,1,1,0,0,0,0,2
Happy-Algorithms-League__hal-cgp-180,Happy-Algorithms-League/hal-cgp,random,cgp/genome.py,cgp/ea/mu_plus_lambda.py,0,0,0,1,1,0,2
Happy-Algorithms-League__hal-cgp-180,Happy-Algorithms-League/hal-cgp,random,cgp/genome.py,cgp/__init__.py,1,1,1,0,0,1,1
Happy-Algorithms-League__hal-cgp-180,Happy-Algorithms-League/hal-cgp,random,cgp/genome.py,examples/example_differential_evo_regression.py,0,0,0,1,0,0,2
Happy-Algorithms-League__hal-cgp-180,Happy-Algorithms-League/hal-cgp,random,cgp/population.py,cgp/ea/__init__.py,0,0,0,0,0,0,2
Happy-Algorithms-League__hal-cgp-180,Happy-Algorithms-League/hal-cgp,random,cgp/population.py,cgp/local_search/__init__.py,0,0,0,0,0,0,2
Happy-Algorithms-League__hal-cgp-180,Happy-Algorithms-League/hal-cgp,random,cgp/population.py,cgp/cartesian_graph.py,1,1,0,0,0,0,2
Happy-Algorithms-League__hal-cgp-180,Happy-Algorithms-League/hal-cgp,random,cgp/population.py,cgp/utils.py,1,1,0,0,0,0,2
Happy-Algorithms-League__hal-cgp-180,Happy-Algorithms-League/hal-cgp,random,cgp/population.py,cgp/ea/mu_plus_lambda.py,0,0,1,0,1,0,1
Happy-Algorithms-League__hal-cgp-180,Happy-Algorithms-League/hal-cgp,random,cgp/population.py,cgp/node.py,1,1,0,0,0,0,2
Happy-Algorithms-League__hal-cgp-180,Happy-Algorithms-League/hal-cgp,random,cgp/population.py,examples/example_differential_evo_regression.py,0,0,0,1,1,0,2
Happy-Algorithms-League__hal-cgp-180,Happy-Algorithms-League/hal-cgp,random,cgp/population.py,cgp/individual.py,1,1,1,0,1,0,1
Happy-Algorithms-League__hal-cgp-180,Happy-Algorithms-League/hal-cgp,random,cgp/population.py,docs/conf.py,0,0,0,0,0,0,inf
Happy-Algorithms-League__hal-cgp-180,Happy-Algorithms-League/hal-cgp,random,cgp/population.py,cgp/__init__.py,1,1,1,0,0,0,1
Happy-Algorithms-League__hal-cgp-180,Happy-Algorithms-League/hal-cgp,gold-other,cgp/genome.py,cgp/population.py,1,1,1,0,1,0,1
Happy-Algorithms-League__hal-cgp-180,Happy-Algorithms-League/hal-cgp,gold-other,cgp/population.py,cgp/genome.py,1,1,1,0,1,0,1
sgkit-dev__sgkit-447,sgkit-dev/sgkit,gold,sgkit/distance/api.py,sgkit/distance/metrics.py,1,1,1,0,0,0,1
sgkit-dev__sgkit-447,sgkit-dev/sgkit,random,sgkit/distance/api.py,sgkit/stats/pc_relate.py,0,0,0,0,0,0,2
sgkit-dev__sgkit-447,sgkit-dev/sgkit,random,sgkit/distance/api.py,validation/gwas/method/regenie/hail_sim.py,0,0,0,0,0,0,inf
sgkit-dev__sgkit-447,sgkit-dev/sgkit,random,sgkit/distance/api.py,sgkit/stats/preprocessing.py,0,0,0,0,0,0,2
sgkit-dev__sgkit-447,sgkit-dev/sgkit,random,sgkit/distance/api.py,sgkit/io/dataset.py,0,0,0,0,0,0,2
sgkit-dev__sgkit-447,sgkit-dev/sgkit,random,sgkit/distance/api.py,sgkit/stats/conversion.py,0,0,0,0,0,0,2
sgkit-dev__sgkit-447,sgkit-dev/sgkit,random,sgkit/distance/api.py,validation/gwas/method/regenie/glow_wgr.py,0,0,0,0,0,0,inf
sgkit-dev__sgkit-447,sgkit-dev/sgkit,random,sgkit/distance/api.py,sgkit/io/vcf/tbi.py,0,0,0,0,0,0,2
sgkit-dev__sgkit-447,sgkit-dev/sgkit,random,sgkit/distance/api.py,sgkit/io/vcfzarr_reader.py,0,0,0,0,0,0,2
sgkit-dev__sgkit-447,sgkit-dev/sgkit,random,sgkit/distance/api.py,sgkit/io/bgen/__init__.py,0,0,0,0,0,0,3
sgkit-dev__sgkit-447,sgkit-dev/sgkit,random,sgkit/distance/api.py,sgkit/utils.py,0,0,0,0,0,0,2
sgkit-dev__sgkit-447,sgkit-dev/sgkit,gold-other,sgkit/distance/metrics.py,sgkit/distance/api.py,1,1,1,0,0,0,1
Ouranosinc__xclim-477,Ouranosinc/xclim,gold,xclim/sdba/adjustment.py,xclim/sdba/detrending.py,1,1,1,0,1,0,1
Ouranosinc__xclim-477,Ouranosinc/xclim,random,xclim/sdba/adjustment.py,xclim/__init__.py,0,0,0,0,0,0,2
Ouranosinc__xclim-477,Ouranosinc/xclim,random,xclim/sdba/adjustment.py,xclim/indices/_conversion.py,0,0,0,0,0,0,4
Ouranosinc__xclim-477,Ouranosinc/xclim,random,xclim/sdba/adjustment.py,xclim/indices/_multivariate.py,0,0,0,0,0,0,2
Ouranosinc__xclim-477,Ouranosinc/xclim,random,xclim/sdba/adjustment.py,xclim/core/options.py,0,0,0,1,1,0,3
Ouranosinc__xclim-477,Ouranosinc/xclim,random,xclim/sdba/adjustment.py,xclim/core/checks.py,0,0,0,0,0,0,3
Ouranosinc__xclim-477,Ouranosinc/xclim,random,xclim/sdba/adjustment.py,xclim/indices/run_length.py,0,0,0,0,0,0,3
Ouranosinc__xclim-477,Ouranosinc/xclim,random,xclim/sdba/adjustment.py,xclim/core/formatting.py,0,0,1,0,1,0,1
Ouranosinc__xclim-477,Ouranosinc/xclim,random,xclim/sdba/adjustment.py,xclim/indices/_threshold.py,0,0,0,0,0,0,4
Ouranosinc__xclim-477,Ouranosinc/xclim,random,xclim/sdba/adjustment.py,xclim/indicators/land/_streamflow.py,0,0,0,0,0,0,3
Ouranosinc__xclim-477,Ouranosinc/xclim,random,xclim/sdba/adjustment.py,xclim/indices/__init__.py,0,0,0,0,0,0,3
Ouranosinc__xclim-477,Ouranosinc/xclim,gold,xclim/sdba/base.py,xclim/sdba/detrending.py,1,1,1,0,1,0,1
Ouranosinc__xclim-477,Ouranosinc/xclim,random,xclim/sdba/base.py,xclim/core/locales.py,0,0,0,1,1,0,3
Ouranosinc__xclim-477,Ouranosinc/xclim,random,xclim/sdba/base.py,xclim/indicators/seaIce/__init__.py,0,0,0,0,0,0,4
Ouranosinc__xclim-477,Ouranosinc/xclim,random,xclim/sdba/base.py,xclim/indices/_simple.py,0,0,0,1,0,0,4
Ouranosinc__xclim-477,Ouranosinc/xclim,random,xclim/sdba/base.py,xclim/__init__.py,0,0,0,0,0,0,3
Ouranosinc__xclim-477,Ouranosinc/xclim,random,xclim/sdba/base.py,xclim/locales/__init__.py,0,0,0,1,1,0,4
Ouranosinc__xclim-477,Ouranosinc/xclim,random,xclim/sdba/base.py,xclim/core/options.py,0,0,0,1,0,0,3
Ouranosinc__xclim-477,Ouranosinc/xclim,random,xclim/sdba/base.py,xclim/indicators/atmos/_precip.py,0,0,0,0,0,0,3
Ouranosinc__xclim-477,Ouranosinc/xclim,random,xclim/sdba/base.py,xclim/indicators/land/__init__.py,0,0,0,0,0,0,4
Ouranosinc__xclim-477,Ouranosinc/xclim,random,xclim/sdba/base.py,docs/conf.py,0,0,0,1,0,0,4
Ouranosinc__xclim-477,Ouranosinc/xclim,random,xclim/sdba/base.py,xclim/core/checks.py,0,0,0,1,0,0,3
Ouranosinc__xclim-477,Ouranosinc/xclim,gold,xclim/sdba/processing.py,xclim/sdba/detrending.py,1,1,0,0,0,0,2
Ouranosinc__xclim-477,Ouranosinc/xclim,random,xclim/sdba/processing.py,xclim/indicators/land/_streamflow.py,0,0,0,0,0,0,3
Ouranosinc__xclim-477,Ouranosinc/xclim,random,xclim/sdba/processing.py,xclim/core/calendar.py,0,0,0,0,0,0,2
Ouranosinc__xclim-477,Ouranosinc/xclim,random,xclim/sdba/processing.py,xclim/__init__.py,0,0,0,0,0,0,3
Ouranosinc__xclim-477,Ouranosinc/xclim,random,xclim/sdba/processing.py,xclim/indicators/atmos/_conversion.py,0,0,0,0,0,0,3
Ouranosinc__xclim-477,Ouranosinc/xclim,random,xclim/sdba/processing.py,xclim/core/checks.py,0,0,0,0,0,0,3
Ouranosinc__xclim-477,Ouranosinc/xclim,random,xclim/sdba/processing.py,xclim/indicators/seaIce/__init__.py,0,0,0,0,0,0,4
Ouranosinc__xclim-477,Ouranosinc/xclim,random,xclim/sdba/processing.py,xclim/core/formatting.py,0,0,0,0,0,0,2
Ouranosinc__xclim-477,Ouranosinc/xclim,random,xclim/sdba/processing.py,xclim/core/options.py,0,0,0,1,1,0,3
Ouranosinc__xclim-477,Ouranosinc/xclim,random,xclim/sdba/processing.py,xclim/indices/generic.py,0,0,0,0,0,0,4
Ouranosinc__xclim-477,Ouranosinc/xclim,random,xclim/sdba/processing.py,xclim/indicators/atmos/_temperature.py,0,0,0,0,0,0,4
Ouranosinc__xclim-477,Ouranosinc/xclim,gold,xclim/sdba/utils.py,xclim/sdba/detrending.py,1,1,1,0,1,0,1
Ouranosinc__xclim-477,Ouranosinc/xclim,random,xclim/sdba/utils.py,xclim/indicators/seaIce/__init__.py,0,0,0,0,0,0,4
Ouranosinc__xclim-477,Ouranosinc/xclim,random,xclim/sdba/utils.py,xclim/indices/_conversion.py,0,0,0,0,0,0,3
Ouranosinc__xclim-477,Ouranosinc/xclim,random,xclim/sdba/utils.py,xclim/core/locales.py,0,0,0,0,0,0,3
Ouranosinc__xclim-477,Ouranosinc/xclim,random,xclim/sdba/utils.py,xclim/indicators/seaIce/_seaice.py,0,0,0,1,0,0,3
Ouranosinc__xclim-477,Ouranosinc/xclim,random,xclim/sdba/utils.py,xclim/core/__init__.py,0,0,0,0,0,0,inf
Ouranosinc__xclim-477,Ouranosinc/xclim,random,xclim/sdba/utils.py,xclim/core/indicator.py,0,0,0,1,0,0,3
Ouranosinc__xclim-477,Ouranosinc/xclim,random,xclim/sdba/utils.py,setup.py,0,0,0,0,0,0,inf
Ouranosinc__xclim-477,Ouranosinc/xclim,random,xclim/sdba/utils.py,xclim/core/options.py,0,0,0,1,1,0,2
Ouranosinc__xclim-477,Ouranosinc/xclim,random,xclim/sdba/utils.py,xclim/core/utils.py,0,0,1,0,1,0,1
Ouranosinc__xclim-477,Ouranosinc/xclim,random,xclim/sdba/utils.py,xclim/ensembles.py,0,0,0,0,0,0,2
Ouranosinc__xclim-477,Ouranosinc/xclim,gold-other,xclim/sdba/adjustment.py,xclim/sdba/base.py,1,1,1,0,1,1,1
Ouranosinc__xclim-477,Ouranosinc/xclim,gold-other,xclim/sdba/adjustment.py,xclim/sdba/processing.py,1,1,1,0,1,1,1
Ouranosinc__xclim-477,Ouranosinc/xclim,gold-other,xclim/sdba/adjustment.py,xclim/sdba/utils.py,1,1,1,0,1,1,1
Ouranosinc__xclim-477,Ouranosinc/xclim,gold-other,xclim/sdba/base.py,xclim/sdba/adjustment.py,1,1,1,0,1,1,1
Ouranosinc__xclim-477,Ouranosinc/xclim,gold-other,xclim/sdba/base.py,xclim/sdba/processing.py,1,1,1,0,1,1,1
Ouranosinc__xclim-477,Ouranosinc/xclim,gold-other,xclim/sdba/base.py,xclim/sdba/utils.py,1,1,1,0,1,1,1
Ouranosinc__xclim-477,Ouranosinc/xclim,gold-other,xclim/sdba/detrending.py,xclim/sdba/adjustment.py,1,1,1,0,1,0,1
Ouranosinc__xclim-477,Ouranosinc/xclim,gold-other,xclim/sdba/detrending.py,xclim/sdba/base.py,1,1,1,0,1,0,1
Ouranosinc__xclim-477,Ouranosinc/xclim,gold-other,xclim/sdba/detrending.py,xclim/sdba/processing.py,1,1,0,0,0,0,2
Ouranosinc__xclim-477,Ouranosinc/xclim,gold-other,xclim/sdba/detrending.py,xclim/sdba/utils.py,1,1,1,0,1,0,1
Ouranosinc__xclim-477,Ouranosinc/xclim,gold-other,xclim/sdba/processing.py,xclim/sdba/adjustment.py,1,1,1,0,1,1,1
Ouranosinc__xclim-477,Ouranosinc/xclim,gold-other,xclim/sdba/processing.py,xclim/sdba/base.py,1,1,1,0,1,1,1
Ouranosinc__xclim-477,Ouranosinc/xclim,gold-other,xclim/sdba/processing.py,xclim/sdba/utils.py,1,1,1,0,1,0,1
Ouranosinc__xclim-477,Ouranosinc/xclim,gold-other,xclim/sdba/utils.py,xclim/sdba/adjustment.py,1,1,1,0,1,1,1
Ouranosinc__xclim-477,Ouranosinc/xclim,gold-other,xclim/sdba/utils.py,xclim/sdba/base.py,1,1,1,0,1,1,1
Ouranosinc__xclim-477,Ouranosinc/xclim,gold-other,xclim/sdba/utils.py,xclim/sdba/processing.py,1,1,1,0,1,0,1
scikit-learn__scikit-learn-10280,scikit-learn/scikit-learn,gold,sklearn/metrics/pairwise.py,sklearn/_config.py,0,0,0,0,0,0,2
scikit-learn__scikit-learn-10280,scikit-learn/scikit-learn,gold,sklearn/metrics/pairwise.py,sklearn/metrics/__init__.py,1,1,1,0,0,1,1
scikit-learn__scikit-learn-10280,scikit-learn/scikit-learn,gold,sklearn/metrics/pairwise.py,sklearn/neighbors/classification.py,0,0,0,0,0,0,2
scikit-learn__scikit-learn-10280,scikit-learn/scikit-learn,gold,sklearn/metrics/pairwise.py,sklearn/utils/__init__.py,0,0,1,0,1,1,1
scikit-learn__scikit-learn-10280,scikit-learn/scikit-learn,random,sklearn/metrics/pairwise.py,sklearn/metrics/cluster/unsupervised.py,0,1,1,0,1,1,1
scikit-learn__scikit-learn-10280,scikit-learn/scikit-learn,random,sklearn/metrics/pairwise.py,doc/tutorial/text_analytics/data/languages/fetch_data.py,0,0,0,0,0,0,inf
scikit-learn__scikit-learn-10280,scikit-learn/scikit-learn,random,sklearn/metrics/pairwise.py,sklearn/pipeline.py,0,0,0,0,0,1,2
scikit-learn__scikit-learn-10280,scikit-learn/scikit-learn,random,sklearn/metrics/pairwise.py,sklearn/random_projection.py,0,0,0,0,0,1,2
scikit-learn__scikit-learn-10280,scikit-learn/scikit-learn,random,sklearn/metrics/pairwise.py,examples/cluster/plot_cluster_iris.py,0,0,0,0,0,0,2
scikit-learn__scikit-learn-10280,scikit-learn/scikit-learn,random,sklearn/metrics/pairwise.py,examples/linear_model/plot_lasso_coordinate_descent_path.py,0,0,0,0,0,0,3
scikit-learn__scikit-learn-10280,scikit-learn/scikit-learn,random,sklearn/metrics/pairwise.py,sklearn/neighbors/setup.py,0,0,0,0,0,0,inf
scikit-learn__scikit-learn-10280,scikit-learn/scikit-learn,random,sklearn/metrics/pairwise.py,examples/ensemble/plot_random_forest_embedding.py,0,0,0,0,0,0,3
scikit-learn__scikit-learn-10280,scikit-learn/scikit-learn,random,sklearn/metrics/pairwise.py,sklearn/ensemble/partial_dependence.py,0,0,0,0,0,0,2
scikit-learn__scikit-learn-10280,scikit-learn/scikit-learn,random,sklearn/metrics/pairwise.py,sklearn/linear_model/coordinate_descent.py,0,0,0,0,0,1,2
scikit-learn__scikit-learn-10280,scikit-learn/scikit-learn,gold-other,sklearn/_config.py,sklearn/metrics/__init__.py,0,0,0,0,0,0,3
scikit-learn__scikit-learn-10280,scikit-learn/scikit-learn,gold-other,sklearn/_config.py,sklearn/metrics/pairwise.py,0,0,0,0,0,0,2
scikit-learn__scikit-learn-10280,scikit-learn/scikit-learn,gold-other,sklearn/_config.py,sklearn/neighbors/classification.py,0,0,0,0,0,0,2
scikit-learn__scikit-learn-10280,scikit-learn/scikit-learn,gold-other,sklearn/_config.py,sklearn/utils/__init__.py,0,0,0,0,0,0,2
scikit-learn__scikit-learn-10280,scikit-learn/scikit-learn,gold-other,sklearn/metrics/__init__.py,sklearn/_config.py,0,0,0,0,0,0,3
scikit-learn__scikit-learn-10280,scikit-learn/scikit-learn,gold-other,sklearn/metrics/__init__.py,sklearn/metrics/pairwise.py,1,1,1,0,0,1,1
scikit-learn__scikit-learn-10280,scikit-learn/scikit-learn,gold-other,sklearn/metrics/__init__.py,sklearn/neighbors/classification.py,0,0,0,0,0,1,2
scikit-learn__scikit-learn-10280,scikit-learn/scikit-learn,gold-other,sklearn/metrics/__init__.py,sklearn/utils/__init__.py,0,0,0,0,0,1,2
scikit-learn__scikit-learn-10280,scikit-learn/scikit-learn,gold-other,sklearn/neighbors/classification.py,sklearn/_config.py,0,0,0,0,0,0,2
scikit-learn__scikit-learn-10280,scikit-learn/scikit-learn,gold-other,sklearn/neighbors/classification.py,sklearn/metrics/__init__.py,0,0,0,0,0,1,2
scikit-learn__scikit-learn-10280,scikit-learn/scikit-learn,gold-other,sklearn/neighbors/classification.py,sklearn/metrics/pairwise.py,0,0,0,0,0,0,2
scikit-learn__scikit-learn-10280,scikit-learn/scikit-learn,gold-other,sklearn/neighbors/classification.py,sklearn/utils/__init__.py,0,0,1,0,0,1,1
scikit-learn__scikit-learn-10280,scikit-learn/scikit-learn,gold-other,sklearn/utils/__init__.py,sklearn/_config.py,0,0,0,0,0,0,2
scikit-learn__scikit-learn-10280,scikit-learn/scikit-learn,gold-other,sklearn/utils/__init__.py,sklearn/metrics/__init__.py,0,0,0,0,0,1,2
scikit-learn__scikit-learn-10280,scikit-learn/scikit-learn,gold-other,sklearn/utils/__init__.py,sklearn/metrics/pairwise.py,0,0,1,0,1,1,1
scikit-learn__scikit-learn-10280,scikit-learn/scikit-learn,gold-other,sklearn/utils/__init__.py,sklearn/neighbors/classification.py,0,0,1,0,0,1,1
pandas-dev__pandas-22762,pandas-dev/pandas,gold,pandas/core/arrays/categorical.py,pandas/core/arrays/base.py,1,1,1,0,1,0,1
pandas-dev__pandas-22762,pandas-dev/pandas,gold,pandas/core/arrays/categorical.py,pandas/core/arrays/integer.py,1,1,0,1,1,0,2
pandas-dev__pandas-22762,pandas-dev/pandas,random,pandas/core/arrays/categorical.py,asv_bench/benchmarks/algorithms.py,0,0,0,1,1,0,2
pandas-dev__pandas-22762,pandas-dev/pandas,random,pandas/core/arrays/categorical.py,pandas/plotting/_tools.py,0,0,0,1,1,0,2
pandas-dev__pandas-22762,pandas-dev/pandas,random,pandas/core/arrays/categorical.py,pandas/core/reshape/reshape.py,0,1,1,0,1,0,1
pandas-dev__pandas-22762,pandas-dev/pandas,random,pandas/core/arrays/categorical.py,pandas/io/excel.py,0,0,0,1,1,0,2
pandas-dev__pandas-22762,pandas-dev/pandas,random,pandas/core/arrays/categorical.py,pandas/core/api.py,0,1,1,0,0,0,1
pandas-dev__pandas-22762,pandas-dev/pandas,random,pandas/core/arrays/categorical.py,asv_bench/benchmarks/__init__.py,0,0,0,0,0,0,inf
pandas-dev__pandas-22762,pandas-dev/pandas,random,pandas/core/arrays/categorical.py,asv_bench/benchmarks/join_merge.py,0,0,0,1,1,0,2
pandas-dev__pandas-22762,pandas-dev/pandas,random,pandas/core/arrays/categorical.py,asv_bench/benchmarks/categoricals.py,0,0,0,1,1,0,2
pandas-dev__pandas-22762,pandas-dev/pandas,random,pandas/core/arrays/categorical.py,doc/sphinxext/numpydoc/numpydoc.py,0,0,0,0,0,0,5
pandas-dev__pandas-22762,pandas-dev/pandas,random,pandas/core/arrays/categorical.py,pandas/core/internals/blocks.py,0,1,1,0,1,0,1
pandas-dev__pandas-22762,pandas-dev/pandas,gold,pandas/core/series.py,pandas/core/arrays/base.py,0,1,1,0,1,0,1
pandas-dev__pandas-22762,pandas-dev/pandas,gold,pandas/core/series.py,pandas/core/arrays/integer.py,0,1,0,1,1,0,2
pandas-dev__pandas-22762,pandas-dev/pandas,random,pandas/core/series.py,pandas/core/nanops.py,1,1,1,0,1,0,1
pandas-dev__pandas-22762,pandas-dev/pandas,random,pandas/core/series.py,pandas/plotting/_timeseries.py,0,0,0,1,1,0,2
pandas-dev__pandas-22762,pandas-dev/pandas,random,pandas/core/series.py,pandas/io/clipboard/__init__.py,0,0,0,1,0,0,3
pandas-dev__pandas-22762,pandas-dev/pandas,random,pandas/core/series.py,pandas/core/sparse/scipy_sparse.py,0,1,1,0,1,0,1
pandas-dev__pandas-22762,pandas-dev/pandas,random,pandas/core/series.py,pandas/core/dtypes/generic.py,0,1,1,0,0,0,1
pandas-dev__pandas-22762,pandas-dev/pandas,random,pandas/core/series.py,pandas/core/api.py,1,1,1,0,0,0,1
pandas-dev__pandas-22762,pandas-dev/pandas,random,pandas/core/series.py,asv_bench/benchmarks/io/msgpack.py,0,0,0,0,0,0,3
pandas-dev__pandas-22762,pandas-dev/pandas,random,pandas/core/series.py,pandas/core/sparse/array.py,0,1,0,1,1,0,2
pandas-dev__pandas-22762,pandas-dev/pandas,random,pandas/core/series.py,pandas/core/indexes/frozen.py,0,1,0,1,1,0,2
pandas-dev__pandas-22762,pandas-dev/pandas,random,pandas/core/series.py,pandas/core/algorithms.py,1,1,1,0,1,0,1
pandas-dev__pandas-22762,pandas-dev/pandas,gold-other,pandas/core/arrays/base.py,pandas/core/arrays/categorical.py,1,1,1,0,1,0,1
pandas-dev__pandas-22762,pandas-dev/pandas,gold-other,pandas/core/arrays/base.py,pandas/core/arrays/integer.py,1,1,1,0,1,0,1
pandas-dev__pandas-22762,pandas-dev/pandas,gold-other,pandas/core/arrays/base.py,pandas/core/series.py,0,1,1,0,1,0,1
pandas-dev__pandas-22762,pandas-dev/pandas,gold-other,pandas/core/arrays/categorical.py,pandas/core/series.py,0,1,1,0,1,0,1
pandas-dev__pandas-22762,pandas-dev/pandas,gold-other,pandas/core/arrays/integer.py,pandas/core/arrays/base.py,1,1,1,0,1,0,1
pandas-dev__pandas-22762,pandas-dev/pandas,gold-other,pandas/core/arrays/integer.py,pandas/core/arrays/categorical.py,1,1,0,1,1,0,2
pandas-dev__pandas-22762,pandas-dev/pandas,gold-other,pandas/core/arrays/integer.py,pandas/core/series.py,0,1,0,1,1,0,2
pandas-dev__pandas-22762,pandas-dev/pandas,gold-other,pandas/core/series.py,pandas/core/arrays/categorical.py,0,1,1,0,1,0,1
scikit-learn__scikit-learn-23197,scikit-learn/scikit-learn,gold,sklearn/utils/validation.py,sklearn/utils/setup.py,1,1,0,0,0,0,3
scikit-learn__scikit-learn-23197,scikit-learn/scikit-learn,random,sklearn/utils/validation.py,examples/svm/plot_separating_hyperplane_unbalanced.py,0,0,0,0,0,0,2
scikit-learn__scikit-learn-23197,scikit-learn/scikit-learn,random,sklearn/utils/validation.py,examples/linear_model/plot_sgd_early_stopping.py,0,0,0,0,0,0,2
scikit-learn__scikit-learn-23197,scikit-learn/scikit-learn,random,sklearn/utils/validation.py,sklearn/utils/_arpack.py,1,1,1,0,1,1,1
scikit-learn__scikit-learn-23197,scikit-learn/scikit-learn,random,sklearn/utils/validation.py,sklearn/covariance/_robust_covariance.py,0,0,1,0,1,0,1
scikit-learn__scikit-learn-23197,scikit-learn/scikit-learn,random,sklearn/utils/validation.py,sklearn/externals/_packaging/version.py,0,0,0,1,0,0,2
scikit-learn__scikit-learn-23197,scikit-learn/scikit-learn,random,sklearn/utils/validation.py,sklearn/utils/fixes.py,1,1,1,0,1,1,1
scikit-learn__scikit-learn-23197,scikit-learn/scikit-learn,random,sklearn/utils/validation.py,sklearn/linear_model/_huber.py,0,0,1,0,1,0,1
scikit-learn__scikit-learn-23197,scikit-learn/scikit-learn,random,sklearn/utils/validation.py,examples/linear_model/plot_sgd_loss_functions.py,0,0,0,0,0,0,inf
scikit-learn__scikit-learn-23197,scikit-learn/scikit-learn,random,sklearn/utils/validation.py,sklearn/neighbors/_base.py,0,0,1,0,1,1,1
scikit-learn__scikit-learn-23197,scikit-learn/scikit-learn,random,sklearn/utils/validation.py,benchmarks/bench_multilabel_metrics.py,0,0,0,0,0,0,2
scikit-learn__scikit-learn-23197,scikit-learn/scikit-learn,gold-other,sklearn/utils/setup.py,sklearn/utils/validation.py,1,1,0,0,0,0,3
pandas-dev__pandas-18330,pandas-dev/pandas,random,pandas/core/generic.py,asv_bench/benchmarks/join_merge.py,0,0,0,1,1,0,2
pandas-dev__pandas-18330,pandas-dev/pandas,random,pandas/core/generic.py,pandas/io/formats/printing.py,0,0,1,0,1,0,1
pandas-dev__pandas-18330,pandas-dev/pandas,random,pandas/core/generic.py,pandas/core/computation/align.py,0,1,0,1,1,0,2
pandas-dev__pandas-18330,pandas-dev/pandas,random,pandas/core/generic.py,pandas/core/groupby.py,1,1,1,0,1,0,1
pandas-dev__pandas-18330,pandas-dev/pandas,random,pandas/core/generic.py,pandas/core/tools/timedeltas.py,0,1,0,1,1,0,2
pandas-dev__pandas-18330,pandas-dev/pandas,random,pandas/core/generic.py,asv_bench/benchmarks/rolling.py,0,0,0,1,0,0,2
pandas-dev__pandas-18330,pandas-dev/pandas,random,pandas/core/generic.py,pandas/util/_decorators.py,0,0,1,0,1,0,1
pandas-dev__pandas-18330,pandas-dev/pandas,random,pandas/core/generic.py,pandas/core/accessor.py,1,1,0,1,1,0,2
pandas-dev__pandas-18330,pandas-dev/pandas,random,pandas/core/generic.py,pandas/io/__init__.py,0,0,0,0,0,0,inf
pandas-dev__pandas-18330,pandas-dev/pandas,random,pandas/core/generic.py,pandas/core/indexes/timedeltas.py,0,1,0,1,1,0,2
pandas-dev__pandas-18330,pandas-dev/pandas,random,pandas/core/reshape/reshape.py,pandas/core/indexes/numeric.py,0,1,0,1,1,0,2
pandas-dev__pandas-18330,pandas-dev/pandas,random,pandas/core/reshape/reshape.py,pandas/core/index.py,0,1,1,0,0,0,1
pandas-dev__pandas-18330,pandas-dev/pandas,random,pandas/core/reshape/reshape.py,pandas/core/config_init.py,0,1,0,0,0,0,2
pandas-dev__pandas-18330,pandas-dev/pandas,random,pandas/core/reshape/reshape.py,asv_bench/benchmarks/timedelta.py,0,0,0,0,0,0,3
pandas-dev__pandas-18330,pandas-dev/pandas,random,pandas/core/reshape/reshape.py,pandas/core/dtypes/concat.py,0,1,0,0,0,0,2
pandas-dev__pandas-18330,pandas-dev/pandas,random,pandas/core/reshape/reshape.py,doc/sphinxext/numpydoc/docscrape.py,0,0,0,1,0,0,inf
pandas-dev__pandas-18330,pandas-dev/pandas,random,pandas/core/reshape/reshape.py,pandas/core/indexes/frozen.py,0,1,0,1,1,0,2
pandas-dev__pandas-18330,pandas-dev/pandas,random,pandas/core/reshape/reshape.py,pandas/core/tools/numeric.py,0,1,0,0,0,0,2
pandas-dev__pandas-18330,pandas-dev/pandas,random,pandas/core/reshape/reshape.py,asv_bench/benchmarks/attrs_caching.py,0,0,0,0,0,0,3
pandas-dev__pandas-18330,pandas-dev/pandas,random,pandas/core/reshape/reshape.py,scripts/api_rst_coverage.py,0,0,0,0,0,0,3
pandas-dev__pandas-18330,pandas-dev/pandas,gold-other,pandas/core/generic.py,pandas/core/reshape/reshape.py,0,1,0,1,1,0,2
pandas-dev__pandas-18330,pandas-dev/pandas,gold-other,pandas/core/reshape/reshape.py,pandas/core/generic.py,0,1,0,1,1,0,2
scikit-learn__scikit-learn-11179,scikit-learn/scikit-learn,random,sklearn/metrics/__init__.py,sklearn/decomposition/fastica_.py,0,0,0,0,0,0,2
scikit-learn__scikit-learn-11179,scikit-learn/scikit-learn,random,sklearn/metrics/__init__.py,sklearn/model_selection/_validation.py,0,0,0,0,0,1,2
scikit-learn__scikit-learn-11179,scikit-learn/scikit-learn,random,sklearn/metrics/__init__.py,examples/text/plot_document_classification_20newsgroups.py,0,0,1,0,0,0,1
scikit-learn__scikit-learn-11179,scikit-learn/scikit-learn,random,sklearn/metrics/__init__.py,sklearn/externals/joblib/externals/loky/backend/compat.py,0,0,0,0,0,0,5
scikit-learn__scikit-learn-11179,scikit-learn/scikit-learn,random,sklearn/metrics/__init__.py,examples/ensemble/plot_bias_variance.py,0,0,0,0,0,0,2
scikit-learn__scikit-learn-11179,scikit-learn/scikit-learn,random,sklearn/metrics/__init__.py,examples/neighbors/plot_digits_kde_sampling.py,0,0,0,0,0,0,3
scikit-learn__scikit-learn-11179,scikit-learn/scikit-learn,random,sklearn/metrics/__init__.py,examples/linear_model/plot_sparse_logistic_regression_20newsgroups.py,0,0,0,0,0,0,2
scikit-learn__scikit-learn-11179,scikit-learn/scikit-learn,random,sklearn/metrics/__init__.py,examples/covariance/plot_mahalanobis_distances.py,0,0,0,0,0,0,3
scikit-learn__scikit-learn-11179,scikit-learn/scikit-learn,random,sklearn/metrics/__init__.py,examples/gaussian_process/plot_gpc_xor.py,0,0,0,0,0,0,3
scikit-learn__scikit-learn-11179,scikit-learn/scikit-learn,random,sklearn/metrics/__init__.py,examples/neural_networks/plot_rbm_logistic_classification.py,0,0,1,0,0,0,1
scikit-learn__scikit-learn-11179,scikit-learn/scikit-learn,random,sklearn/metrics/classification.py,sklearn/discriminant_analysis.py,0,0,0,1,1,0,2
scikit-learn__scikit-learn-11179,scikit-learn/scikit-learn,random,sklearn/metrics/classification.py,sklearn/utils/linear_assignment_.py,0,0,0,0,0,0,3
scikit-learn__scikit-learn-11179,scikit-learn/scikit-learn,random,sklearn/metrics/classification.py,sklearn/utils/setup.py,0,0,0,0,0,0,5
scikit-learn__scikit-learn-11179,scikit-learn/scikit-learn,random,sklearn/metrics/classification.py,examples/ensemble/plot_gradient_boosting_regression.py,0,0,0,0,0,0,2
scikit-learn__scikit-learn-11179,scikit-learn/scikit-learn,random,sklearn/metrics/classification.py,examples/covariance/plot_mahalanobis_distances.py,0,0,0,0,0,0,3
scikit-learn__scikit-learn-11179,scikit-learn/scikit-learn,random,sklearn/metrics/classification.py,examples/datasets/plot_random_multilabel_dataset.py,0,0,0,0,0,0,3
scikit-learn__scikit-learn-11179,scikit-learn/scikit-learn,random,sklearn/metrics/classification.py,sklearn/datasets/lfw.py,0,0,0,0,0,0,2
scikit-learn__scikit-learn-11179,scikit-learn/scikit-learn,random,sklearn/metrics/classification.py,sklearn/metrics/scorer.py,1,1,1,0,0,1,1
scikit-learn__scikit-learn-11179,scikit-learn/scikit-learn,random,sklearn/metrics/classification.py,sklearn/tree/setup.py,0,0,0,0,0,0,inf
scikit-learn__scikit-learn-11179,scikit-learn/scikit-learn,random,sklearn/metrics/classification.py,examples/classification/plot_classifier_comparison.py,0,0,0,0,0,0,2
scikit-learn__scikit-learn-11179,scikit-learn/scikit-learn,gold-other,sklearn/metrics/__init__.py,sklearn/metrics/classification.py,1,1,1,0,0,1,1
scikit-learn__scikit-learn-11179,scikit-learn/scikit-learn,gold-other,sklearn/metrics/classification.py,sklearn/metrics/__init__.py,1,1,1,0,0,1,1
django__django-6478,django/django,gold-other,django/db/backends/oracle/compiler.py,django/db/models/__init__.py,0,1,0,0,0,0,3
django__django-6478,django/django,gold-other,django/db/backends/oracle/compiler.py,django/db/models/expressions.py,0,1,0,1,1,0,2
django__django-6478,django/django,gold-other,django/db/models/__init__.py,django/db/backends/oracle/compiler.py,0,1,0,0,0,0,3
django__django-6478,django/django,gold-other,django/db/models/__init__.py,django/db/models/expressions.py,1,1,1,0,0,1,1
django__django-6478,django/django,gold-other,django/db/models/expressions.py,django/db/backends/oracle/compiler.py,0,1,0,1,1,0,2
django__django-6478,django/django,gold-other,django/db/models/expressions.py,django/db/models/__init__.py,1,1,1,0,0,1,1
oppia__oppia-14784,oppia/oppia,gold-other,core/domain/opportunity_services.py,core/domain/suggestion_services.py,1,1,0,0,0,1,2
oppia__oppia-14784,oppia/oppia,gold-other,core/domain/opportunity_services.py,core/storage/suggestion/gae_models.py,0,0,0,1,1,0,2
oppia__oppia-14784,oppia/oppia,gold-other,core/domain/suggestion_services.py,core/domain/opportunity_services.py,1,1,0,0,0,1,2
oppia__oppia-14784,oppia/oppia,gold-other,core/domain/suggestion_services.py,core/storage/suggestion/gae_models.py,0,0,0,1,1,0,2
oppia__oppia-14784,oppia/oppia,gold-other,core/storage/suggestion/gae_models.py,core/domain/opportunity_services.py,0,0,0,1,1,0,2
oppia__oppia-14784,oppia/oppia,gold-other,core/storage/suggestion/gae_models.py,core/domain/suggestion_services.py,0,0,0,1,1,0,2
freedomofpress__securedrop-client-944,freedomofpress/securedrop-client,random,securedrop_client/gui/widgets.py,securedrop_client/app.py,0,0,0,1,1,0,2
freedomofpress__securedrop-client-944,freedomofpress/securedrop-client,random,securedrop_client/gui/widgets.py,alembic/versions/2f363b3d680e_init.py,0,0,0,0,0,0,inf
freedomofpress__securedrop-client-944,freedomofpress/securedrop-client,random,securedrop_client/gui/widgets.py,securedrop_client/crypto.py,0,0,0,1,1,0,2
freedomofpress__securedrop-client-944,freedomofpress/securedrop-client,random,securedrop_client/gui/widgets.py,alembic/versions/fecf1191b6f0_remove_decryption_vs_content_contraint.py,0,0,0,0,0,0,inf
freedomofpress__securedrop-client-944,freedomofpress/securedrop-client,random,securedrop_client/gui/widgets.py,securedrop_client/resources/__init__.py,0,0,1,0,1,0,1
freedomofpress__securedrop-client-944,freedomofpress/securedrop-client,random,securedrop_client/gui/widgets.py,securedrop_client/api_jobs/sources.py,0,0,0,1,1,0,2
freedomofpress__securedrop-client-944,freedomofpress/securedrop-client,random,securedrop_client/gui/widgets.py,securedrop_client/api_jobs/uploads.py,0,0,0,1,1,0,2
freedomofpress__securedrop-client-944,freedomofpress/securedrop-client,random,securedrop_client/gui/widgets.py,securedrop_client/gui/main.py,1,1,1,0,1,1,1
freedomofpress__securedrop-client-944,freedomofpress/securedrop-client,random,securedrop_client/gui/widgets.py,securedrop_client/api_jobs/__init__.py,0,0,0,0,0,0,inf
freedomofpress__securedrop-client-944,freedomofpress/securedrop-client,random,securedrop_client/gui/widgets.py,setup.py,0,0,0,1,1,0,inf
freedomofpress__securedrop-client-944,freedomofpress/securedrop-client,random,securedrop_client/logic.py,create_dev_data.py,0,0,0,0,0,0,2
freedomofpress__securedrop-client-944,freedomofpress/securedrop-client,random,securedrop_client/logic.py,securedrop_client/api_jobs/uploads.py,0,0,1,0,1,1,1
freedomofpress__securedrop-client-944,freedomofpress/securedrop-client,random,securedrop_client/logic.py,securedrop_client/app.py,1,1,1,0,1,0,1
freedomofpress__securedrop-client-944,freedomofpress/securedrop-client,random,securedrop_client/logic.py,securedrop_client/api_jobs/sources.py,0,0,1,0,1,1,1
freedomofpress__securedrop-client-944,freedomofpress/securedrop-client,random,securedrop_client/logic.py,securedrop_client/sync.py,1,1,1,0,1,0,1
freedomofpress__securedrop-client-944,freedomofpress/securedrop-client,random,securedrop_client/logic.py,alembic/versions/fecf1191b6f0_remove_decryption_vs_content_contraint.py,0,0,0,0,0,0,inf
freedomofpress__securedrop-client-944,freedomofpress/securedrop-client,random,securedrop_client/logic.py,securedrop_client/gui/__init__.py,0,0,0,0,0,0,2
freedomofpress__securedrop-client-944,freedomofpress/securedrop-client,random,securedrop_client/logic.py,securedrop_client/api_jobs/downloads.py,0,0,1,0,1,1,1
freedomofpress__securedrop-client-944,freedomofpress/securedrop-client,random,securedrop_client/logic.py,securedrop_client/api_jobs/sync.py,0,0,0,1,1,0,2
freedomofpress__securedrop-client-944,freedomofpress/securedrop-client,random,securedrop_client/logic.py,setup.py,0,0,0,1,1,0,inf
freedomofpress__securedrop-client-944,freedomofpress/securedrop-client,random,securedrop_client/storage.py,alembic/versions/36a79ffcfbfb_add_first_name_last_name_fullname_.py,0,0,0,0,0,0,inf
freedomofpress__securedrop-client-944,freedomofpress/securedrop-client,random,securedrop_client/storage.py,securedrop_client/api_jobs/sources.py,0,0,0,0,0,0,2
freedomofpress__securedrop-client-944,freedomofpress/securedrop-client,random,securedrop_client/storage.py,securedrop_client/__main__.py,1,1,0,0,0,0,3
freedomofpress__securedrop-client-944,freedomofpress/securedrop-client,random,securedrop_client/storage.py,securedrop_client/export.py,1,1,0,0,0,0,2
freedomofpress__securedrop-client-944,freedomofpress/securedrop-client,random,securedrop_client/storage.py,securedrop_client/api_jobs/downloads.py,0,0,1,0,1,0,1
freedomofpress__securedrop-client-944,freedomofpress/securedrop-client,random,securedrop_client/storage.py,securedrop_client/app.py,1,1,0,0,0,0,2
freedomofpress__securedrop-client-944,freedomofpress/securedrop-client,random,securedrop_client/storage.py,alembic/versions/2f363b3d680e_init.py,0,0,0,0,0,0,inf
freedomofpress__securedrop-client-944,freedomofpress/securedrop-client,random,securedrop_client/storage.py,securedrop_client/api_jobs/updatestar.py,0,0,0,0,0,0,2
freedomofpress__securedrop-client-944,freedomofpress/securedrop-client,random,securedrop_client/storage.py,alembic/versions/fecf1191b6f0_remove_decryption_vs_content_contraint.py,0,0,0,0,0,0,inf
freedomofpress__securedrop-client-944,freedomofpress/securedrop-client,random,securedrop_client/storage.py,securedrop_client/crypto.py,1,1,1,0,1,1,1
freedomofpress__securedrop-client-944,freedomofpress/securedrop-client,gold-other,securedrop_client/gui/widgets.py,securedrop_client/logic.py,0,0,1,0,1,1,1
freedomofpress__securedrop-client-944,freedomofpress/securedrop-client,gold-other,securedrop_client/gui/widgets.py,securedrop_client/storage.py,0,0,1,0,1,0,1
freedomofpress__securedrop-client-944,freedomofpress/securedrop-client,gold-other,securedrop_client/logic.py,securedrop_client/gui/widgets.py,0,0,1,0,1,1,1
freedomofpress__securedrop-client-944,freedomofpress/securedrop-client,gold-other,securedrop_client/logic.py,securedrop_client/storage.py,1,1,1,0,1,0,1
freedomofpress__securedrop-client-944,freedomofpress/securedrop-client,gold-other,securedrop_client/storage.py,securedrop_client/gui/widgets.py,0,0,1,0,1,0,1
freedomofpress__securedrop-client-944,freedomofpress/securedrop-client,gold-other,securedrop_client/storage.py,securedrop_client/logic.py,1,1,1,0,1,0,1
modin-project__modin-4391,modin-project/modin,gold-other,modin/core/dataframe/pandas/dataframe/dataframe.py,modin/core/dataframe/pandas/partitioning/partition_manager.py,0,1,0,1,1,0,2
modin-project__modin-4391,modin-project/modin,gold-other,modin/core/dataframe/pandas/dataframe/dataframe.py,modin/core/execution/ray/implementations/pandas_on_ray/partitioning/partition_manager.py,0,1,0,1,1,0,2
modin-project__modin-4391,modin-project/modin,gold-other,modin/core/dataframe/pandas/partitioning/partition_manager.py,modin/core/dataframe/pandas/dataframe/dataframe.py,0,1,0,1,1,0,2
modin-project__modin-4391,modin-project/modin,gold-other,modin/core/dataframe/pandas/partitioning/partition_manager.py,modin/core/execution/ray/implementations/pandas_on_ray/partitioning/partition_manager.py,0,1,0,1,1,0,2
modin-project__modin-4391,modin-project/modin,gold-other,modin/core/execution/ray/implementations/pandas_on_ray/partitioning/partition_manager.py,modin/core/dataframe/pandas/dataframe/dataframe.py,0,1,0,1,1,0,2
modin-project__modin-4391,modin-project/modin,gold-other,modin/core/execution/ray/implementations/pandas_on_ray/partitioning/partition_manager.py,modin/core/dataframe/pandas/partitioning/partition_manager.py,0,1,0,1,1,0,2
pandas-dev__pandas-20796,pandas-dev/pandas,gold,pandas/core/frame.py,asv_bench/benchmarks/frame_methods.py,0,0,0,1,1,0,3
pandas-dev__pandas-20796,pandas-dev/pandas,gold,pandas/core/frame.py,pandas/core/base.py,1,1,0,1,1,0,2
pandas-dev__pandas-20796,pandas-dev/pandas,random,pandas/core/frame.py,asv_bench/benchmarks/index_object.py,0,0,0,1,1,0,3
pandas-dev__pandas-20796,pandas-dev/pandas,random,pandas/core/frame.py,scripts/generate_pip_deps_from_conda.py,0,0,0,1,1,0,inf
pandas-dev__pandas-20796,pandas-dev/pandas,random,pandas/core/frame.py,pandas/core/arrays/datetimelike.py,0,1,0,1,1,0,2
pandas-dev__pandas-20796,pandas-dev/pandas,random,pandas/core/frame.py,pandas/plotting/_misc.py,0,0,0,1,1,0,2
pandas-dev__pandas-20796,pandas-dev/pandas,random,pandas/core/frame.py,pandas/io/pickle.py,0,0,0,1,1,0,2
pandas-dev__pandas-20796,pandas-dev/pandas,random,pandas/core/frame.py,pandas/core/dtypes/inference.py,0,1,0,1,1,0,2
pandas-dev__pandas-20796,pandas-dev/pandas,random,pandas/core/frame.py,pandas/io/formats/excel.py,0,0,0,1,1,0,2
pandas-dev__pandas-20796,pandas-dev/pandas,random,pandas/core/frame.py,asv_bench/benchmarks/multiindex_object.py,0,0,0,1,1,0,3
pandas-dev__pandas-20796,pandas-dev/pandas,random,pandas/core/frame.py,asv_bench/benchmarks/algorithms.py,0,0,0,1,1,0,3
pandas-dev__pandas-20796,pandas-dev/pandas,random,pandas/core/frame.py,pandas/io/parsers.py,0,0,1,0,1,1,1
pandas-dev__pandas-20796,pandas-dev/pandas,gold-other,asv_bench/benchmarks/frame_methods.py,pandas/core/base.py,0,0,0,1,1,0,2
pandas-dev__pandas-20796,pandas-dev/pandas,gold-other,asv_bench/benchmarks/frame_methods.py,pandas/core/frame.py,0,0,0,1,1,0,3
pandas-dev__pandas-20796,pandas-dev/pandas,gold-other,pandas/core/base.py,asv_bench/benchmarks/frame_methods.py,0,0,0,1,1,0,2
pandas-dev__pandas-20796,pandas-dev/pandas,gold-other,pandas/core/base.py,pandas/core/frame.py,1,1,0,1,1,0,2
azavea__raster-vision-676,azavea/raster-vision,gold,rastervision/data/vector_source/vector_tile_vector_source.py,rastervision/data/vector_source/geojson_vector_source.py,1,1,0,1,0,0,2
azavea__raster-vision-676,azavea/raster-vision,gold,rastervision/data/vector_source/vector_tile_vector_source.py,rastervision/data/vector_source/vector_source.py,1,1,1,0,1,0,1
azavea__raster-vision-676,azavea/raster-vision,random,rastervision/data/vector_source/vector_tile_vector_source.py,rastervision/protos/evaluator_pb2.py,0,0,0,0,0,0,4
azavea__raster-vision-676,azavea/raster-vision,random,rastervision/data/vector_source/vector_tile_vector_source.py,rastervision/task/task.py,0,0,0,0,0,0,4
azavea__raster-vision-676,azavea/raster-vision,random,rastervision/data/vector_source/vector_tile_vector_source.py,rastervision/command/utils.py,0,0,0,0,0,0,3
azavea__raster-vision-676,azavea/raster-vision,random,rastervision/data/vector_source/vector_tile_vector_source.py,integration_tests/util/__init__.py,0,0,0,0,0,0,inf
azavea__raster-vision-676,azavea/raster-vision,random,rastervision/data/vector_source/vector_tile_vector_source.py,rastervision/core/box.py,0,0,0,1,1,0,3
azavea__raster-vision-676,azavea/raster-vision,random,rastervision/data/vector_source/vector_tile_vector_source.py,rastervision/protos/tf_object_detection/__init__.py,0,0,0,0,0,0,inf
azavea__raster-vision-676,azavea/raster-vision,random,rastervision/data/vector_source/vector_tile_vector_source.py,rastervision/evaluation/chip_classification_evaluator.py,0,0,0,0,0,0,4
azavea__raster-vision-676,azavea/raster-vision,random,rastervision/data/vector_source/vector_tile_vector_source.py,rastervision/augmentor/nodata_augmentor_config.py,0,0,0,0,0,0,3
azavea__raster-vision-676,azavea/raster-vision,random,rastervision/data/vector_source/vector_tile_vector_source.py,rastervision/runner/command_dag.py,0,0,0,0,0,0,2
azavea__raster-vision-676,azavea/raster-vision,random,rastervision/data/vector_source/vector_tile_vector_source.py,rastervision/protos/command_pb2.py,0,0,0,0,0,0,3
azavea__raster-vision-676,azavea/raster-vision,gold-other,rastervision/data/vector_source/geojson_vector_source.py,rastervision/data/vector_source/vector_source.py,1,1,1,0,1,0,1
azavea__raster-vision-676,azavea/raster-vision,gold-other,rastervision/data/vector_source/geojson_vector_source.py,rastervision/data/vector_source/vector_tile_vector_source.py,1,1,0,1,0,0,2
azavea__raster-vision-676,azavea/raster-vision,gold-other,rastervision/data/vector_source/vector_source.py,rastervision/data/vector_source/geojson_vector_source.py,1,1,1,0,1,0,1
azavea__raster-vision-676,azavea/raster-vision,gold-other,rastervision/data/vector_source/vector_source.py,rastervision/data/vector_source/vector_tile_vector_source.py,1,1,1,0,1,0,1
zarr-developers__zarr-python-738,zarr-developers/zarr-python,random,zarr/core.py,zarr/hierarchy.py,1,1,1,0,1,1,1
zarr-developers__zarr-python-738,zarr-developers/zarr-python,random,zarr/core.py,zarr/_storage/absstore.py,0,0,0,1,1,0,2
zarr-developers__zarr-python-738,zarr-developers/zarr-python,random,zarr/core.py,zarr/convenience.py,1,1,1,0,1,1,1
zarr-developers__zarr-python-738,zarr-developers/zarr-python,random,zarr/core.py,zarr/meta_v1.py,1,1,0,1,1,0,2
zarr-developers__zarr-python-738,zarr-developers/zarr-python,random,zarr/core.py,zarr/codecs.py,1,1,1,0,0,1,1
zarr-developers__zarr-python-738,zarr-developers/zarr-python,random,zarr/core.py,bench/compress_normal.py,0,0,0,1,1,0,2
zarr-developers__zarr-python-738,zarr-developers/zarr-python,random,zarr/core.py,zarr/attrs.py,1,1,1,0,1,1,1
zarr-developers__zarr-python-738,zarr-developers/zarr-python,random,zarr/core.py,docs/conf.py,0,0,0,1,1,0,2
zarr-developers__zarr-python-738,zarr-developers/zarr-python,random,zarr/core.py,zarr/_storage/__init__.py,0,0,0,0,0,0,inf
zarr-developers__zarr-python-738,zarr-developers/zarr-python,random,zarr/core.py,zarr/__init__.py,1,1,1,0,0,1,1
zarr-developers__zarr-python-738,zarr-developers/zarr-python,random,zarr/creation.py,zarr/_storage/absstore.py,0,0,0,0,0,0,2
zarr-developers__zarr-python-738,zarr-developers/zarr-python,random,zarr/creation.py,zarr/_storage/__init__.py,0,0,0,0,0,0,inf
zarr-developers__zarr-python-738,zarr-developers/zarr-python,random,zarr/creation.py,zarr/meta_v1.py,1,1,0,0,0,0,2
zarr-developers__zarr-python-738,zarr-developers/zarr-python,random,zarr/creation.py,zarr/errors.py,1,1,1,0,1,0,1
zarr-developers__zarr-python-738,zarr-developers/zarr-python,random,zarr/creation.py,docs/conf.py,0,0,0,1,0,0,2
zarr-developers__zarr-python-738,zarr-developers/zarr-python,random,zarr/creation.py,zarr/indexing.py,1,1,0,1,1,0,2
zarr-developers__zarr-python-738,zarr-developers/zarr-python,random,zarr/creation.py,zarr/sync.py,1,1,0,1,0,1,2
zarr-developers__zarr-python-738,zarr-developers/zarr-python,random,zarr/creation.py,bench/compress_normal.py,0,0,0,1,1,0,2
zarr-developers__zarr-python-738,zarr-developers/zarr-python,random,zarr/creation.py,zarr/hierarchy.py,1,1,1,0,1,1,1
zarr-developers__zarr-python-738,zarr-developers/zarr-python,random,zarr/creation.py,zarr/meta.py,1,1,0,1,1,0,2
zarr-developers__zarr-python-738,zarr-developers/zarr-python,random,zarr/storage.py,zarr/_storage/__init__.py,0,0,0,0,0,0,inf
zarr-developers__zarr-python-738,zarr-developers/zarr-python,random,zarr/storage.py,zarr/sync.py,1,1,0,0,0,1,2
zarr-developers__zarr-python-738,zarr-developers/zarr-python,random,zarr/storage.py,zarr/hierarchy.py,1,1,1,0,1,1,1
zarr-developers__zarr-python-738,zarr-developers/zarr-python,random,zarr/storage.py,setup.py,0,0,0,0,0,0,inf
zarr-developers__zarr-python-738,zarr-developers/zarr-python,random,zarr/storage.py,bench/compress_normal.py,0,0,0,0,0,0,2
zarr-developers__zarr-python-738,zarr-developers/zarr-python,random,zarr/storage.py,zarr/indexing.py,1,1,0,1,0,0,2
zarr-developers__zarr-python-738,zarr-developers/zarr-python,random,zarr/storage.py,zarr/convenience.py,1,1,1,0,1,1,1
zarr-developers__zarr-python-738,zarr-developers/zarr-python,random,zarr/storage.py,zarr/errors.py,1,1,1,0,1,1,1
zarr-developers__zarr-python-738,zarr-developers/zarr-python,random,zarr/storage.py,zarr/_storage/absstore.py,0,0,1,0,1,0,1
zarr-developers__zarr-python-738,zarr-developers/zarr-python,random,zarr/storage.py,zarr/n5.py,1,1,1,0,1,1,1
zarr-developers__zarr-python-738,zarr-developers/zarr-python,random,zarr/util.py,zarr/meta.py,1,1,1,0,1,1,1
zarr-developers__zarr-python-738,zarr-developers/zarr-python,random,zarr/util.py,zarr/codecs.py,1,1,0,0,0,1,2
zarr-developers__zarr-python-738,zarr-developers/zarr-python,random,zarr/util.py,zarr/convenience.py,1,1,1,0,1,0,1
zarr-developers__zarr-python-738,zarr-developers/zarr-python,random,zarr/util.py,zarr/meta_v1.py,1,1,0,0,0,0,2
zarr-developers__zarr-python-738,zarr-developers/zarr-python,random,zarr/util.py,docs/conf.py,0,0,0,0,0,0,3
zarr-developers__zarr-python-738,zarr-developers/zarr-python,random,zarr/util.py,zarr/__init__.py,1,1,0,0,0,0,2
zarr-developers__zarr-python-738,zarr-developers/zarr-python,random,zarr/util.py,zarr/_storage/__init__.py,0,0,0,0,0,0,inf
zarr-developers__zarr-python-738,zarr-developers/zarr-python,random,zarr/util.py,zarr/sync.py,1,1,0,0,0,0,3
zarr-developers__zarr-python-738,zarr-developers/zarr-python,random,zarr/util.py,zarr/attrs.py,1,1,1,0,1,1,1
zarr-developers__zarr-python-738,zarr-developers/zarr-python,random,zarr/util.py,bench/compress_normal.py,0,0,0,0,0,0,3
zarr-developers__zarr-python-738,zarr-developers/zarr-python,gold-other,zarr/core.py,zarr/creation.py,1,1,1,0,1,1,1
zarr-developers__zarr-python-738,zarr-developers/zarr-python,gold-other,zarr/core.py,zarr/storage.py,1,1,1,0,1,1,1
zarr-developers__zarr-python-738,zarr-developers/zarr-python,gold-other,zarr/core.py,zarr/util.py,1,1,1,0,1,1,1
zarr-developers__zarr-python-738,zarr-developers/zarr-python,gold-other,zarr/creation.py,zarr/core.py,1,1,1,0,1,1,1
zarr-developers__zarr-python-738,zarr-developers/zarr-python,gold-other,zarr/creation.py,zarr/storage.py,1,1,1,0,1,1,1
zarr-developers__zarr-python-738,zarr-developers/zarr-python,gold-other,zarr/creation.py,zarr/util.py,1,1,1,0,1,1,1
zarr-developers__zarr-python-738,zarr-developers/zarr-python,gold-other,zarr/storage.py,zarr/core.py,1,1,1,0,1,1,1
zarr-developers__zarr-python-738,zarr-developers/zarr-python,gold-other,zarr/storage.py,zarr/creation.py,1,1,1,0,1,1,1
zarr-developers__zarr-python-738,zarr-developers/zarr-python,gold-other,zarr/storage.py,zarr/util.py,1,1,1,0,1,1,1
zarr-developers__zarr-python-738,zarr-developers/zarr-python,gold-other,zarr/util.py,zarr/core.py,1,1,1,0,1,1,1
zarr-developers__zarr-python-738,zarr-developers/zarr-python,gold-other,zarr/util.py,zarr/creation.py,1,1,1,0,1,1,1
zarr-developers__zarr-python-738,zarr-developers/zarr-python,gold-other,zarr/util.py,zarr/storage.py,1,1,1,0,1,1,1
paperless-ngx__paperless-ngx-1227,paperless-ngx/paperless-ngx,random,gunicorn.conf.py,src/paperless/auth.py,0,0,0,0,0,0,inf
paperless-ngx__paperless-ngx-1227,paperless-ngx/paperless-ngx,random,gunicorn.conf.py,src/documents/signals/handlers.py,0,0,0,0,0,0,inf
paperless-ngx__paperless-ngx-1227,paperless-ngx/paperless-ngx,random,gunicorn.conf.py,docs/conf.py,0,0,0,0,0,0,inf
paperless-ngx__paperless-ngx-1227,paperless-ngx/paperless-ngx,random,gunicorn.conf.py,src/documents/views.py,0,0,0,0,0,0,inf
paperless-ngx__paperless-ngx-1227,paperless-ngx/paperless-ngx,random,gunicorn.conf.py,src/documents/migrations/0002_auto_20151226_1316.py,0,0,0,0,0,0,inf
paperless-ngx__paperless-ngx-1227,paperless-ngx/paperless-ngx,random,gunicorn.conf.py,src/documents/migrations/1010_auto_20210101_2159.py,0,0,0,0,0,0,inf
paperless-ngx__paperless-ngx-1227,paperless-ngx/paperless-ngx,random,gunicorn.conf.py,src/documents/migrations/0015_add_insensitive_to_match.py,0,0,0,0,0,0,inf
paperless-ngx__paperless-ngx-1227,paperless-ngx/paperless-ngx,random,gunicorn.conf.py,src/paperless_mail/migrations/0012_alter_mailrule_assign_tags.py,0,0,0,0,0,0,inf
paperless-ngx__paperless-ngx-1227,paperless-ngx/paperless-ngx,random,gunicorn.conf.py,src/paperless_mail/tasks.py,0,0,0,0,0,0,inf
paperless-ngx__paperless-ngx-1227,paperless-ngx/paperless-ngx,random,gunicorn.conf.py,src/paperless_mail/migrations/0001_initial.py,0,0,0,0,0,0,inf
paperless-ngx__paperless-ngx-1227,paperless-ngx/paperless-ngx,random,src/paperless/settings.py,src/documents/matching.py,0,0,0,0,0,0,4
paperless-ngx__paperless-ngx-1227,paperless-ngx/paperless-ngx,random,src/paperless/settings.py,src/documents/migrations/0001_initial.py,0,0,0,0,0,0,inf
paperless-ngx__paperless-ngx-1227,paperless-ngx/paperless-ngx,random,src/paperless/settings.py,src/paperless/checks.py,1,1,0,0,0,0,6
paperless-ngx__paperless-ngx-1227,paperless-ngx/paperless-ngx,random,src/paperless/settings.py,src/documents/models.py,0,0,0,0,0,0,3
paperless-ngx__paperless-ngx-1227,paperless-ngx/paperless-ngx,random,src/paperless/settings.py,src/paperless_mail/migrations/0010_auto_20220311_1602.py,0,0,0,0,0,0,inf
paperless-ngx__paperless-ngx-1227,paperless-ngx/paperless-ngx,random,src/paperless/settings.py,src/documents/checks.py,0,0,0,0,0,0,4
paperless-ngx__paperless-ngx-1227,paperless-ngx/paperless-ngx,random,src/paperless/settings.py,src/paperless/workers.py,1,1,0,0,0,0,inf
paperless-ngx__paperless-ngx-1227,paperless-ngx/paperless-ngx,random,src/paperless/settings.py,src/documents/tasks.py,0,0,0,0,0,0,3
paperless-ngx__paperless-ngx-1227,paperless-ngx/paperless-ngx,random,src/paperless/settings.py,src/paperless_mail/apps.py,0,0,0,1,0,0,inf
paperless-ngx__paperless-ngx-1227,paperless-ngx/paperless-ngx,random,src/paperless/settings.py,src/paperless_mail/tasks.py,0,0,0,0,0,0,4
paperless-ngx__paperless-ngx-1227,paperless-ngx/paperless-ngx,gold-other,gunicorn.conf.py,src/paperless/settings.py,0,0,0,0,0,0,inf
paperless-ngx__paperless-ngx-1227,paperless-ngx/paperless-ngx,gold-other,src/paperless/settings.py,gunicorn.conf.py,0,0,0,0,0,0,inf
TransformerLensOrg__TransformerLens-333,TransformerLensOrg/TransformerLens,random,transformer_lens/HookedEncoder.py,transformer_lens/patching.py,1,1,0,0,0,0,2
TransformerLensOrg__TransformerLens-333,TransformerLensOrg/TransformerLens,random,transformer_lens/HookedEncoder.py,transformer_lens/loading_from_pretrained.py,1,1,1,0,1,0,1
TransformerLensOrg__TransformerLens-333,TransformerLensOrg/TransformerLens,random,transformer_lens/HookedEncoder.py,transformer_lens/FactoredMatrix.py,1,1,1,0,1,0,1
TransformerLensOrg__TransformerLens-333,TransformerLensOrg/TransformerLens,random,transformer_lens/HookedEncoder.py,transformer_lens/past_key_value_caching.py,1,1,0,0,0,0,2
TransformerLensOrg__TransformerLens-333,TransformerLensOrg/TransformerLens,random,transformer_lens/HookedEncoder.py,transformer_lens/utilities/__init__.py,0,0,0,0,0,0,inf
TransformerLensOrg__TransformerLens-333,TransformerLensOrg/TransformerLens,random,transformer_lens/HookedEncoder.py,transformer_lens/ActivationCache.py,1,1,1,0,1,0,1
TransformerLensOrg__TransformerLens-333,TransformerLensOrg/TransformerLens,random,transformer_lens/HookedEncoder.py,docs/source/conf.py,0,0,0,0,0,0,inf
TransformerLensOrg__TransformerLens-333,TransformerLensOrg/TransformerLens,random,transformer_lens/HookedEncoder.py,transformer_lens/head_detector.py,1,1,0,1,1,0,2
TransformerLensOrg__TransformerLens-333,TransformerLensOrg/TransformerLens,random,transformer_lens/HookedEncoder.py,transformer_lens/train.py,1,1,0,1,0,0,2
TransformerLensOrg__TransformerLens-333,TransformerLensOrg/TransformerLens,random,transformer_lens/HookedEncoder.py,typing_demo.py,0,0,0,0,0,0,inf
TransformerLensOrg__TransformerLens-333,TransformerLensOrg/TransformerLens,random,transformer_lens/HookedTransformer.py,transformer_lens/utilities/devices.py,0,0,1,0,1,1,1
TransformerLensOrg__TransformerLens-333,TransformerLensOrg/TransformerLens,random,transformer_lens/HookedTransformer.py,transformer_lens/SVDInterpreter.py,1,1,1,0,0,1,1
TransformerLensOrg__TransformerLens-333,TransformerLensOrg/TransformerLens,random,transformer_lens/HookedTransformer.py,docs/source/conf.py,0,0,0,1,0,0,inf
TransformerLensOrg__TransformerLens-333,TransformerLensOrg/TransformerLens,random,transformer_lens/HookedTransformer.py,transformer_lens/patching.py,1,1,1,0,0,0,1
TransformerLensOrg__TransformerLens-333,TransformerLensOrg/TransformerLens,random,transformer_lens/HookedTransformer.py,transformer_lens/hook_points.py,1,1,1,0,1,1,1
TransformerLensOrg__TransformerLens-333,TransformerLensOrg/TransformerLens,random,transformer_lens/HookedTransformer.py,transformer_lens/loading_from_pretrained.py,1,1,1,0,1,1,1
TransformerLensOrg__TransformerLens-333,TransformerLensOrg/TransformerLens,random,transformer_lens/HookedTransformer.py,transformer_lens/HookedTransformerConfig.py,1,1,1,0,1,1,1
TransformerLensOrg__TransformerLens-333,TransformerLensOrg/TransformerLens,random,transformer_lens/HookedTransformer.py,transformer_lens/train.py,1,1,1,0,0,0,1
TransformerLensOrg__TransformerLens-333,TransformerLensOrg/TransformerLens,random,transformer_lens/HookedTransformer.py,easy_transformer/__init__.py,0,0,0,0,0,0,2
TransformerLensOrg__TransformerLens-333,TransformerLensOrg/TransformerLens,random,transformer_lens/HookedTransformer.py,transformer_lens/__init__.py,1,1,1,0,0,0,1
TransformerLensOrg__TransformerLens-333,TransformerLensOrg/TransformerLens,random,transformer_lens/utils.py,transformer_lens/evals.py,1,1,1,0,1,0,1
TransformerLensOrg__TransformerLens-333,TransformerLensOrg/TransformerLens,random,transformer_lens/utils.py,transformer_lens/SVDInterpreter.py,1,1,0,0,0,0,2
TransformerLensOrg__TransformerLens-333,TransformerLensOrg/TransformerLens,random,transformer_lens/utils.py,typing_demo.py,0,0,0,1,0,0,inf
TransformerLensOrg__TransformerLens-333,TransformerLensOrg/TransformerLens,random,transformer_lens/utils.py,transformer_lens/hook_points.py,1,1,0,1,0,0,2
TransformerLensOrg__TransformerLens-333,TransformerLensOrg/TransformerLens,random,transformer_lens/utils.py,setup.py,0,0,0,0,0,0,inf
TransformerLensOrg__TransformerLens-333,TransformerLensOrg/TransformerLens,random,transformer_lens/utils.py,transformer_lens/utilities/__init__.py,0,0,0,0,0,0,inf
TransformerLensOrg__TransformerLens-333,TransformerLensOrg/TransformerLens,random,transformer_lens/utils.py,transformer_lens/train.py,1,1,0,1,0,0,2
TransformerLensOrg__TransformerLens-333,TransformerLensOrg/TransformerLens,random,transformer_lens/utils.py,transformer_lens/utilities/devices.py,0,0,0,0,0,0,2
TransformerLensOrg__TransformerLens-333,TransformerLensOrg/TransformerLens,random,transformer_lens/utils.py,transformer_lens/loading_from_pretrained.py,1,1,1,0,1,1,1
TransformerLensOrg__TransformerLens-333,TransformerLensOrg/TransformerLens,random,transformer_lens/utils.py,transformer_lens/patching.py,1,1,1,0,1,0,1
TransformerLensOrg__TransformerLens-333,TransformerLensOrg/TransformerLens,gold-other,transformer_lens/HookedEncoder.py,transformer_lens/HookedTransformer.py,1,1,0,1,1,0,2
TransformerLensOrg__TransformerLens-333,TransformerLensOrg/TransformerLens,gold-other,transformer_lens/HookedEncoder.py,transformer_lens/utils.py,1,1,0,1,1,0,2
TransformerLensOrg__TransformerLens-333,TransformerLensOrg/TransformerLens,gold-other,transformer_lens/HookedTransformer.py,transformer_lens/HookedEncoder.py,1,1,0,1,1,0,2
TransformerLensOrg__TransformerLens-333,TransformerLensOrg/TransformerLens,gold-other,transformer_lens/HookedTransformer.py,transformer_lens/utils.py,1,1,1,0,1,1,1
TransformerLensOrg__TransformerLens-333,TransformerLensOrg/TransformerLens,gold-other,transformer_lens/utils.py,transformer_lens/HookedEncoder.py,1,1,0,1,1,0,2
TransformerLensOrg__TransformerLens-333,TransformerLensOrg/TransformerLens,gold-other,transformer_lens/utils.py,transformer_lens/HookedTransformer.py,1,1,1,0,1,1,1
NatLibFi__Annif-610,NatLibFi/Annif,random,annif/project.py,annif/default_config.py,1,1,0,0,0,0,inf
NatLibFi__Annif-610,NatLibFi/Annif,random,annif/project.py,annif/lexical/__init__.py,0,0,0,0,0,0,inf
NatLibFi__Annif-610,NatLibFi/Annif,random,annif/project.py,annif/backend/dummy.py,0,0,0,1,1,1,2
NatLibFi__Annif-610,NatLibFi/Annif,random,annif/project.py,annif/transform/langfilter.py,0,0,0,1,0,0,2
NatLibFi__Annif-610,NatLibFi/Annif,random,annif/project.py,annif/backend/omikuji.py,0,0,0,1,1,0,2
NatLibFi__Annif-610,NatLibFi/Annif,random,annif/project.py,annif/parallel.py,1,1,0,1,1,0,2
NatLibFi__Annif-610,NatLibFi/Annif,random,annif/project.py,annif/analyzer/spacy.py,0,0,0,1,0,0,2
NatLibFi__Annif-610,NatLibFi/Annif,random,annif/project.py,annif/corpus/document.py,0,0,0,1,0,0,2
NatLibFi__Annif-610,NatLibFi/Annif,random,annif/project.py,annif/corpus/skos.py,0,0,0,1,1,0,2
NatLibFi__Annif-610,NatLibFi/Annif,random,annif/project.py,annif/lexical/tokenset.py,0,0,0,0,0,0,3
NatLibFi__Annif-610,NatLibFi/Annif,random,annif/registry.py,annif/backend/http.py,0,0,0,0,0,0,3
NatLibFi__Annif-610,NatLibFi/Annif,random,annif/registry.py,annif/corpus/subject.py,0,0,0,0,0,0,2
NatLibFi__Annif-610,NatLibFi/Annif,random,annif/registry.py,annif/corpus/types.py,0,0,0,0,0,0,2
NatLibFi__Annif-610,NatLibFi/Annif,random,annif/registry.py,annif/backend/mixins.py,0,0,0,0,0,0,3
NatLibFi__Annif-610,NatLibFi/Annif,random,annif/registry.py,annif/backend/omikuji.py,0,0,0,1,1,0,3
NatLibFi__Annif-610,NatLibFi/Annif,random,annif/registry.py,annif/default_config.py,1,1,0,0,0,0,inf
NatLibFi__Annif-610,NatLibFi/Annif,random,annif/registry.py,annif/backend/yake.py,0,0,0,1,1,0,3
NatLibFi__Annif-610,NatLibFi/Annif,random,annif/registry.py,annif/util.py,1,1,0,0,0,0,2
NatLibFi__Annif-610,NatLibFi/Annif,random,annif/registry.py,annif/analyzer/simple.py,0,0,0,0,0,0,3
NatLibFi__Annif-610,NatLibFi/Annif,random,annif/registry.py,annif/analyzer/spacy.py,0,0,0,0,0,0,3
NatLibFi__Annif-610,NatLibFi/Annif,random,annif/vocab.py,docs/conf.py,0,0,0,0,0,0,inf
NatLibFi__Annif-610,NatLibFi/Annif,random,annif/vocab.py,annif/transform/__init__.py,0,0,0,0,0,0,2
NatLibFi__Annif-610,NatLibFi/Annif,random,annif/vocab.py,annif/backend/hyperopt.py,0,0,0,0,0,0,3
NatLibFi__Annif-610,NatLibFi/Annif,random,annif/vocab.py,annif/backend/dummy.py,0,0,0,1,0,0,3
NatLibFi__Annif-610,NatLibFi/Annif,random,annif/vocab.py,annif/util.py,1,1,1,0,1,0,1
NatLibFi__Annif-610,NatLibFi/Annif,random,annif/vocab.py,annif/backend/stwfsa.py,0,0,0,1,1,0,2
NatLibFi__Annif-610,NatLibFi/Annif,random,annif/vocab.py,annif/analyzer/simplemma.py,0,0,0,0,0,0,3
NatLibFi__Annif-610,NatLibFi/Annif,random,annif/vocab.py,annif/datadir.py,1,1,1,0,0,0,1
NatLibFi__Annif-610,NatLibFi/Annif,random,annif/vocab.py,annif/config.py,1,1,0,0,0,0,2
NatLibFi__Annif-610,NatLibFi/Annif,random,annif/vocab.py,annif/analyzer/analyzer.py,0,0,0,0,0,0,3
NatLibFi__Annif-610,NatLibFi/Annif,gold-other,annif/project.py,annif/registry.py,1,1,1,0,1,1,1
NatLibFi__Annif-610,NatLibFi/Annif,gold-other,annif/project.py,annif/vocab.py,1,1,1,0,1,0,1
NatLibFi__Annif-610,NatLibFi/Annif,gold-other,annif/registry.py,annif/project.py,1,1,1,0,1,1,1
NatLibFi__Annif-610,NatLibFi/Annif,gold-other,annif/registry.py,annif/vocab.py,1,1,0,0,0,0,2
NatLibFi__Annif-610,NatLibFi/Annif,gold-other,annif/vocab.py,annif/project.py,1,1,1,0,1,0,1
NatLibFi__Annif-610,NatLibFi/Annif,gold-other,annif/vocab.py,annif/registry.py,1,1,0,0,0,0,2
alexa-pi__AlexaPi-188,alexa-pi/AlexaPi,random,src/alexapi/capture.py,src/alexapi/playback_handlers/soxhandler.py,0,1,0,0,0,0,4
alexa-pi__AlexaPi-188,alexa-pi/AlexaPi,random,src/alexapi/capture.py,src/alexapi/playback_handlers/vlchandler.py,0,1,0,1,0,0,4
alexa-pi__AlexaPi-188,alexa-pi/AlexaPi,random,src/alexapi/capture.py,src/alexapi/triggers/platformtrigger.py,0,1,0,1,0,0,3
alexa-pi__AlexaPi-188,alexa-pi/AlexaPi,random,src/alexapi/capture.py,src/alexapi/device_platforms/hyperionplatform.py,0,1,0,1,0,0,inf
alexa-pi__AlexaPi-188,alexa-pi/AlexaPi,random,src/alexapi/capture.py,src/alexapi/triggers/pocketsphinxtrigger.py,0,1,0,1,0,0,3
alexa-pi__AlexaPi-188,alexa-pi/AlexaPi,random,src/alexapi/capture.py,src/alexapi/device_platforms/dummyplatform.py,0,1,0,1,0,0,inf
alexa-pi__AlexaPi-188,alexa-pi/AlexaPi,random,src/alexapi/capture.py,src/alexapi/playback_handlers/__init__.py,0,1,0,0,0,0,inf
alexa-pi__AlexaPi-188,alexa-pi/AlexaPi,random,src/alexapi/capture.py,src/alexapi/device_platforms/desktopplatform.py,0,1,0,1,0,0,inf
alexa-pi__AlexaPi-188,alexa-pi/AlexaPi,random,src/alexapi/capture.py,src/alexapi/__init__.py,1,1,0,0,0,0,inf
alexa-pi__AlexaPi-188,alexa-pi/AlexaPi,random,src/alexapi/capture.py,src/alexapi/exceptions.py,1,1,1,0,1,0,1
alexa-pi__AlexaPi-188,alexa-pi/AlexaPi,random,src/main.py,src/alexapi/device_platforms/baseplatform.py,0,0,0,1,1,0,inf
alexa-pi__AlexaPi-188,alexa-pi/AlexaPi,random,src/main.py,src/alexapi/device_platforms/rpilikeplatform.py,0,0,0,1,1,0,inf
alexa-pi__AlexaPi-188,alexa-pi/AlexaPi,random,src/main.py,src/auth_web.py,1,1,0,0,0,0,2
alexa-pi__AlexaPi-188,alexa-pi/AlexaPi,random,src/main.py,src/alexapi/triggers/__init__.py,0,0,1,0,1,0,1
alexa-pi__AlexaPi-188,alexa-pi/AlexaPi,random,src/main.py,src/alexapi/device_platforms/dummyplatform.py,0,0,0,1,1,0,inf
alexa-pi__AlexaPi-188,alexa-pi/AlexaPi,random,src/main.py,src/alexapi/device_platforms/__init__.py,0,0,0,0,0,0,inf
alexa-pi__AlexaPi-188,alexa-pi/AlexaPi,random,src/main.py,src/alexapi/device_platforms/serialplatform.py,0,0,0,1,1,0,inf
alexa-pi__AlexaPi-188,alexa-pi/AlexaPi,random,src/main.py,src/alexapi/triggers/pocketsphinxtrigger.py,0,0,0,1,1,0,2
alexa-pi__AlexaPi-188,alexa-pi/AlexaPi,random,src/main.py,src/alexapi/playback_handlers/__init__.py,0,0,0,0,0,0,inf
alexa-pi__AlexaPi-188,alexa-pi/AlexaPi,random,src/main.py,src/alexapi/playback_handlers/basehandler.py,0,0,0,1,1,0,2
alexa-pi__AlexaPi-188,alexa-pi/AlexaPi,gold-other,src/alexapi/capture.py,src/main.py,0,0,1,0,1,0,1
alexa-pi__AlexaPi-188,alexa-pi/AlexaPi,gold-other,src/main.py,src/alexapi/capture.py,0,0,1,0,1,0,1
cisagov__manage.get.gov-1669,cisagov/manage.get.gov,gold,src/registrar/management/commands/utility/extra_transition_domain_helper.py,src/registrar/models/domain.py,0,1,0,1,0,0,2
cisagov__manage.get.gov-1669,cisagov/manage.get.gov,gold,src/registrar/management/commands/utility/extra_transition_domain_helper.py,src/registrar/utility/csv_export.py,0,1,0,0,0,0,3
cisagov__manage.get.gov-1669,cisagov/manage.get.gov,random,src/registrar/management/commands/utility/extra_transition_domain_helper.py,src/registrar/migrations/0008_remove_userprofile_created_at_and_more.py,0,1,0,0,0,0,inf
cisagov__manage.get.gov-1669,cisagov/manage.get.gov,random,src/registrar/management/commands/utility/extra_transition_domain_helper.py,src/registrar/management/commands/load.py,0,1,0,0,0,0,4
cisagov__manage.get.gov-1669,cisagov/manage.get.gov,random,src/registrar/management/commands/utility/extra_transition_domain_helper.py,src/registrar/models/utility/contact_error.py,0,1,0,0,0,0,3
cisagov__manage.get.gov-1669,cisagov/manage.get.gov,random,src/registrar/management/commands/utility/extra_transition_domain_helper.py,src/registrar/migrations/0006_alter_contact_phone.py,0,1,0,0,0,0,inf
cisagov__manage.get.gov-1669,cisagov/manage.get.gov,random,src/registrar/management/commands/utility/extra_transition_domain_helper.py,src/registrar/migrations/0054_alter_domainapplication_federal_agency_and_more.py,0,1,0,0,0,0,inf
cisagov__manage.get.gov-1669,cisagov/manage.get.gov,random,src/registrar/management/commands/utility/extra_transition_domain_helper.py,src/registrar/utility/errors.py,0,1,0,0,0,0,3
cisagov__manage.get.gov-1669,cisagov/manage.get.gov,random,src/registrar/management/commands/utility/extra_transition_domain_helper.py,src/registrar/__init__.py,0,1,0,0,0,0,inf
cisagov__manage.get.gov-1669,cisagov/manage.get.gov,random,src/registrar/management/commands/utility/extra_transition_domain_helper.py,src/registrar/migrations/0046_transitiondomain_email_transitiondomain_first_name_and_more.py,0,1,0,0,0,0,inf
cisagov__manage.get.gov-1669,cisagov/manage.get.gov,random,src/registrar/management/commands/utility/extra_transition_domain_helper.py,src/epplibwrapper/utility/pool_error.py,0,0,0,0,0,0,5
cisagov__manage.get.gov-1669,cisagov/manage.get.gov,random,src/registrar/management/commands/utility/extra_transition_domain_helper.py,src/registrar/migrations/0047_transitiondomain_address_line_transitiondomain_city_and_more.py,0,1,0,0,0,0,inf
cisagov__manage.get.gov-1669,cisagov/manage.get.gov,gold-other,src/registrar/models/domain.py,src/registrar/management/commands/utility/extra_transition_domain_helper.py,0,1,0,1,0,0,2
cisagov__manage.get.gov-1669,cisagov/manage.get.gov,gold-other,src/registrar/models/domain.py,src/registrar/utility/csv_export.py,0,1,1,0,0,1,1
cisagov__manage.get.gov-1669,cisagov/manage.get.gov,gold-other,src/registrar/utility/csv_export.py,src/registrar/management/commands/utility/extra_transition_domain_helper.py,0,1,0,0,0,0,3
cisagov__manage.get.gov-1669,cisagov/manage.get.gov,gold-other,src/registrar/utility/csv_export.py,src/registrar/models/domain.py,0,1,1,0,0,1,1
Agenta-AI__agenta-1639,Agenta-AI/agenta,gold,agenta-backend/agenta_backend/routers/configs_router.py,agenta-backend/agenta_backend/models/converters.py,0,1,0,0,0,0,2
Agenta-AI__agenta-1639,Agenta-AI/agenta,random,agenta-backend/agenta_backend/routers/configs_router.py,agenta-cli/agenta/client/exceptions.py,0,0,0,0,0,0,inf
Agenta-AI__agenta-1639,Agenta-AI/agenta,random,agenta-backend/agenta_backend/routers/configs_router.py,agenta-backend/agenta_backend/services/evaluation_service.py,0,1,0,0,0,0,2
Agenta-AI__agenta-1639,Agenta-AI/agenta,random,agenta-backend/agenta_backend/routers/configs_router.py,agenta-cli/agenta/client/backend/types/aggregated_result.py,0,0,0,1,1,0,inf
Agenta-AI__agenta-1639,Agenta-AI/agenta,random,agenta-backend/agenta_backend/routers/configs_router.py,agenta-backend/agenta_backend/services/docker_utils.py,0,1,0,0,0,0,3
Agenta-AI__agenta-1639,Agenta-AI/agenta,random,agenta-backend/agenta_backend/routers/configs_router.py,agenta-backend/agenta_backend/migrations/v0_9_0_to_v10_0_0/20240124225808_evaluation_scenario_error_handling.py,0,1,0,0,0,0,inf
Agenta-AI__agenta-1639,Agenta-AI/agenta,random,agenta-backend/agenta_backend/routers/configs_router.py,examples/qa_generator_chain_of_prompts/app.py,0,0,0,0,0,0,inf
Agenta-AI__agenta-1639,Agenta-AI/agenta,random,agenta-backend/agenta_backend/routers/configs_router.py,agenta-cli/agenta/client/backend/__init__.py,0,0,0,0,0,0,inf
Agenta-AI__agenta-1639,Agenta-AI/agenta,random,agenta-backend/agenta_backend/routers/configs_router.py,agenta-cli/agenta/client/api_models.py,0,0,0,0,0,0,inf
Agenta-AI__agenta-1639,Agenta-AI/agenta,random,agenta-backend/agenta_backend/routers/configs_router.py,examples/chat_json_format/app.py,0,0,0,0,0,0,inf
Agenta-AI__agenta-1639,Agenta-AI/agenta,random,agenta-backend/agenta_backend/routers/configs_router.py,agenta-cli/agenta/client/client.py,0,0,0,0,0,0,inf
Agenta-AI__agenta-1639,Agenta-AI/agenta,gold,agenta-backend/agenta_backend/services/db_manager.py,agenta-backend/agenta_backend/models/converters.py,0,1,1,0,1,0,1
Agenta-AI__agenta-1639,Agenta-AI/agenta,random,agenta-backend/agenta_backend/services/db_manager.py,agenta-cli/agenta/client/backend/core/remove_none_from_dict.py,0,0,0,0,0,0,inf
Agenta-AI__agenta-1639,Agenta-AI/agenta,random,agenta-backend/agenta_backend/services/db_manager.py,agenta-cli/agenta/client/backend/types/human_evaluation_scenario_input.py,0,0,0,1,1,0,inf
Agenta-AI__agenta-1639,Agenta-AI/agenta,random,agenta-backend/agenta_backend/services/db_manager.py,agenta-cli/agenta/client/backend/types/workspace_member_response.py,0,0,0,1,1,0,inf
Agenta-AI__agenta-1639,Agenta-AI/agenta,random,agenta-backend/agenta_backend/services/db_manager.py,agenta-backend/agenta_backend/migrations/v0_8_0_to_v0_9_0/20240130140202_connection_evaluation.py,0,1,0,1,1,0,inf
Agenta-AI__agenta-1639,Agenta-AI/agenta,random,agenta-backend/agenta_backend/services/db_manager.py,agenta-cli/agenta/client/backend/core/client_wrapper.py,0,0,0,0,0,0,inf
Agenta-AI__agenta-1639,Agenta-AI/agenta,random,agenta-backend/agenta_backend/services/db_manager.py,agenta-cli/agenta/client/backend/types/workspace_response.py,0,0,0,1,1,0,inf
Agenta-AI__agenta-1639,Agenta-AI/agenta,random,agenta-backend/agenta_backend/services/db_manager.py,agenta-cli/agenta/client/backend/types/body_import_testset.py,0,0,0,1,1,0,inf
Agenta-AI__agenta-1639,Agenta-AI/agenta,random,agenta-backend/agenta_backend/services/db_manager.py,agenta-cli/agenta/templates/simple_prompt/app.py,0,0,0,0,0,0,inf
Agenta-AI__agenta-1639,Agenta-AI/agenta,random,agenta-backend/agenta_backend/services/db_manager.py,agenta-cli/agenta/client/backend/types/span_detail.py,0,0,0,1,1,0,inf
Agenta-AI__agenta-1639,Agenta-AI/agenta,random,agenta-backend/agenta_backend/services/db_manager.py,agenta-backend/agenta_backend/models/api/api_models.py,0,1,0,1,0,0,2
Agenta-AI__agenta-1639,Agenta-AI/agenta,gold-other,agenta-backend/agenta_backend/models/converters.py,agenta-backend/agenta_backend/routers/configs_router.py,0,1,0,0,0,0,2
Agenta-AI__agenta-1639,Agenta-AI/agenta,gold-other,agenta-backend/agenta_backend/models/converters.py,agenta-backend/agenta_backend/services/db_manager.py,0,1,1,0,1,0,1
Agenta-AI__agenta-1639,Agenta-AI/agenta,gold-other,agenta-backend/agenta_backend/routers/configs_router.py,agenta-backend/agenta_backend/services/db_manager.py,0,1,1,0,1,0,1
Agenta-AI__agenta-1639,Agenta-AI/agenta,gold-other,agenta-backend/agenta_backend/services/db_manager.py,agenta-backend/agenta_backend/routers/configs_router.py,0,1,1,0,1,0,1
matrix-org__synapse-8744,matrix-org/synapse,gold,synapse/handlers/appservice.py,synapse/handlers/receipts.py,1,1,0,1,1,0,2
matrix-org__synapse-8744,matrix-org/synapse,gold,synapse/handlers/appservice.py,synapse/storage/databases/main/receipts.py,0,0,0,0,0,0,2
matrix-org__synapse-8744,matrix-org/synapse,random,synapse/handlers/appservice.py,synapse/replication/slave/storage/keys.py,0,0,0,0,0,0,3
matrix-org__synapse-8744,matrix-org/synapse,random,synapse/handlers/appservice.py,synapse/handlers/federation.py,1,1,0,0,0,0,2
matrix-org__synapse-8744,matrix-org/synapse,random,synapse/handlers/appservice.py,synapse/rest/media/v1/thumbnailer.py,0,0,0,0,0,0,3
matrix-org__synapse-8744,matrix-org/synapse,random,synapse/handlers/appservice.py,synapse/handlers/identity.py,1,1,0,0,0,0,2
matrix-org__synapse-8744,matrix-org/synapse,random,synapse/handlers/appservice.py,synapse/storage/databases/state/schema/delta/47/state_group_seq.py,0,0,0,0,0,0,3
matrix-org__synapse-8744,matrix-org/synapse,random,synapse/handlers/appservice.py,synapse/util/httpresourcetree.py,0,0,0,0,0,0,2
matrix-org__synapse-8744,matrix-org/synapse,random,synapse/handlers/appservice.py,synapse/storage/databases/main/room.py,0,0,0,0,0,0,2
matrix-org__synapse-8744,matrix-org/synapse,random,synapse/handlers/appservice.py,synapse/replication/tcp/commands.py,0,0,0,0,0,0,3
matrix-org__synapse-8744,matrix-org/synapse,random,synapse/handlers/appservice.py,synapse/handlers/device.py,1,1,0,0,0,0,2
matrix-org__synapse-8744,matrix-org/synapse,random,synapse/handlers/appservice.py,synapse/api/filtering.py,0,0,0,1,0,0,2
matrix-org__synapse-8744,matrix-org/synapse,gold-other,synapse/handlers/receipts.py,synapse/handlers/appservice.py,1,1,0,1,1,0,2
matrix-org__synapse-8744,matrix-org/synapse,gold-other,synapse/handlers/receipts.py,synapse/storage/databases/main/receipts.py,0,0,0,1,1,0,2
matrix-org__synapse-8744,matrix-org/synapse,gold-other,synapse/storage/databases/main/receipts.py,synapse/handlers/appservice.py,0,0,0,0,0,0,2
matrix-org__synapse-8744,matrix-org/synapse,gold-other,synapse/storage/databases/main/receipts.py,synapse/handlers/receipts.py,0,0,0,1,1,0,2
NVIDIA__NeMo-9100,NVIDIA/NeMo,gold,nemo/collections/asr/parts/submodules/ctc_decoding.py,nemo/collections/asr/parts/submodules/ctc_greedy_decoding.py,1,1,1,0,1,1,1
NVIDIA__NeMo-9100,NVIDIA/NeMo,random,nemo/collections/asr/parts/submodules/ctc_decoding.py,nemo/collections/common/data/lhotse/cutset.py,0,1,0,0,0,0,3
NVIDIA__NeMo-9100,NVIDIA/NeMo,random,nemo/collections/asr/parts/submodules/ctc_decoding.py,nemo/collections/multimodal/models/nerf/base.py,0,1,0,0,0,0,3
NVIDIA__NeMo-9100,NVIDIA/NeMo,random,nemo/collections/asr/parts/submodules/ctc_decoding.py,nemo/collections/multimodal/modules/stable_diffusion/diffusionmodules/loss.py,0,1,0,0,0,0,3
NVIDIA__NeMo-9100,NVIDIA/NeMo,random,nemo/collections/asr/parts/submodules/ctc_decoding.py,examples/nlp/question_answering/convert_msmarco_to_squad_format.py,0,0,0,0,0,0,inf
NVIDIA__NeMo-9100,NVIDIA/NeMo,random,nemo/collections/asr/parts/submodules/ctc_decoding.py,nemo/collections/asr/losses/audio_losses.py,0,1,0,1,0,0,2
NVIDIA__NeMo-9100,NVIDIA/NeMo,random,nemo/collections/asr/parts/submodules/ctc_decoding.py,scripts/dataset_processing/tts/libritts/get_data.py,0,0,0,0,0,0,inf
NVIDIA__NeMo-9100,NVIDIA/NeMo,random,nemo/collections/asr/parts/submodules/ctc_decoding.py,nemo/collections/multimodal/modules/nerf/geometry/layers.py,0,1,0,1,0,0,11
NVIDIA__NeMo-9100,NVIDIA/NeMo,random,nemo/collections/asr/parts/submodules/ctc_decoding.py,nemo/deploy/__init__.py,0,0,0,0,0,0,4
NVIDIA__NeMo-9100,NVIDIA/NeMo,random,nemo/collections/asr/parts/submodules/ctc_decoding.py,nemo/collections/multimodal/parts/__init__.py,0,1,0,0,0,0,inf
NVIDIA__NeMo-9100,NVIDIA/NeMo,random,nemo/collections/asr/parts/submodules/ctc_decoding.py,scripts/nlp_language_modeling/build_retrieval_index.py,0,0,0,0,0,0,2
NVIDIA__NeMo-9100,NVIDIA/NeMo,gold-other,nemo/collections/asr/parts/submodules/ctc_greedy_decoding.py,nemo/collections/asr/parts/submodules/ctc_decoding.py,1,1,1,0,1,1,1
scikit-learn__scikit-learn-30327,scikit-learn/scikit-learn,random,sklearn/base.py,examples/gaussian_process/plot_gpc_isoprobability.py,0,0,0,0,0,0,2
scikit-learn__scikit-learn-30327,scikit-learn/scikit-learn,random,sklearn/base.py,examples/feature_selection/plot_f_test_vs_mi.py,0,0,0,0,0,0,2
scikit-learn__scikit-learn-30327,scikit-learn/scikit-learn,random,sklearn/base.py,sklearn/manifold/__init__.py,0,0,0,0,0,1,2
scikit-learn__scikit-learn-30327,scikit-learn/scikit-learn,random,sklearn/base.py,sklearn/inspection/_partial_dependence.py,0,0,1,0,1,1,1
scikit-learn__scikit-learn-30327,scikit-learn/scikit-learn,random,sklearn/base.py,sklearn/inspection/__init__.py,0,0,0,0,0,1,2
scikit-learn__scikit-learn-30327,scikit-learn/scikit-learn,random,sklearn/base.py,sklearn/gaussian_process/_gpr.py,0,0,1,0,1,0,1
scikit-learn__scikit-learn-30327,scikit-learn/scikit-learn,random,sklearn/base.py,sklearn/compose/__init__.py,0,0,0,0,0,1,2
scikit-learn__scikit-learn-30327,scikit-learn/scikit-learn,random,sklearn/base.py,sklearn/ensemble/_hist_gradient_boosting/binning.py,0,0,1,0,1,1,1
scikit-learn__scikit-learn-30327,scikit-learn/scikit-learn,random,sklearn/base.py,examples/cluster/plot_ward_structured_vs_unstructured.py,0,0,0,0,0,0,2
scikit-learn__scikit-learn-30327,scikit-learn/scikit-learn,random,sklearn/base.py,examples/linear_model/plot_sgdocsvm_vs_ocsvm.py,0,0,0,0,0,0,2
scikit-learn__scikit-learn-30327,scikit-learn/scikit-learn,random,sklearn/utils/_tags.py,sklearn/_build_utils/tempita.py,0,0,0,0,0,0,inf
scikit-learn__scikit-learn-30327,scikit-learn/scikit-learn,random,sklearn/utils/_tags.py,examples/linear_model/plot_multi_task_lasso_support.py,0,0,0,0,0,0,3
scikit-learn__scikit-learn-30327,scikit-learn/scikit-learn,random,sklearn/utils/_tags.py,examples/cluster/plot_linkage_comparison.py,0,0,0,0,0,0,3
scikit-learn__scikit-learn-30327,scikit-learn/scikit-learn,random,sklearn/utils/_tags.py,sklearn/utils/metadata_routing.py,1,1,0,0,0,0,2
scikit-learn__scikit-learn-30327,scikit-learn/scikit-learn,random,sklearn/utils/_tags.py,sklearn/datasets/_covtype.py,0,0,0,0,0,0,2
scikit-learn__scikit-learn-30327,scikit-learn/scikit-learn,random,sklearn/utils/_tags.py,benchmarks/bench_plot_polynomial_kernel_approximation.py,0,0,0,0,0,0,2
scikit-learn__scikit-learn-30327,scikit-learn/scikit-learn,random,sklearn/utils/_tags.py,sklearn/utils/_plotting.py,1,1,0,0,0,0,2
scikit-learn__scikit-learn-30327,scikit-learn/scikit-learn,random,sklearn/utils/_tags.py,examples/model_selection/plot_grid_search_digits.py,0,0,0,0,0,0,2
scikit-learn__scikit-learn-30327,scikit-learn/scikit-learn,random,sklearn/utils/_tags.py,examples/feature_selection/plot_feature_selection_pipeline.py,0,0,0,0,0,0,2
scikit-learn__scikit-learn-30327,scikit-learn/scikit-learn,random,sklearn/utils/_tags.py,examples/model_selection/plot_likelihood_ratios.py,0,0,0,0,0,0,3
scikit-learn__scikit-learn-30327,scikit-learn/scikit-learn,gold-other,sklearn/base.py,sklearn/utils/_tags.py,0,0,1,0,1,1,1
scikit-learn__scikit-learn-30327,scikit-learn/scikit-learn,gold-other,sklearn/utils/_tags.py,sklearn/base.py,0,0,1,0,1,1,1
django__django-18854,django/django,random,django/contrib/postgres/fields/array.py,django/conf/locale/km/__init__.py,0,0,0,0,0,0,inf
django__django-18854,django/django,random,django/contrib/postgres/fields/array.py,django/contrib/gis/geos/linestring.py,0,1,0,1,1,0,3
django__django-18854,django/django,random,django/contrib/postgres/fields/array.py,django/contrib/gis/gdal/raster/const.py,0,1,0,0,0,0,4
django__django-18854,django/django,random,django/contrib/postgres/fields/array.py,scripts/manage_translations.py,0,0,0,1,0,0,3
django__django-18854,django/django,random,django/contrib/postgres/fields/array.py,django/conf/locale/el/__init__.py,0,0,0,0,0,0,inf
django__django-18854,django/django,random,django/contrib/postgres/fields/array.py,django/contrib/messages/middleware.py,0,1,0,0,0,0,3
django__django-18854,django/django,random,django/contrib/postgres/fields/array.py,django/db/backends/sqlite3/client.py,0,0,0,0,0,0,3
django__django-18854,django/django,random,django/contrib/postgres/fields/array.py,django/core/mail/message.py,0,0,0,0,0,0,3
django__django-18854,django/django,random,django/contrib/postgres/fields/array.py,django/contrib/gis/gdal/prototypes/__init__.py,0,1,0,0,0,0,inf
django__django-18854,django/django,random,django/contrib/postgres/fields/array.py,django/contrib/gis/db/models/functions.py,0,1,0,1,1,0,2
django__django-18854,django/django,random,django/contrib/postgres/fields/hstore.py,django/contrib/gis/db/backends/base/operations.py,0,1,0,1,0,0,3
django__django-18854,django/django,random,django/contrib/postgres/fields/hstore.py,django/contrib/gis/feeds.py,0,1,0,0,0,0,3
django__django-18854,django/django,random,django/contrib/postgres/fields/hstore.py,django/contrib/gis/sitemaps/kml.py,0,1,0,1,1,0,2
django__django-18854,django/django,random,django/contrib/postgres/fields/hstore.py,django/conf/locale/lv/__init__.py,0,0,0,0,0,0,inf
django__django-18854,django/django,random,django/contrib/postgres/fields/hstore.py,django/conf/locale/th/__init__.py,0,0,0,0,0,0,inf
django__django-18854,django/django,random,django/contrib/postgres/fields/hstore.py,django/contrib/gis/db/models/fields.py,0,1,0,1,1,0,2
django__django-18854,django/django,random,django/contrib/postgres/fields/hstore.py,django/db/models/sql/compiler.py,0,0,0,1,1,0,2
django__django-18854,django/django,random,django/contrib/postgres/fields/hstore.py,django/core/checks/registry.py,0,0,0,0,0,0,3
django__django-18854,django/django,random,django/contrib/postgres/fields/hstore.py,django/contrib/staticfiles/testing.py,0,1,0,0,0,0,3
django__django-18854,django/django,random,django/contrib/postgres/fields/hstore.py,django/core/management/base.py,0,0,0,1,0,0,2
django__django-18854,django/django,gold-other,django/contrib/postgres/fields/array.py,django/contrib/postgres/fields/hstore.py,1,1,1,0,1,0,1
django__django-18854,django/django,gold-other,django/contrib/postgres/fields/hstore.py,django/contrib/postgres/fields/array.py,1,1,1,0,1,0,1
tobymao__sqlglot-4434,tobymao/sqlglot,random,sqlglot/dialects/snowflake.py,sqlglot/optimizer/eliminate_joins.py,0,0,0,0,0,0,3
tobymao__sqlglot-4434,tobymao/sqlglot,random,sqlglot/dialects/snowflake.py,sqlglot/executor/__init__.py,0,0,0,0,0,0,2
tobymao__sqlglot-4434,tobymao/sqlglot,random,sqlglot/dialects/snowflake.py,sqlglot/optimizer/normalize_identifiers.py,0,0,0,0,0,0,2
tobymao__sqlglot-4434,tobymao/sqlglot,random,sqlglot/dialects/snowflake.py,sqlglot/optimizer/pushdown_projections.py,0,0,0,0,0,0,2
tobymao__sqlglot-4434,tobymao/sqlglot,random,sqlglot/dialects/snowflake.py,sqlglot/executor/python.py,0,0,0,1,1,0,2
tobymao__sqlglot-4434,tobymao/sqlglot,random,sqlglot/dialects/snowflake.py,sqlglot/optimizer/normalize.py,0,0,0,1,0,0,2
tobymao__sqlglot-4434,tobymao/sqlglot,random,sqlglot/dialects/snowflake.py,sqlglot/dialects/starrocks.py,1,1,0,0,0,0,2
tobymao__sqlglot-4434,tobymao/sqlglot,random,sqlglot/dialects/snowflake.py,sqlglot/dialects/doris.py,1,1,0,0,0,0,2
tobymao__sqlglot-4434,tobymao/sqlglot,random,sqlglot/dialects/snowflake.py,sqlglot/tokens.py,0,0,1,0,1,0,1
tobymao__sqlglot-4434,tobymao/sqlglot,random,sqlglot/dialects/snowflake.py,sqlglot/dialects/duckdb.py,1,1,0,1,1,0,2
tobymao__sqlglot-4434,tobymao/sqlglot,random,sqlglot/expressions.py,sqlglot/optimizer/simplify.py,0,0,0,1,1,0,2
tobymao__sqlglot-4434,tobymao/sqlglot,random,sqlglot/expressions.py,sqlglot/dialects/oracle.py,0,0,0,1,1,0,2
tobymao__sqlglot-4434,tobymao/sqlglot,random,sqlglot/expressions.py,sqlglot/dialects/trino.py,0,0,0,1,1,0,2
tobymao__sqlglot-4434,tobymao/sqlglot,random,sqlglot/expressions.py,sqlglot/optimizer/normalize.py,0,0,0,1,1,0,2
tobymao__sqlglot-4434,tobymao/sqlglot,random,sqlglot/expressions.py,sqlglot/optimizer/qualify_tables.py,0,0,0,1,1,0,2
tobymao__sqlglot-4434,tobymao/sqlglot,random,sqlglot/expressions.py,sqlglot/dialects/databricks.py,0,0,0,1,1,0,2
tobymao__sqlglot-4434,tobymao/sqlglot,random,sqlglot/expressions.py,sqlglot/dialects/mysql.py,0,0,0,1,1,1,2
tobymao__sqlglot-4434,tobymao/sqlglot,random,sqlglot/expressions.py,sqlglot/tokens.py,1,1,1,0,1,1,1
tobymao__sqlglot-4434,tobymao/sqlglot,random,sqlglot/expressions.py,sqlglot/schema.py,1,1,1,0,1,1,1
tobymao__sqlglot-4434,tobymao/sqlglot,random,sqlglot/expressions.py,sqlglot/helper.py,1,1,1,0,1,0,1
tobymao__sqlglot-4434,tobymao/sqlglot,random,sqlglot/generator.py,sqlglot/optimizer/qualify.py,0,0,0,1,0,0,2
tobymao__sqlglot-4434,tobymao/sqlglot,random,sqlglot/generator.py,sqlglot/dialects/presto.py,0,0,1,0,1,0,1
tobymao__sqlglot-4434,tobymao/sqlglot,random,sqlglot/generator.py,setup.py,0,0,0,0,0,0,inf
tobymao__sqlglot-4434,tobymao/sqlglot,random,sqlglot/generator.py,sqlglot/errors.py,1,1,1,0,1,0,1
tobymao__sqlglot-4434,tobymao/sqlglot,random,sqlglot/generator.py,sqlglot/diff.py,1,1,0,1,1,1,2
tobymao__sqlglot-4434,tobymao/sqlglot,random,sqlglot/generator.py,sqlglot/dialects/oracle.py,0,0,1,0,1,0,1
tobymao__sqlglot-4434,tobymao/sqlglot,random,sqlglot/generator.py,sqlglot/dialects/materialize.py,0,0,0,1,1,0,2
tobymao__sqlglot-4434,tobymao/sqlglot,random,sqlglot/generator.py,sqlglot/jsonpath.py,1,1,1,0,1,0,1
tobymao__sqlglot-4434,tobymao/sqlglot,random,sqlglot/generator.py,sqlglot/optimizer/pushdown_projections.py,0,0,0,0,0,0,2
tobymao__sqlglot-4434,tobymao/sqlglot,random,sqlglot/generator.py,sqlglot/optimizer/qualify_tables.py,0,0,0,1,0,0,2
tobymao__sqlglot-4434,tobymao/sqlglot,random,sqlglot/parser.py,sqlglot/tokens.py,1,1,1,0,1,1,1
tobymao__sqlglot-4434,tobymao/sqlglot,random,sqlglot/parser.py,benchmarks/helpers.py,0,0,0,0,0,0,inf
tobymao__sqlglot-4434,tobymao/sqlglot,random,sqlglot/parser.py,sqlglot/dialects/doris.py,0,0,0,1,0,0,2
tobymao__sqlglot-4434,tobymao/sqlglot,random,sqlglot/parser.py,sqlglot/dialects/redshift.py,0,0,1,0,1,0,1
tobymao__sqlglot-4434,tobymao/sqlglot,random,sqlglot/parser.py,sqlglot/dialects/oracle.py,0,0,1,0,1,0,1
tobymao__sqlglot-4434,tobymao/sqlglot,random,sqlglot/parser.py,sqlglot/dialects/prql.py,0,0,1,0,1,0,1
tobymao__sqlglot-4434,tobymao/sqlglot,random,sqlglot/parser.py,sqlglot/optimizer/qualify.py,0,0,0,1,0,0,2
tobymao__sqlglot-4434,tobymao/sqlglot,random,sqlglot/parser.py,sqlglot/optimizer/pushdown_predicates.py,0,0,0,1,0,0,2
tobymao__sqlglot-4434,tobymao/sqlglot,random,sqlglot/parser.py,sqlglot/dialects/sqlite.py,0,0,1,0,1,0,1
tobymao__sqlglot-4434,tobymao/sqlglot,random,sqlglot/parser.py,sqlglot/optimizer/unnest_subqueries.py,0,0,0,1,0,0,2
tobymao__sqlglot-4434,tobymao/sqlglot,gold-other,sqlglot/dialects/snowflake.py,sqlglot/expressions.py,0,0,0,1,1,0,2
tobymao__sqlglot-4434,tobymao/sqlglot,gold-other,sqlglot/dialects/snowflake.py,sqlglot/generator.py,0,0,1,0,1,0,1
tobymao__sqlglot-4434,tobymao/sqlglot,gold-other,sqlglot/dialects/snowflake.py,sqlglot/parser.py,0,0,1,0,1,1,1
tobymao__sqlglot-4434,tobymao/sqlglot,gold-other,sqlglot/expressions.py,sqlglot/dialects/snowflake.py,0,0,0,1,1,0,2
tobymao__sqlglot-4434,tobymao/sqlglot,gold-other,sqlglot/expressions.py,sqlglot/generator.py,1,1,0,1,1,0,2
tobymao__sqlglot-4434,tobymao/sqlglot,gold-other,sqlglot/expressions.py,sqlglot/parser.py,1,1,0,1,1,1,2
tobymao__sqlglot-4434,tobymao/sqlglot,gold-other,sqlglot/generator.py,sqlglot/dialects/snowflake.py,0,0,1,0,1,0,1
tobymao__sqlglot-4434,tobymao/sqlglot,gold-other,sqlglot/generator.py,sqlglot/expressions.py,1,1,0,1,1,0,2
tobymao__sqlglot-4434,tobymao/sqlglot,gold-other,sqlglot/generator.py,sqlglot/parser.py,1,1,0,1,1,0,2
tobymao__sqlglot-4434,tobymao/sqlglot,gold-other,sqlglot/parser.py,sqlglot/dialects/snowflake.py,0,0,1,0,1,1,1
tobymao__sqlglot-4434,tobymao/sqlglot,gold-other,sqlglot/parser.py,sqlglot/expressions.py,1,1,0,1,1,1,2
tobymao__sqlglot-4434,tobymao/sqlglot,gold-other,sqlglot/parser.py,sqlglot/generator.py,1,1,0,1,1,0,2
